#
# A fatal error has been detected by the Java Runtime Environment:
#
#  EXCEPTION_ACCESS_VIOLATION (0xc0000005) at pc=0x00007ffc258f6399, pid=3084, tid=3316
#
# JRE version: OpenJDK Runtime Environment Microsoft-11369865 (17.0.15+6) (build 17.0.15+6-LTS)
# Java VM: OpenJDK 64-Bit Server VM Microsoft-11369865 (17.0.15+6-LTS, mixed mode, tiered, compressed class ptrs, z gc, windows-amd64)
# Problematic frame:
# C  [ig11icd64.dll+0x716399]
#
# No core dump will be written. Minidumps are not enabled by default on client versions of Windows
#
# If you would like to submit a bug report, please visit:
#   https://aka.ms/minecraftjavacrashes
# The crash happened outside the Java Virtual Machine in native code.
# See problematic frame for where to report the bug.
#

---------------  S U M M A R Y ------------

Command Line: -Duser.language=en -XX:HeapDumpPath=MojangTricksIntelDriversForPerformance_javaw.exe_minecraft.exe.heapdump -Xms512m -Xmx4096m -XX:+ParallelRefProcEnabled -XX:+AlwaysPreTouch -XX:+PerfDisableSharedMem -XX:+UseZGC -XX:-ZUncommit -Djava.library.path=C:/Users/Surface/AppData/Roaming/ElyPrismLauncher/instances/BiotechS/natives org.prismlauncher.EntryPoint

Host: Intel(R) Core(TM) i5-1035G7 CPU @ 1.20GHz, 8 cores, 7G,  Windows 11 , 64 bit Build 26100 (10.0.26100.8328)
Time: Sat May 30 18:43:04 2026 SE Asia Standard Time elapsed time: 6995.199976 seconds (0d 1h 56m 35s)

---------------  T H R E A D  ---------------

Current thread (0x000001b9373882f0):  JavaThread "Render thread" [_thread_in_native, id=3316, stack(0x0000008c8e500000,0x0000008c8e600000)]

Stack: [0x0000008c8e500000,0x0000008c8e600000],  sp=0x0000008c8e5fceb0,  free space=1011k
Native frames: (J=compiled Java code, j=interpreted, Vv=VM code, C=native code)
C  [ig11icd64.dll+0x716399]

Java frames: (J=compiled Java code, j=interpreted, Vv=VM code)
J 22810  org.lwjgl.opengl.GL11C.nglTexSubImage2D(IIIIIIIIJ)V (0 bytes) @ 0x000001b943915e35 [0x000001b943915da0+0x0000000000000095]
J 68558 c2 xaero.map.graphics.TextureUpload$SubsequentNormal.upload()V (43 bytes) @ 0x000001b94644c408 [0x000001b94644c3a0+0x0000000000000068]
J 70482 c2 xaero.map.graphics.TextureUploader.finishNewestRequestImmediately()V (34 bytes) @ 0x000001b9467af828 [0x000001b9467af640+0x00000000000001e8]
J 67044 c2 xaero.map.region.texture.RegionTexture.uploadBufferHelper(Lxaero/map/highlight/DimensionHighlighterHandler;Lxaero/map/graphics/TextureUploader;Lxaero/map/region/LeveledRegion;Lxaero/map/region/texture/BranchTextureRenderer;Z)J (487 bytes) @ 0x000001b946321130 [0x000001b94631ff20+0x0000000000001210]
J 70044 c2 xaero.map.MapProcessor.onRenderProcess(Lnet/minecraft/class_310;)V (1133 bytes) @ 0x000001b945c815e4 [0x000001b945c7f8a0+0x0000000000001d44]
J 70074 c2 xaero.map.events.ClientEvents.handleRenderTick(Z)Z (205 bytes) @ 0x000001b9453f14b0 [0x000001b9453f0b60+0x0000000000000950]
J 56389 c2 net.minecraft.class_757.handler$lfd002$xaeroworldmap$onRenderEnd(FJZLorg/spongepowered/asm/mixin/injection/callback/CallbackInfo;)V (59 bytes) @ 0x000001b9452fdf34 [0x000001b9452fdec0+0x0000000000000074]
J 70307 c2 net.minecraft.class_757.method_3192(FJZ)V (1293 bytes) @ 0x000001b945ebf654 [0x000001b945ebd8a0+0x0000000000001db4]
J 70247 c2 net.minecraft.class_310.method_1523(Z)V (1179 bytes) @ 0x000001b9466f24e8 [0x000001b9466f0dc0+0x0000000000001728]
J 72266% c2 net.minecraft.class_310.method_1514()V (281 bytes) @ 0x000001b946a8d828 [0x000001b946a8d6e0+0x0000000000000148]
j  net.minecraft.client.main.Main.main([Ljava/lang/String;)V+1545
j  java.lang.invoke.LambdaForm$DMH+0x00000000800c2400.invokeStaticInit(Ljava/lang/Object;Ljava/lang/Object;)V+10 java.base@17.0.15
j  java.lang.invoke.LambdaForm$MH+0x00000000800c2c00.invokeExact_MT(Ljava/lang/Object;Ljava/lang/Object;Ljava/lang/Object;)V+19 java.base@17.0.15
j  net.fabricmc.loader.impl.game.minecraft.MinecraftGameProvider.launch(Ljava/lang/ClassLoader;)V+74
j  net.fabricmc.loader.impl.launch.knot.Knot.launch([Ljava/lang/String;Lnet/fabricmc/api/EnvType;)V+40
j  net.fabricmc.loader.impl.launch.knot.KnotClient.main([Ljava/lang/String;)V+4
j  java.lang.invoke.LambdaForm$DMH+0x00000000800c2400.invokeStaticInit(Ljava/lang/Object;Ljava/lang/Object;)V+10 java.base@17.0.15
j  java.lang.invoke.LambdaForm$MH+0x00000000800c2c00.invokeExact_MT(Ljava/lang/Object;Ljava/lang/Object;Ljava/lang/Object;)V+19 java.base@17.0.15
j  org.prismlauncher.launcher.impl.StandardLauncher.launch()V+326
j  org.prismlauncher.EntryPoint.listen()Lorg/prismlauncher/EntryPoint$ExitCode;+288
j  org.prismlauncher.EntryPoint.main([Ljava/lang/String;)V+0
v  ~StubRoutines::call_stub

siginfo: EXCEPTION_ACCESS_VIOLATION (0xc0000005), writing address 0x000001bbcb120000


Registers:
RAX=0x000001bbcb11ffe4, RBX=0x0000008c8e5fdda0, RCX=0x000001b91bb9f0c0, RDX=0x0000008c8e5fdf40
RSP=0x0000008c8e5fceb0, RBP=0x0000008c8e5fd230, RSI=0x0000000000000000, RDI=0x0000000000000000
R8 =0x000000000003ffe4, R9 =0x000001b91bbd4868, R10=0x000001b91bb9f0c0, R11=0x0000008c8e5fd120
R12=0x000001b91bbd3c20, R13=0x0000000000000000, R14=0x000001b91bb9f0c0, R15=0x000001b91bbd95f0
RIP=0x00007ffc258f6399, EFLAGS=0x0000000000010202

XMM[0]=0x3f8000003f800000 0x4280000042800000
XMM[1]=0x4280000000000000 0x0000000000000000
XMM[2]=0x042021000000000b 0x0420210000780000
XMM[3]=0x0000000000000000 0x0000000000000000
XMM[4]=0x0000000000000000 0x0000000000000000
XMM[5]=0x0000000178490001 0x0000000000000000
XMM[6]=0x0000000000000000 0x0000000000000000
XMM[7]=0x0000000000000000 0x000000003f000000
XMM[8]=0x0000000000000000 0x00000000c28a0000
XMM[9]=0x0000000000000000 0x000000003f800000
XMM[10]=0x0000000000000000 0x0000000000000000
XMM[11]=0x0000000000000000 0x000000003f800000
XMM[12]=0x0000000000000000 0x0000000000000000
XMM[13]=0x0000000000000000 0x0000000000000000
XMM[14]=0x0000000000000000 0x0000000000000000
XMM[15]=0x0000000000000000 0x000000003f800000
  MXCSR=0x00001fbf


Register to memory mapping:

RIP=0x00007ffc258f6399 ig11icd64.dll
RAX=0x000001bbcb11ffe4 points into unknown readable memory: 00 00 80 42
RBX=0x0000008c8e5fdda0 is pointing into the stack for thread: 0x000001b9373882f0
RCX=0x000001b91bb9f0c0 points into unknown readable memory: 0x000001b91b9b3380 | 80 33 9b 1b b9 01 00 00
RDX=0x0000008c8e5fdf40 is pointing into the stack for thread: 0x000001b9373882f0
RSP=0x0000008c8e5fceb0 is pointing into the stack for thread: 0x000001b9373882f0
RBP=0x0000008c8e5fd230 is pointing into the stack for thread: 0x000001b9373882f0
RSI=0x0 is NULL
RDI=0x0 is NULL
R8 =0x000000000003ffe4 is an unknown value
R9 =0x000001b91bbd4868 points into unknown readable memory: 0x0000000001f9a669 | 69 a6 f9 01 00 00 00 00
R10=0x000001b91bb9f0c0 points into unknown readable memory: 0x000001b91b9b3380 | 80 33 9b 1b b9 01 00 00
R11=0x0000008c8e5fd120 is pointing into the stack for thread: 0x000001b9373882f0
R12=0x000001b91bbd3c20 points into unknown readable memory: 0x000001b9067210c0 | c0 10 72 06 b9 01 00 00
R13=0x0 is NULL
R14=0x000001b91bb9f0c0 points into unknown readable memory: 0x000001b91b9b3380 | 80 33 9b 1b b9 01 00 00
R15=0x000001b91bbd95f0 points into unknown readable memory: 0x0000000300000001 | 01 00 00 00 03 00 00 00


Top of Stack: (sp=0x0000008c8e5fceb0)
0x0000008c8e5fceb0:   000001b91bbd8318 0000000000000000
0x0000008c8e5fcec0:   0004400000000000 0000000000000000
0x0000008c8e5fced0:   0000000000000000 0000000000000000
0x0000008c8e5fcee0:   000001bc23f05c80 0000000000000000
0x0000008c8e5fcef0:   0000000000000000 0000000000000000
0x0000008c8e5fcf00:   0000000000000000 0000000000000000
0x0000008c8e5fcf10:   000001bbf33f64e0 0000000000000002
0x0000008c8e5fcf20:   0000800401fa0000 000001bbd50ebc70
0x0000008c8e5fcf30:   000001b90b917650 000001b91bbd9610
0x0000008c8e5fcf40:   000001b91c36b5d0 000001b90b612320
0x0000008c8e5fcf50:   0000000000006000 000001b927720000
0x0000008c8e5fcf60:   0000000000000002 000001b90b612320
0x0000008c8e5fcf70:   000000001f800000 000001b91bbd4660
0x0000008c8e5fcf80:   0000000000000600 0000008c8e5fd0e0
0x0000008c8e5fcf90:   000001b90ffe26b0 00007ffc2520c452
0x0000008c8e5fcfa0:   0000000000000000 000000000000002e
0x0000008c8e5fcfb0:   0000000000000002 000000001f800000
0x0000008c8e5fcfc0:   ffff800100006000 0000008c8e5fd0e0
0x0000008c8e5fcfd0:   000001b912ccbc60 00007ffc258f596a
0x0000008c8e5fcfe0:   000001b91bb9f0c0 000001b91c36b5d0
0x0000008c8e5fcff0:   0000000020000000 0000000020000000
0x0000008c8e5fd000:   000000000000002e 0000000020000000
0x0000008c8e5fd010:   00000000000002c0 0000000000011ee8
0x0000008c8e5fd020:   0000000080000100 0000008c8e5fde40
0x0000008c8e5fd030:   0000000020000000 0000000020000000
0x0000008c8e5fd040:   0000000020000000 0000000020000000
0x0000008c8e5fd050:   000000007820000a 000c000000000000
0x0000008c8e5fd060:   0000000000000000 00040b061f800007
0x0000008c8e5fd070:   00000000000000c0 00000000000002c0
0x0000008c8e5fd080:   0000098478140000 00007ffc25263e18
0x0000008c8e5fd090:   0001a341780e0000 000001b900000000
0x0000008c8e5fd0a0:   41084200784d0000 0000000000000000 

Instructions: (pc=0x00007ffc258f6399)
0x00007ffc258f6299:   41 10 0f 84 96 00 00 00 49 8b 81 00 50 03 00 48
0x00007ffc258f62a9:   8b 48 18 8b 50 28 48 85 c9 74 27 48 03 ca 48 81
0x00007ffc258f62b9:   f9 00 10 00 00 76 17 0f 28 05 a9 a5 91 00 0f 11
0x00007ffc258f62c9:   01 f2 0f 10 0d ae a5 91 00 f2 0f 11 49 10 83 40
0x00007ffc258f62d9:   28 18 49 8b 89 00 50 03 00 4d 8b 83 d8 08 00 00
0x00007ffc258f62e9:   48 03 51 18 49 89 48 18 41 c7 40 10 18 00 00 00
0x00007ffc258f62f9:   49 c7 00 00 00 00 00 4d 89 83 90 08 00 00 49 89
0x00007ffc258f6309:   50 08 49 8b 81 90 88 03 00 8b 08 49 8b 83 e0 08
0x00007ffc258f6319:   00 00 41 89 8b e8 08 00 00 49 8b 8b d8 08 00 00
0x00007ffc258f6329:   49 89 8b e0 08 00 00 49 89 83 d8 08 00 00 44 88
0x00007ffc258f6339:   93 08 48 01 00 48 8b 1c 24 48 83 c4 08 c3 cc cc
0x00007ffc258f6349:   cc cc cc cc cc cc cc 48 81 ec 78 02 00 00 48 8b
0x00007ffc258f6359:   05 ba d3 82 00 48 33 c4 48 89 84 24 60 02 00 00
0x00007ffc258f6369:   48 8b 81 70 54 03 00 4c 8b d1 48 85 c0 74 48 44
0x00007ffc258f6379:   8b 81 7c 54 03 00 49 03 c0 48 3d 00 10 00 00 76
0x00007ffc258f6389:   2d 48 85 d2 74 28 0f 10 02 0f 11 00 0f 10 4a 10
0x00007ffc258f6399:   0f 11 48 10 0f 10 42 20 0f 11 40 20 0f 10 4a 30
0x00007ffc258f63a9:   0f 11 48 30 f2 0f 10 42 40 f2 0f 11 40 40 83 81
0x00007ffc258f63b9:   7c 54 03 00 48 eb 03 45 33 c0 80 b9 89 c0 02 00
0x00007ffc258f63c9:   00 74 11 41 8b c0 48 03 81 70 54 03 00 48 89 81
0x00007ffc258f63d9:   b8 c0 02 00 48 8d 54 24 40 b9 04 00 00 00 48 8d
0x00007ffc258f63e9:   05 b2 9c 91 00 66 90 48 8d 92 80 00 00 00 0f 10
0x00007ffc258f63f9:   00 0f 10 48 10 48 8d 80 80 00 00 00 0f 11 42 80
0x00007ffc258f6409:   0f 10 40 a0 0f 11 4a 90 0f 10 48 b0 0f 11 42 a0
0x00007ffc258f6419:   0f 10 40 c0 0f 11 4a b0 0f 10 48 d0 0f 11 42 c0
0x00007ffc258f6429:   0f 10 40 e0 0f 11 4a d0 0f 10 48 f0 0f 11 42 e0
0x00007ffc258f6439:   0f 11 4a f0 48 83 e9 01 75 ad 8b 48 10 0f 10 00
0x00007ffc258f6449:   0f 11 02 89 4a 10 48 8b 44 24 40 49 8b 8a 00 50
0x00007ffc258f6459:   03 00 48 c1 e8 20 25 18 f0 ff ff c6 44 24 40 03
0x00007ffc258f6469:   83 c8 18 44 8b 49 28 89 44 24 44 48 8b 41 18 48
0x00007ffc258f6479:   85 c0 74 1e 49 03 c1 48 3d 00 10 00 00 76 0f 0f
0x00007ffc258f6489:   28 44 24 40 0f 11 00 c7 40 10 48 00 00 00 83 41 


Stack slot to memory mapping:
stack at sp + 0 slots: 0x000001b91bbd8318 points into unknown readable memory: 0x0000000000000001 | 01 00 00 00 00 00 00 00
stack at sp + 1 slots: 0x0 is NULL
stack at sp + 2 slots: 0x0004400000000000 is an unknown value
stack at sp + 3 slots: 0x0 is NULL
stack at sp + 4 slots: 0x0 is NULL
stack at sp + 5 slots: 0x0 is NULL
stack at sp + 6 slots: 0x000001bc23f05c80 points into unknown readable memory: 0x0000000000000000 | 00 00 00 00 00 00 00 00
stack at sp + 7 slots: 0x0 is NULL


Compiled method (n/a) 6995663 22810     n 0       org.lwjgl.opengl.GL11C::nglTexSubImage2D (native)
 total in heap  [0x000001b943915c10,0x000001b943916010] = 1024
 relocation     [0x000001b943915d68,0x000001b943915da0] = 56
 main code      [0x000001b943915da0,0x000001b943916008] = 616
 oops           [0x000001b943916008,0x000001b943916010] = 8

[Constant Pool (empty)]

[MachCode]
[Entry Point]
  # {method} {0x000001b924c562d8} 'nglTexSubImage2D' '(IIIIIIIIJ)V' in 'org/lwjgl/opengl/GL11C'
  # parm0:    rdx       = int
  # parm1:    r8        = int
  # parm2:    r9        = int
  # parm3:    rdi       = int
  # parm4:    rsi       = int
  # parm5:    rcx       = int
  # parm6:    [sp+0xb0]   = int  (sp of caller)
  # parm7:    [sp+0xb8]   = int
  # parm8:    [sp+0xc0]   = long
  0x000001b943915da0: 448b 5208 | 493b c20f | 840b 0000 

  0x000001b943915dac: ;   {runtime_call ic_miss_stub}
  0x000001b943915dac: 00e9 ceb7 | 7afe 660f | 1f44 0000 
[Verified Entry Point]
  0x000001b943915db8: 8984 2400 | 90ff ff55 | 488b ec48 | 81ec a000 | 0000 660f | 1f44 0000 | 4181 7f24 | 0038 0000 
  0x000001b943915dd8: 0f84 0500 

  0x000001b943915ddc: ;   {runtime_call StubRoutines (2)}
  0x000001b943915ddc: 0000 e89d | d479 fe48 | 8b45 2048 | 8944 2450 | 4863 4518 | 4889 4424 | 4848 6345 | 1048 8944 
  0x000001b943915dfc: 2440 4889 | 4c24 3848 | 8974 2430 | 4889 7c24 | 284c 894c | 2420 4d8b | c84c 8bc2 

  0x000001b943915e18: ;   {oop(a 'java/lang/Class'{0x0000040063c69de8} = 'org/lwjgl/opengl/GL11C')}
  0x000001b943915e18: 49be e89d | c663 0004 | 0000 4c89 | b424 8800 | 0000 4c8d | b424 8800 | 0000 498b | d6c5 f877 
  0x000001b943915e38: ;   {internal_word}
  0x000001b943915e38: 49ba 355e | 9143 b901 | 0000 4d89 | 97a0 0200 | 0049 89a7 | 9802 0000 

  0x000001b943915e50: ;   {external_word}
  0x000001b943915e50: 49ba ad37 | 2118 fc7f | 0000 4180 | 3a00 0f84 | 5200 0000 | 5241 5041 

  0x000001b943915e68: ;   {metadata({method} {0x000001b924c562d8} 'nglTexSubImage2D' '(IIIIIIIIJ)V' in 'org/lwjgl/opengl/GL11C')}
  0x000001b943915e68: 5148 bad0 | 62c5 24b9 | 0100 0049 | 8bcf 4883 | ec20 f7c4 | 0f00 0000 | 0f84 1a00 | 0000 4883 
  0x000001b943915e88: ;   {runtime_call}
  0x000001b943915e88: ec08 49ba | 90e9 d617 | fc7f 0000 | 41ff d248 | 83c4 08e9 | 0d00 0000 

  0x000001b943915ea0: ;   {runtime_call}
  0x000001b943915ea0: 49ba 90e9 | d617 fc7f | 0000 41ff | d248 83c4 | 2041 5941 | 585a 498d | 8fb8 0200 | 0041 c787 
  0x000001b943915ec0: 4003 0000 | 0400 0000 

  0x000001b943915ec8: ;   {runtime_call}
  0x000001b943915ec8: 49ba 60cd | 1b3f fc7f | 0000 41ff | d2c5 f877 | 41c7 8740 | 0300 0005 | 0000 00f0 | 8344 24c0 
  0x000001b943915ee8: 0049 3baf | 4803 0000 | 0f87 1100 | 0000 4181 | bf30 0300 | 0000 0000 | 000f 8421 | 0000 00c5 
  0x000001b943915f08: f877 498b | cf4c 8be4 | 4883 ec20 | 4883 e4f0 

  0x000001b943915f18: ;   {runtime_call}
  0x000001b943915f18: 49ba 90f7 | e617 fc7f | 0000 41ff | d249 8be4 | 41c7 8740 | 0300 0008 | 0000 0041 | 81bf b003 
  0x000001b943915f38: 0000 0200 | 0000 0f84 | 9b00 0000 

  0x000001b943915f44: ;   {external_word}
  0x000001b943915f44: 49ba ad37 | 2118 fc7f | 0000 4180 | 3a00 0f84 | 4800 0000 

  0x000001b943915f58: ;   {metadata({method} {0x000001b924c562d8} 'nglTexSubImage2D' '(IIIIIIIIJ)V' in 'org/lwjgl/opengl/GL11C')}
  0x000001b943915f58: 48ba d062 | c524 b901 | 0000 498b | cf48 83ec | 20f7 c40f | 0000 000f | 841a 0000 | 0048 83ec 
  0x000001b943915f78: ;   {runtime_call}
  0x000001b943915f78: 0849 ba90 | e9d6 17fc | 7f00 0041 | ffd2 4883 | c408 e90d 

  0x000001b943915f8c: ;   {runtime_call}
  0x000001b943915f8c: 0000 0049 | ba90 e9d6 | 17fc 7f00 | 0041 ffd2 | 4883 c420 | 49c7 8798 | 0200 0000 | 0000 0049 
  0x000001b943915fac: c787 a002 | 0000 0000 | 0000 c5f8 | 7749 8b8f | d800 0000 | c781 0001 | 0000 0000 | 0000 c949 
  0x000001b943915fcc: 817f 0800 | 0000 000f | 8501 0000 

  0x000001b943915fd8: ;   {runtime_call StubRoutines (1)}
  0x000001b943915fd8: 00c3 e921 | af75 fec5 | f877 4c8b | e448 83ec | 2048 83e4 

  0x000001b943915fec: ;   {runtime_call}
  0x000001b943915fec: f049 baa0 | 1ad7 17fc | 7f00 0041 | ffd2 498b | e4e9 42ff | ffff f4f4 | f4f4 f4f4 
[/MachCode]


Compiled method (c2) 6995686 68558       4       xaero.map.graphics.TextureUpload$SubsequentNormal::upload (43 bytes)
 total in heap  [0x000001b94644c210,0x000001b94644c570] = 864
 relocation     [0x000001b94644c368,0x000001b94644c398] = 48
 main code      [0x000001b94644c3a0,0x000001b94644c460] = 192
 stub code      [0x000001b94644c460,0x000001b94644c498] = 56
 oops           [0x000001b94644c498,0x000001b94644c4a0] = 8
 metadata       [0x000001b94644c4a0,0x000001b94644c4c0] = 32
 scopes data    [0x000001b94644c4c0,0x000001b94644c4f8] = 56
 scopes pcs     [0x000001b94644c4f8,0x000001b94644c538] = 64
 dependencies   [0x000001b94644c538,0x000001b94644c540] = 8
 handler table  [0x000001b94644c540,0x000001b94644c570] = 48

[Constant Pool (empty)]

[MachCode]
[Entry Point]
  # {method} {0x000001b930d66490} 'upload' '()V' in 'xaero/map/graphics/TextureUpload$SubsequentNormal'
  #           [sp+0x40]  (sp of caller)
  0x000001b94644c3a0: 448b 5208 

  0x000001b94644c3a4: ;   {runtime_call ic_miss_stub}
  0x000001b94644c3a4: 493b c20f | 85d3 51c7 | fb66 6690 
[Verified Entry Point]
  0x000001b94644c3b0: 8984 2400 | 90ff ff55 | 4883 ec30 | 0f1f 4000 | 4181 7f24 | 0038 0000 | 0f84 0500 

  0x000001b94644c3cc: ;   {runtime_call StubRoutines (2)}
  0x000001b94644c3cc: 0000 e8ad | 6ec6 fb44 | 8b42 2044 | 8b4a 408b | 7a44 8b72 | 288b 4a2c | 448b 5a38 | 448b 523c 
  0x000001b94644c3ec: 4c8b 6210 | 8b52 1c44 | 891c 2444 | 8954 2408 | 4c89 6424 

  0x000001b94644c400: ;   {static_call}
  0x000001b94644c400: 1066 90e8 

  0x000001b94644c404: ; ImmutableOopMap {}
                      ;*invokestatic nglTexSubImage2D {reexecute=0 rethrow=0 return_oop=0}
                      ; - org.lwjgl.opengl.GL11C::glTexSubImage2D@14 (line 2105)
                      ; - org.lwjgl.opengl.GL11::glTexSubImage2D@14 (line 7365)
                      ; - xaero.map.graphics.TextureUpload$SubsequentNormal::upload@36 (line 151)
  0x000001b94644c404: b099 4cfd | 4533 c0ba | 0100 0000 

  0x000001b94644c410: ;   {static_call}
  0x000001b94644c410: 6666 90e8 

  0x000001b94644c414: ; ImmutableOopMap {}
                      ;*invokestatic checkGLError {reexecute=0 rethrow=0 return_oop=0}
                      ; - xaero.map.exception.OpenGLException::checkGLError@2 (line 15)
                      ; - xaero.map.graphics.TextureUpload$SubsequentNormal::upload@39 (line 152)
  0x000001b94644c414: 8883 2afe | 4883 c430 

  0x000001b94644c41c: ;   {poll_return}
  0x000001b94644c41c: 5d49 3ba7 | 4803 0000 | 0f87 1300 | 0000 c348 | 8bd0 eb03 | 488b d048 | 83c4 305d 

  0x000001b94644c438: ;   {runtime_call _rethrow_Java}
  0x000001b94644c438: e9c3 d9d2 

  0x000001b94644c43c: ;   {internal_word}
  0x000001b94644c43c: fb49 ba1d | c444 46b9 | 0100 004d | 8997 6003 

  0x000001b94644c44c: ;   {runtime_call SafepointBlob}
  0x000001b94644c44c: 0000 e9ad | c9c7 fbf4 | f4f4 f4f4 | f4f4 f4f4 | f4f4 f4f4 
[Stub Code]
  0x000001b94644c460: ;   {no_reloc}
  0x000001b94644c460: 48bb 0000 | 0000 0000 

  0x000001b94644c468: ;   {runtime_call}
  0x000001b94644c468: 0000 e9fb 

  0x000001b94644c46c: ;   {static_stub}
  0x000001b94644c46c: ffff ff48 | bb00 0000 | 0000 0000 

  0x000001b94644c478: ;   {runtime_call}
  0x000001b94644c478: 00e9 fbff 

  0x000001b94644c47c: ;   {runtime_call ExceptionBlob}
  0x000001b94644c47c: ffff e97d | 5fc9 fbe8 | 0000 0000 | 4883 2c24 

  0x000001b94644c48c: ;   {runtime_call DeoptimizationBlob}
  0x000001b94644c48c: 05e9 0ede | c7fb f4f4 | f4f4 f4f4 
[/MachCode]


Compiled method (c2) 6995691 70482       4       xaero.map.graphics.TextureUploader::finishNewestRequestImmediately (34 bytes)
 total in heap  [0x000001b9467af410,0x000001b9467b0308] = 3832
 relocation     [0x000001b9467af568,0x000001b9467af638] = 208
 main code      [0x000001b9467af640,0x000001b9467afce0] = 1696
 stub code      [0x000001b9467afce0,0x000001b9467afd80] = 160
 oops           [0x000001b9467afd80,0x000001b9467afd90] = 16
 metadata       [0x000001b9467afd90,0x000001b9467afe08] = 120
 scopes data    [0x000001b9467afe08,0x000001b9467b0018] = 528
 scopes pcs     [0x000001b9467b0018,0x000001b9467b01d8] = 448
 dependencies   [0x000001b9467b01d8,0x000001b9467b01e8] = 16
 handler table  [0x000001b9467b01e8,0x000001b9467b02d8] = 240
 nul chk table  [0x000001b9467b02d8,0x000001b9467b0308] = 48

[Constant Pool (empty)]

[MachCode]
[Entry Point]
  # {method} {0x000001b930d64e98} 'finishNewestRequestImmediately' '()V' in 'xaero/map/graphics/TextureUploader'
  #           [sp+0x50]  (sp of caller)
  0x000001b9467af640: 448b 5208 

  0x000001b9467af644: ;   {runtime_call ic_miss_stub}
  0x000001b9467af644: 493b c20f | 8533 1f91 | fb66 6690 
[Verified Entry Point]
  0x000001b9467af650: 8984 2400 | 90ff ff55 | 4883 ec40 | 0f1f 4000 | 4181 7f24 | 0038 0000 | 0f84 0500 

  0x000001b9467af66c: ;   {runtime_call StubRoutines (2)}
  0x000001b9467af66c: 0000 e80d | 3c90 fb4c | 8bca 4c8b | 4210 4d85 | 4720 0f85 | e903 0000 

  0x000001b9467af684: ; implicit exception: dispatches to 0x000001b9467afa24
  0x000001b9467af684: 458b 5808 

  0x000001b9467af688: ;   {metadata('java/util/ArrayList')}
  0x000001b9467af688: 4181 fbd0 | 3805 800f | 85e7 0200 | 0045 8b50 | 1045 8bda | 41ff cb45 | 85db 0f8c | 1403 0000 
  0x000001b9467af6a8: 453b da0f | 8d5e 0200 | 0049 8b58 | 1849 855f | 200f 85e9 | 0300 008b | 4b0c 443b | d90f 836b 
  0x000001b9467af6c8: 0200 0045 | 8958 1045 | 8b60 0c41 | ffc4 4589 | 600c 4a8b | 6cd3 0849 | 856f 200f | 8518 0400 
  0x000001b9467af6e8: 004a c744 | d308 0000 | 0000 448b 

  0x000001b9467af6f4: ;   {metadata('xaero/map/graphics/TextureUpload')}
  0x000001b9467af6f4: 5508 49bb | 3884 4183 | 0000 0000 | 458b c24d | 8b50 384d | 3bd3 0f85 | 8002 0000 | 488b cd44 
  0x000001b9467af714: ;   {oop(a 'java/lang/Class'{0x000004001d15c380} = 'com/mojang/blaze3d/systems/RenderSystem')}
  0x000001b9467af714: 8b41 0c49 | ba80 c315 | 1d00 0400 | 0045 0fb6 | 9aad 0100 | 004d 8b97 | 9002 0000 | 498b 1a49 
  0x000001b9467af734: 855f 200f | 850a 0400 | 0045 85db 

  0x000001b9467af740: ;   {oop(a 'java/lang/Class'{0x000004001d15c380} = 'com/mojang/blaze3d/systems/RenderSystem')}
  0x000001b9467af740: 7524 49ba | 80c3 151d | 0004 0000 | 498b aad0 | 0000 0049 | 856f 200f | 854c 0400 | 0048 3bdd 
  0x000001b9467af760: 0f85 7602 

  0x000001b9467af764: ;   {oop(a 'java/lang/Class'{0x000004003bb87340} = 'com/mojang/blaze3d/platform/GlStateManager')}
  0x000001b9467af764: 0000 49ba | 4073 b83b | 0004 0000 | 418b aa04 | 0100 0081 | fd80 0000 | 000f 83c5 

  0x000001b9467af780: ;   {oop(a 'com/mojang/blaze3d/platform/GlStateManager$class_1039'[128] {0x0000040087f19c50})}
  0x000001b9467af780: 0100 0049 | bb50 9cf1 | 8700 0400 | 004d 8b54 | eb10 4d85 | 5720 0f85 | 6904 0000 

  0x000001b9467af79c: ; implicit exception: dispatches to 0x000001b9467afa50
  0x000001b9467af79c: 458b 620c | 453b c474 | 1d48 895c | 2408 488b | e948 8914 | 2445 8942 | 0cba e10d 

  0x000001b9467af7b8: ;   {static_call}
  0x000001b9467af7b8: 0000 90e8 

  0x000001b9467af7bc: ; ImmutableOopMap {rbp=Oop [0]=Oop [8]=Oop }
                      ;*invokestatic glBindTexture {reexecute=0 rethrow=0 return_oop=0}
                      ; - org.lwjgl.opengl.GL11::glBindTexture@2 (line 854)
                      ; - com.mojang.blaze3d.platform.GlStateManager::_bindTexture@32 (line 596)
                      ; - xaero.map.graphics.TextureUpload::run@4 (line 48)
                      ; - xaero.map.graphics.TextureUploader::finishNewestRequestImmediately@25 (line 106)
  0x000001b9467af7bc: 402e 91fb | eb0c 4889 | 1424 488b | e948 895c 

  0x000001b9467af7cc: ;   {oop("preparing to upload a map texture"{0x000004006cb7c0a0})}
  0x000001b9467af7cc: 2408 49b8 | a0c0 b76c | 0004 0000 

  0x000001b9467af7d8: ;   {static_call}
  0x000001b9467af7d8: 33d2 90e8 

  0x000001b9467af7dc: ; ImmutableOopMap {rbp=Oop [0]=Oop [8]=Oop }
                      ;*invokestatic checkGLError {reexecute=0 rethrow=0 return_oop=0}
                      ; - xaero.map.graphics.TextureUpload::run@10 (line 49)
                      ; - xaero.map.graphics.TextureUploader::finishNewestRequestImmediately@25 (line 106)
  0x000001b9467af7dc: c04f f4fd | 4c8b d544 

  0x000001b9467af7e4: ;   {oop(a 'java/lang/Class'{0x000004006cb7b690} = 'xaero/map/graphics/PixelBuffers')}
  0x000001b9467af7e4: 8b45 1849 | bb90 b6b7 | 6c00 0400 | 0041 8bab | b000 0000 | 85ed 0f85 | 9c01 0000 | 4c89 5424 
  0x000001b9467af804: 10ba ec88 | 0000 498b 

  0x000001b9467af80c: ;   {static_call}
  0x000001b9467af80c: ea66 90e8 

  0x000001b9467af810: ; ImmutableOopMap {rbp=Oop [0]=Oop [8]=Oop [16]=Oop }
                      ;*invokestatic glBindBuffer {reexecute=0 rethrow=0 return_oop=0}
                      ; - org.lwjgl.opengl.GL15::glBindBuffer@2 (line 129)
                      ; - xaero.map.graphics.PixelBuffers::glBindBuffer@22 (line 39)
                      ; - xaero.map.graphics.TextureUpload::run@19 (line 50)
                      ; - xaero.map.graphics.TextureUploader::finishNewestRequestImmediately@25 (line 106)
  0x000001b9467af810: 242b d2fc | 488b d566 | 9048 b8ff | ffff ffff 

  0x000001b9467af820: ;   {virtual_call}
  0x000001b9467af820: ffff ffe8 

  0x000001b9467af824: ; ImmutableOopMap {rbp=Oop [0]=Oop [8]=Oop [16]=Oop }
                      ;*invokevirtual upload {reexecute=0 rethrow=0 return_oop=0}
                      ; - xaero.map.graphics.TextureUpload::run@23 (line 51)
                      ; - xaero.map.graphics.TextureUploader::finishNewestRequestImmediately@25 (line 106)
  0x000001b9467af824: a8d5 9cfb 

  0x000001b9467af828: ;   {static_call}
  0x000001b9467af828: 6666 90e8 

  0x000001b9467af82c: ; ImmutableOopMap {rbp=Oop [0]=Oop [8]=Oop [16]=Oop }
                      ;*invokestatic checkGLError {reexecute=0 rethrow=0 return_oop=0}
                      ; - xaero.map.graphics.TextureUpload::run@26 (line 52)
                      ; - xaero.map.graphics.TextureUploader::finishNewestRequestImmediately@25 (line 106)
  0x000001b9467af82c: 7034 d9fe 

  0x000001b9467af830: ;   {oop(a 'java/lang/Class'{0x000004006cb7b690} = 'xaero/map/graphics/PixelBuffers')}
  0x000001b9467af830: 49ba 90b6 | b76c 0004 | 0000 418b | aab0 0000 | 0085 ed0f | 8567 0100 | 00ba ec88 | 0000 4533 
  0x000001b9467af850: ;   {static_call}
  0x000001b9467af850: c066 90e8 

  0x000001b9467af854: ; ImmutableOopMap {[0]=Oop [8]=Oop [16]=Oop }
                      ;*invokestatic glBindBuffer {reexecute=0 rethrow=0 return_oop=0}
                      ; - org.lwjgl.opengl.GL15::glBindBuffer@2 (line 129)
                      ; - xaero.map.graphics.PixelBuffers::glBindBuffer@22 (line 39)
                      ; - xaero.map.graphics.TextureUpload::run@32 (line 53)
                      ; - xaero.map.graphics.TextureUploader::finishNewestRequestImmediately@25 (line 106)
  0x000001b9467af854: e02a d2fc 

  0x000001b9467af858: ;   {oop(a 'java/lang/Class'{0x000004001d15c380} = 'com/mojang/blaze3d/systems/RenderSystem')}
  0x000001b9467af858: 49ba 80c3 | 151d 0004 | 0000 450f | b69a ad01 | 0000 4585 | db75 1f49 | 8baa d000 | 0000 4985 
  0x000001b9467af878: 6f20 0f85 | d503 0000 | 4c8b 5424 | 084c 3bd5 | 0f85 6e01 

  0x000001b9467af88c: ;   {oop(a 'java/lang/Class'{0x000004003bb87340} = 'com/mojang/blaze3d/platform/GlStateManager')}
  0x000001b9467af88c: 0000 49ba | 4073 b83b | 0004 0000 | 418b aa04 | 0100 0081 | fd80 0000 | 000f 83c6 

  0x000001b9467af8a8: ;   {oop(a 'com/mojang/blaze3d/platform/GlStateManager$class_1039'[128] {0x0000040087f19c50})}
  0x000001b9467af8a8: 0000 0049 | bb50 9cf1 | 8700 0400 | 004d 8b54 | eb10 4d85 | 5720 0f85 | c503 0000 

  0x000001b9467af8c4: ; implicit exception: dispatches to 0x000001b9467afa5c
  0x000001b9467af8c4: 458b 5a0c | 4585 db74 | 1741 c742 | 0c00 0000 | 00ba e10d | 0000 4533 

  0x000001b9467af8dc: ;   {static_call}
  0x000001b9467af8dc: c066 90e8 

  0x000001b9467af8e0: ; ImmutableOopMap {[0]=Oop [16]=Oop }
                      ;*invokestatic glBindTexture {reexecute=0 rethrow=0 return_oop=0}
                      ; - org.lwjgl.opengl.GL11::glBindTexture@2 (line 854)
                      ; - com.mojang.blaze3d.platform.GlStateManager::_bindTexture@32 (line 596)
                      ; - xaero.map.graphics.TextureUpload::run@36 (line 56)
                      ; - xaero.map.graphics.TextureUploader::finishNewestRequestImmediately@25 (line 106)
  0x000001b9467af8e0: 5481 d5fc 

  0x000001b9467af8e4: ;   {static_call}
  0x000001b9467af8e4: 6666 90e8 

  0x000001b9467af8e8: ; ImmutableOopMap {[0]=Oop [16]=Oop }
                      ;*invokestatic checkGLError {reexecute=0 rethrow=0 return_oop=0}
                      ; - xaero.map.graphics.TextureUpload::run@39 (line 57)
                      ; - xaero.map.graphics.TextureUploader::finishNewestRequestImmediately@25 (line 106)
  0x000001b9467af8e8: b433 d9fe | 488b 1424 | 4c8b 4424 

  0x000001b9467af8f4: ;   {optimized virtual_call}
  0x000001b9467af8f4: 1066 90e8 

  0x000001b9467af8f8: ; ImmutableOopMap {}
                      ;*invokevirtual addToPool {reexecute=0 rethrow=0 return_oop=0}
                      ; - xaero.map.graphics.TextureUploader::finishNewestRequestImmediately@30 (line 107)
  0x000001b9467af8f8: 346f f8fe | 4883 c440 

  0x000001b9467af900: ;   {poll_return}
  0x000001b9467af900: 5d49 3ba7 | 4803 0000 | 0f87 ad03 | 0000 c333 | d249 8be9 | 4c89 0424 | 458b c345 | 8bca 4489 
  0x000001b9467af920: ;   {static_call}
  0x000001b9467af920: 5c24 08e8 

  0x000001b9467af924: ; ImmutableOopMap {rbp=Oop [0]=Oop }
                      ;*invokestatic outOfBoundsCheckIndex {reexecute=0 rethrow=0 return_oop=1}
                      ; - jdk.internal.util.Preconditions::checkIndex@12 (line 266)
                      ; - java.util.Objects::checkIndex@3 (line 361)
                      ; - java.util.ArrayList::remove@5 (line 504)
                      ; - xaero.map.graphics.TextureUploader::finishNewestRequestImmediately@15 (line 105)
  0x000001b9467af924: d82c 91fb | 4885 c00f | 84e7 0000 | 0048 8bd0 | eb31 bae6 | ffff ff48 | 8beb 4489 

  0x000001b9467af940: ;   {runtime_call UncommonTrapBlob}
  0x000001b9467af940: 1c24 90e8 

  0x000001b9467af944: ; ImmutableOopMap {rbp=Oop }
                      ;*aaload {reexecute=0 rethrow=0 return_oop=0}
                      ; - java.util.ArrayList::remove@16 (line 507)
                      ; - xaero.map.graphics.TextureUploader::finishNewestRequestImmediately@15 (line 105)
  0x000001b9467af944: 38a6 91fb | bae6 ffff 

  0x000001b9467af94c: ;   {runtime_call UncommonTrapBlob}
  0x000001b9467af94c: ff66 90e8 

  0x000001b9467af950: ; ImmutableOopMap {}
                      ;*aaload {reexecute=0 rethrow=0 return_oop=0}
                      ; - com.mojang.blaze3d.platform.GlStateManager::_bindTexture@10 (line 594)
                      ; - xaero.map.graphics.TextureUpload::run@4 (line 48)
                      ; - xaero.map.graphics.TextureUploader::finishNewestRequestImmediately@25 (line 106)
  0x000001b9467af950: 2ca6 91fb | eb0e eb0c | eb0a eb08 | eb06 eb04 | eb02 eb00 | 488b d048 | 83c4 405d 

  0x000001b9467af96c: ;   {runtime_call _rethrow_Java}
  0x000001b9467af96c: e98f a49c | fbba e6ff 

  0x000001b9467af974: ;   {runtime_call UncommonTrapBlob}
  0x000001b9467af974: ffff 90e8 

  0x000001b9467af978: ; ImmutableOopMap {}
                      ;*aaload {reexecute=0 rethrow=0 return_oop=0}
                      ; - com.mojang.blaze3d.platform.GlStateManager::_bindTexture@10 (line 594)
                      ; - xaero.map.graphics.TextureUpload::run@36 (line 56)
                      ; - xaero.map.graphics.TextureUploader::finishNewestRequestImmediately@25 (line 106)
  0x000001b9467af978: 04a6 91fb | bade ffff | ff49 8be9 | 4c89 4424 

  0x000001b9467af988: ;   {runtime_call UncommonTrapBlob}
  0x000001b9467af988: 0866 90e8 

  0x000001b9467af98c: ; ImmutableOopMap {rbp=Oop [8]=Oop }
                      ;*invokeinterface size {reexecute=0 rethrow=0 return_oop=0}
                      ; - xaero.map.graphics.TextureUploader::finishNewestRequestImmediately@8 (line 105)
  0x000001b9467af98c: f0a5 91fb | bade ffff 

  0x000001b9467af994: ;   {runtime_call UncommonTrapBlob}
  0x000001b9467af994: ff66 90e8 

  0x000001b9467af998: ; ImmutableOopMap {rbp=Oop }
                      ;*checkcast {reexecute=0 rethrow=0 return_oop=0}
                      ; - xaero.map.graphics.TextureUploader::finishNewestRequestImmediately@20 (line 105)
  0x000001b9467af998: e4a5 91fb | ba45 ffff | ff4c 8954 | 2410 4489 

  0x000001b9467af9a8: ;   {runtime_call UncommonTrapBlob}
  0x000001b9467af9a8: 4424 18e8 

  0x000001b9467af9ac: ; ImmutableOopMap {[0]=Oop [16]=Oop }
                      ;*lookupswitch {reexecute=1 rethrow=0 return_oop=0}
                      ; - (reexecute) xaero.map.graphics.PixelBuffers::glBindBuffer@3 (line 37)
                      ; - xaero.map.graphics.TextureUpload::run@19 (line 50)
                      ; - xaero.map.graphics.TextureUploader::finishNewestRequestImmediately@25 (line 106)
  0x000001b9467af9ac: d0a5 91fb | ba45 ffff 

  0x000001b9467af9b4: ;   {runtime_call UncommonTrapBlob}
  0x000001b9467af9b4: ff66 90e8 

  0x000001b9467af9b8: ; ImmutableOopMap {[0]=Oop [16]=Oop }
                      ;*lookupswitch {reexecute=1 rethrow=0 return_oop=0}
                      ; - (reexecute) xaero.map.graphics.PixelBuffers::glBindBuffer@3 (line 37)
                      ; - xaero.map.graphics.TextureUpload::run@32 (line 53)
                      ; - xaero.map.graphics.TextureUploader::finishNewestRequestImmediately@25 (line 106)
  0x000001b9467af9b8: c4a5 91fb | ba45 ffff | ff49 8be9 | 4c89 0424 | 4489 5c24 | 0c44 8954 | 2410 4489 

  0x000001b9467af9d4: ;   {runtime_call UncommonTrapBlob}
  0x000001b9467af9d4: 5c24 14e8 

  0x000001b9467af9d8: ; ImmutableOopMap {rbp=Oop [0]=Oop }
                      ;*iflt {reexecute=1 rethrow=0 return_oop=0}
                      ; - (reexecute) jdk.internal.util.Preconditions::checkIndex@1 (line 265)
                      ; - java.util.Objects::checkIndex@3 (line 361)
                      ; - java.util.ArrayList::remove@5 (line 504)
                      ; - xaero.map.graphics.TextureUploader::finishNewestRequestImmediately@15 (line 105)
  0x000001b9467af9d8: a4a5 91fb | ba45 ffff | ff4c 890c | 2448 894c | 2410 4489 | 4424 1848 | 895c 2420 

  0x000001b9467af9f4: ;   {runtime_call UncommonTrapBlob}
  0x000001b9467af9f4: 6666 90e8 

  0x000001b9467af9f8: ; ImmutableOopMap {rbp=Oop [0]=Oop [16]=Oop [32]=Oop }
                      ;*if_acmpne {reexecute=1 rethrow=0 return_oop=0}
                      ; - (reexecute) com.mojang.blaze3d.systems.RenderSystem::isOnRenderThread@6 (line 127)
                      ; - com.mojang.blaze3d.systems.RenderSystem::assertOnRenderThreadOrInit@6 (line 165)
                      ; - com.mojang.blaze3d.platform.GlStateManager::_bindTexture@0 (line 593)
                      ; - xaero.map.graphics.TextureUpload::run@4 (line 48)
                      ; - xaero.map.graphics.TextureUploader::finishNewestRequestImmediately@25 (line 106)
  0x000001b9467af9f8: 84a5 91fb | ba45 ffff | ff48 ff74 | 2410 488f | 4424 084c | 8954 2410 

  0x000001b9467afa10: ;   {runtime_call UncommonTrapBlob}
  0x000001b9467afa10: 6666 90e8 

  0x000001b9467afa14: ; ImmutableOopMap {rbp=Oop [0]=Oop [8]=Oop [16]=Oop }
                      ;*if_acmpne {reexecute=1 rethrow=0 return_oop=0}
                      ; - (reexecute) com.mojang.blaze3d.systems.RenderSystem::isOnRenderThread@6 (line 127)
                      ; - com.mojang.blaze3d.systems.RenderSystem::assertOnRenderThreadOrInit@6 (line 165)
                      ; - com.mojang.blaze3d.platform.GlStateManager::_bindTexture@0 (line 593)
                      ; - xaero.map.graphics.TextureUpload::run@36 (line 56)
                      ; - xaero.map.graphics.TextureUploader::finishNewestRequestImmediately@25 (line 106)
  0x000001b9467afa14: 68a5 91fb | baf6 ffff 

  0x000001b9467afa1c: ;   {runtime_call UncommonTrapBlob}
  0x000001b9467afa1c: ff66 90e8 

  0x000001b9467afa20: ; ImmutableOopMap {}
                      ;*athrow {reexecute=1 rethrow=0 return_oop=0}
                      ; - (reexecute) jdk.internal.util.Preconditions::checkIndex@15 (line 266)
                      ; - java.util.Objects::checkIndex@3 (line 361)
                      ; - java.util.ArrayList::remove@5 (line 504)
                      ; - xaero.map.graphics.TextureUploader::finishNewestRequestImmediately@15 (line 105)
  0x000001b9467afa20: 5ca5 91fb | baf6 ffff 

  0x000001b9467afa28: ;   {runtime_call UncommonTrapBlob}
  0x000001b9467afa28: ff66 90e8 

  0x000001b9467afa2c: ; ImmutableOopMap {}
                      ;*invokeinterface size {reexecute=0 rethrow=0 return_oop=0}
                      ; - xaero.map.graphics.TextureUploader::finishNewestRequestImmediately@8 (line 105)
  0x000001b9467afa2c: 50a5 91fb | baf6 ffff | ff41 8beb 

  0x000001b9467afa38: ;   {runtime_call UncommonTrapBlob}
  0x000001b9467afa38: 6666 90e8 

  0x000001b9467afa3c: ; ImmutableOopMap {}
                      ;*aaload {reexecute=0 rethrow=0 return_oop=0}
                      ; - java.util.ArrayList::remove@16 (line 507)
                      ; - xaero.map.graphics.TextureUploader::finishNewestRequestImmediately@15 (line 105)
  0x000001b9467afa3c: 40a5 91fb | baf4 ffff | ff49 8be9 

  0x000001b9467afa48: ;   {runtime_call UncommonTrapBlob}
  0x000001b9467afa48: 6666 90e8 

  0x000001b9467afa4c: ; ImmutableOopMap {rbp=Oop }
                      ;*checkcast {reexecute=0 rethrow=0 return_oop=0}
                      ; - xaero.map.graphics.TextureUploader::finishNewestRequestImmediately@20 (line 105)
  0x000001b9467afa4c: 30a5 91fb | baf6 ffff 

  0x000001b9467afa54: ;   {runtime_call UncommonTrapBlob}
  0x000001b9467afa54: ff66 90e8 

  0x000001b9467afa58: ; ImmutableOopMap {}
                      ;*getfield field_5167 {reexecute=1 rethrow=0 return_oop=0}
                      ; - (reexecute) com.mojang.blaze3d.platform.GlStateManager::_bindTexture@11 (line 594)
                      ; - xaero.map.graphics.TextureUpload::run@4 (line 48)
                      ; - xaero.map.graphics.TextureUploader::finishNewestRequestImmediately@25 (line 106)
  0x000001b9467afa58: 24a5 91fb | baf6 ffff 

  0x000001b9467afa60: ;   {runtime_call UncommonTrapBlob}
  0x000001b9467afa60: ff66 90e8 

  0x000001b9467afa64: ; ImmutableOopMap {}
                      ;*getfield field_5167 {reexecute=1 rethrow=0 return_oop=0}
                      ; - (reexecute) com.mojang.blaze3d.platform.GlStateManager::_bindTexture@11 (line 594)
                      ; - xaero.map.graphics.TextureUpload::run@36 (line 56)
                      ; - xaero.map.graphics.TextureUploader::finishNewestRequestImmediately@25 (line 106)
  0x000001b9467afa64: 18a5 91fb | e9f7 feff | ff48 83ec | 304c 894c | 2428 4889 | 5424 2048 | 8d52 1049 

  0x000001b9467afa80: ;   {runtime_call}
  0x000001b9467afa80: 8bc8 49ba | a063 ef17 | fc7f 0000 | 41ff d24c | 8bc0 488b | 5424 204c | 8b4c 2428 | c5f8 7748 
  0x000001b9467afaa0: 83c4 30e9 | dcfb ffff | 4883 ec50 | 4c89 5424 | 484c 895c | 2440 4c89 | 4424 384c | 894c 2430 
  0x000001b9467afac0: 4889 5424 | 2849 8d50 | 1848 8bcb 

  0x000001b9467afacc: ;   {runtime_call}
  0x000001b9467afacc: 49ba a063 | ef17 fc7f | 0000 41ff | d248 8bd8 | 488b 5424 | 284c 8b4c | 2430 4c8b | 4424 384c 
  0x000001b9467afaec: 8b5c 2440 | 4c8b 5424 | 48c5 f877 | 4883 c450 | e9be fbff | ff48 83ec | 404c 8954 | 2438 4c89 
  0x000001b9467afb0c: 4c24 3048 | 8954 2428 | 4a8d 54d3 | 0848 8bcd 

  0x000001b9467afb1c: ;   {runtime_call}
  0x000001b9467afb1c: 49ba a063 | ef17 fc7f | 0000 41ff | d248 8be8 | 488b 5424 | 284c 8b4c | 2430 4c8b | 5424 38c5 
  0x000001b9467afb3c: f877 4883 | c440 e9a2 | fbff ff48 | 83ec 504c | 8954 2448 | 4c89 5c24 | 404c 8944 | 2438 4c89 
  0x000001b9467afb5c: 4c24 3048 | 894c 2428 | 4889 5424 | 2049 8d12 

  0x000001b9467afb6c: ;   {runtime_call}
  0x000001b9467afb6c: 488b cb49 | baa0 63ef | 17fc 7f00 | 0041 ffd2 | 488b d848 | 8b54 2420 | 488b 4c24 | 284c 8b4c 
  0x000001b9467afb8c: 2430 4c8b | 4424 384c | 8b5c 2440 | 4c8b 5424 | 48c5 f877 | 4883 c450 | e994 fbff | ff48 83ec 
  0x000001b9467afbac: 504c 8954 | 2448 4c89 | 4424 404c | 894c 2438 | 4889 4c24 | 3048 8954 | 2428 498d | 92d0 0000 
  0x000001b9467afbcc: 0048 8bcd 

  0x000001b9467afbd0: ;   {runtime_call}
  0x000001b9467afbd0: 49ba a063 | ef17 fc7f | 0000 41ff | d248 8be8 | 488b 5424 | 2848 8b4c | 2430 4c8b | 4c24 384c 
  0x000001b9467afbf0: 8b44 2440 | 4c8b 5424 | 48c5 f877 | 4883 c450 | e958 fbff | ff48 83ec | 404c 895c | 2438 4c89 
  0x000001b9467afc10: 4424 3048 | 894c 2428 | 4889 5424 | 2049 8d54 | eb10 498b 

  0x000001b9467afc24: ;   {runtime_call}
  0x000001b9467afc24: ca49 baa0 | 63ef 17fc | 7f00 0041 | ffd2 4c8b | d048 8b54 | 2420 488b | 4c24 284c | 8b44 2430 
  0x000001b9467afc44: 4c8b 5c24 | 38c5 f877 | 4883 c440 | e947 fbff | ff48 83ec | 304c 8954 | 2428 498d | 92d0 0000 
  0x000001b9467afc64: 0048 8bcd 

  0x000001b9467afc68: ;   {runtime_call}
  0x000001b9467afc68: 49ba a063 | ef17 fc7f | 0000 41ff | d248 8be8 | 4c8b 5424 | 28c5 f877 | 4883 c430 | e9f7 fbff 
  0x000001b9467afc88: ff48 83ec | 304c 895c | 2428 498d | 54eb 1049 

  0x000001b9467afc98: ;   {runtime_call}
  0x000001b9467afc98: 8bca 49ba | a063 ef17 | fc7f 0000 | 41ff d24c | 8bd0 4c8b | 5c24 28c5 | f877 4883 | c430 e909 
  0x000001b9467afcb8: ;   {internal_word}
  0x000001b9467afcb8: fcff ff49 | ba01 f97a | 46b9 0100 | 004d 8997 | 6003 0000 

  0x000001b9467afccc: ;   {runtime_call SafepointBlob}
  0x000001b9467afccc: e92f 9191 | fbf4 f4f4 | f4f4 f4f4 | f4f4 f4f4 | f4f4 f4f4 
[Stub Code]
  0x000001b9467afce0: ;   {no_reloc}
  0x000001b9467afce0: 48bb 0000 | 0000 0000 

  0x000001b9467afce8: ;   {runtime_call}
  0x000001b9467afce8: 0000 e9fb 

  0x000001b9467afcec: ;   {static_stub}
  0x000001b9467afcec: ffff ff48 | bb00 0000 | 0000 0000 

  0x000001b9467afcf8: ;   {runtime_call}
  0x000001b9467afcf8: 00e9 fbff 

  0x000001b9467afcfc: ;   {static_stub}
  0x000001b9467afcfc: ffff 48bb | 0000 0000 | 0000 0000 

  0x000001b9467afd08: ;   {runtime_call}
  0x000001b9467afd08: e9fb ffff 

  0x000001b9467afd0c: ;   {static_stub}
  0x000001b9467afd0c: ff48 bb00 | 0000 0000 

  0x000001b9467afd14: ;   {runtime_call}
  0x000001b9467afd14: 0000 00e9 | fbff ffff 

  0x000001b9467afd1c: ;   {static_stub}
  0x000001b9467afd1c: 48bb 0000 | 0000 0000 

  0x000001b9467afd24: ;   {runtime_call}
  0x000001b9467afd24: 0000 e9fb 

  0x000001b9467afd28: ;   {static_stub}
  0x000001b9467afd28: ffff ff48 | bb00 0000 | 0000 0000 

  0x000001b9467afd34: ;   {runtime_call}
  0x000001b9467afd34: 00e9 fbff 

  0x000001b9467afd38: ;   {static_stub}
  0x000001b9467afd38: ffff 48bb | 0000 0000 | 0000 0000 

  0x000001b9467afd44: ;   {runtime_call}
  0x000001b9467afd44: e9fb ffff 

  0x000001b9467afd48: ;   {static_stub}
  0x000001b9467afd48: ff48 bb00 | 0000 0000 

  0x000001b9467afd50: ;   {runtime_call}
  0x000001b9467afd50: 0000 00e9 | fbff ffff 

  0x000001b9467afd58: ;   {static_stub}
  0x000001b9467afd58: 48bb 0000 | 0000 0000 

  0x000001b9467afd60: ;   {runtime_call}
  0x000001b9467afd60: 0000 e9fb 

  0x000001b9467afd64: ;   {runtime_call ExceptionBlob}
  0x000001b9467afd64: ffff ffe9 | 9426 93fb 
[Deopt Handler Code]
  0x000001b9467afd6c: e800 0000 | 0048 832c 

  0x000001b9467afd74: ;   {runtime_call DeoptimizationBlob}
  0x000001b9467afd74: 2405 e925 | a591 fbf4 | f4f4 f4f4 
[/MachCode]


---------------  P R O C E S S  ---------------

Threads class SMR info:
_java_thread_list=0x000001bbfd6290e0, length=95, elements={
0x000001b9373882f0, 0x000001b936e78180, 0x000001b936e7a670, 0x000001b936eda500,
0x000001b936f339d0, 0x000001b936f33eb0, 0x000001b936f34390, 0x000001b936f34a80,
0x000001b936eb3290, 0x000001b936ed3cc0, 0x000001b937083b90, 0x000001b93709d010,
0x000001b9060636a0, 0x000001b9060645d0, 0x000001b9060a7cf0, 0x000001b9060a8200,
0x000001b90efdcb70, 0x000001b90efdc150, 0x000001b90efdd590, 0x000001b90efde4c0,
0x000001b90efdad10, 0x000001b90efde9d0, 0x000001b90efdb730, 0x000001b90efe0320,
0x000001b90efdb220, 0x000001b90efe0830, 0x000001b90efe2180, 0x000001b906061840,
0x000001b906062260, 0x000001b9060a63a0, 0x000001b912cca310, 0x000001b912ccad30,
0x000001b912cc7580, 0x000001b912ccb240, 0x000001b912ccb750, 0x000001b912cc84b0,
0x000001b912cccb90, 0x000001b912ccd0a0, 0x000001b912ccdfd0, 0x000001b908195a80,
0x000001bb73222340, 0x000001bb7321fac0, 0x000001bb73222850, 0x000001bb73227950,
0x000001bb73227e60, 0x000001bb73228370, 0x000001bb7322abf0, 0x000001bb73219070,
0x000001bbd50eea00, 0x000001bbd50eef10, 0x000001bbd50f21b0, 0x000001bbd50f1ca0,
0x000001bbd50f0d70, 0x000001bbd50efe40, 0x000001bbd50f4a30, 0x000001bbd50edfe0,
0x000001bbd50f1790, 0x000001bbd50f35f0, 0x000001bbd50f0350, 0x000001bbd50f5450,
0x000001bbd50f5e70, 0x000001bbd50f30e0, 0x000001bbd50fe720, 0x000001bbd50f72b0,
0x000001bbd50f9110, 0x000001bbd50fb990, 0x000001bbd50f8c00, 0x000001bbd50faa60,
0x000001bbd5104750, 0x000001bbd5105170, 0x000001b9137c9a70, 0x000001bb73221920,
0x000001bbdcfa0120, 0x000001bbdc860170, 0x000001bb73219a90, 0x000001bbdcd6b060,
0x000001bbf37693c0, 0x000001bbdcd6cec0, 0x000001bbf2dd5370, 0x000001bbdcf9fc10,
0x000001bbf3355900, 0x000001bbdc5129c0, 0x000001bbd0390070, 0x000001bbf3355e10,
0x000001bbf3116290, 0x000001bb7321d750, 0x000001bbdcd6e300, 0x000001bb7321cd30,
0x000001bb7321e170, 0x000001bbdcfa2eb0, 0x000001bbd50ecba0, 0x000001bbd50ea320,
0x000001bbf31167a0, 0x000001bbf6f950b0, 0x000001bbf2dd4440
}

Java Threads: ( => current thread )
=>0x000001b9373882f0 JavaThread "Render thread" [_thread_in_native, id=3316, stack(0x0000008c8e500000,0x0000008c8e600000)]
  0x000001b936e78180 JavaThread "Reference Handler" daemon [_thread_blocked, id=6652, stack(0x0000008c8f300000,0x0000008c8f400000)]
  0x000001b936e7a670 JavaThread "Finalizer" daemon [_thread_blocked, id=1664, stack(0x0000008c8f400000,0x0000008c8f500000)]
  0x000001b936eda500 JavaThread "Signal Dispatcher" daemon [_thread_blocked, id=4056, stack(0x0000008c8f500000,0x0000008c8f600000)]
  0x000001b936f339d0 JavaThread "Attach Listener" daemon [_thread_blocked, id=14292, stack(0x0000008c8f600000,0x0000008c8f700000)]
  0x000001b936f33eb0 JavaThread "Service Thread" daemon [_thread_blocked, id=12620, stack(0x0000008c8f700000,0x0000008c8f800000)]
  0x000001b936f34390 JavaThread "Monitor Deflation Thread" daemon [_thread_blocked, id=1580, stack(0x0000008c8f800000,0x0000008c8f900000)]
  0x000001b936f34a80 JavaThread "C2 CompilerThread0" daemon [_thread_blocked, id=14208, stack(0x0000008c8f900000,0x0000008c8fa00000)]
  0x000001b936eb3290 JavaThread "C1 CompilerThread0" daemon [_thread_blocked, id=4428, stack(0x0000008c8fa00000,0x0000008c8fb00000)]
  0x000001b936ed3cc0 JavaThread "Sweeper thread" daemon [_thread_blocked, id=10964, stack(0x0000008c8fb00000,0x0000008c8fc00000)]
  0x000001b937083b90 JavaThread "Notification Thread" daemon [_thread_blocked, id=5316, stack(0x0000008c8fc00000,0x0000008c8fd00000)]
  0x000001b93709d010 JavaThread "Common-Cleaner" daemon [_thread_blocked, id=11724, stack(0x0000008c8fe00000,0x0000008c8ff00000)]
  0x000001b9060636a0 JavaThread "LauncherLogger-Worker" daemon [_thread_blocked, id=5460, stack(0x0000008c90100000,0x0000008c90200000)]
  0x000001b9060645d0 JavaThread "JNA Cleaner" daemon [_thread_blocked, id=3152, stack(0x0000008c8ff00000,0x0000008c90000000)]
  0x000001b9060a7cf0 JavaThread "Timer hack thread" daemon [_thread_blocked, id=14248, stack(0x0000008c90000000,0x0000008c90100000)]
  0x000001b9060a8200 JavaThread "Yggdrasil Key Fetcher" daemon [_thread_blocked, id=4756, stack(0x0000008c90700000,0x0000008c90800000)]
  0x000001b90efdcb70 JavaThread "FileSystemWatchService" daemon [_thread_in_native, id=13760, stack(0x0000008c90500000,0x0000008c90600000)]
  0x000001b90efdc150 JavaThread "config-file-watcher-0-0" daemon [_thread_blocked, id=7856, stack(0x0000008c90600000,0x0000008c90700000)]
  0x000001b90efdd590 JavaThread "Cicada thread 0" daemon [_thread_blocked, id=13928, stack(0x0000008c90b00000,0x0000008c90c00000)]
  0x000001b90efde4c0 JavaThread "Cicada thread 1" daemon [_thread_blocked, id=13236, stack(0x0000008c90c00000,0x0000008c90d00000)]
  0x000001b90efdad10 JavaThread "Cicada thread 2" daemon [_thread_blocked, id=11032, stack(0x0000008c90d00000,0x0000008c90e00000)]
  0x000001b90efde9d0 JavaThread "Cicada thread 3" daemon [_thread_blocked, id=13260, stack(0x0000008c90e00000,0x0000008c90f00000)]
  0x000001b90efdb730 JavaThread "HttpClient-1-SelectorManager" daemon [_thread_in_native, id=6252, stack(0x0000008c91000000,0x0000008c91100000)]
  0x000001b90efe0320 JavaThread "DFU cleaning thread" daemon [_thread_blocked, id=12900, stack(0x0000008c90900000,0x0000008c90a00000)]
  0x000001b90efdb220 JavaThread "pool-5-thread-1" [_thread_blocked, id=4416, stack(0x0000008c8e300000,0x0000008c8e400000)]
  0x000001b90efe0830 JavaThread "ConfigSaver" daemon [_thread_blocked, id=9892, stack(0x0000008c90f00000,0x0000008c91000000)]
  0x000001b90efe2180 JavaThread "Thread-11" daemon [_thread_blocked, id=1592, stack(0x0000008c91100000,0x0000008c91200000)]
  0x000001b906061840 JavaThread "FileSystemWatchService" daemon [_thread_in_native, id=1340, stack(0x0000008c91900000,0x0000008c91a00000)]
  0x000001b906062260 JavaThread "UniLib" daemon [_thread_blocked, id=8584, stack(0x0000008c91a00000,0x0000008c91b00000)]
  0x000001b9060a63a0 JavaThread "CraftPresence" daemon [_thread_blocked, id=484, stack(0x0000008c91b00000,0x0000008c91c00000)]
  0x000001b912cca310 JavaThread "IPCClient-Reader" daemon [_thread_blocked, id=5280, stack(0x0000008c92100000,0x0000008c92200000)]
  0x000001b912ccad30 JavaThread "FileSystemWatchService" daemon [_thread_in_native, id=14196, stack(0x0000008c91400000,0x0000008c91500000)]
  0x000001b912cc7580 JavaThread "JEI Config File Watcher" daemon [_thread_blocked, id=14192, stack(0x0000008c92300000,0x0000008c92400000)]
  0x000001b912ccb240 JavaThread "Java2D Disposer" daemon [_thread_blocked, id=4268, stack(0x0000008c92400000,0x0000008c92500000)]
  0x000001b912ccb750 JavaThread "AWT-Windows" daemon [_thread_in_native, id=14020, stack(0x0000008c92600000,0x0000008c92700000)]
  0x000001b912cc84b0 JavaThread "HttpClient-4-SelectorManager" daemon [_thread_in_native, id=6508, stack(0x0000008c92500000,0x0000008c92600000)]
  0x000001b912cccb90 JavaThread "spark-monitoring-thread" daemon [_thread_blocked, id=13624, stack(0x0000008c92800000,0x0000008c92900000)]
  0x000001b912ccd0a0 JavaThread "spark-worker-pool-1-thread-1" daemon [_thread_blocked, id=14076, stack(0x0000008c92900000,0x0000008c92a00000)]
  0x000001b912ccdfd0 JavaThread "Thread-13" [_thread_blocked, id=2648, stack(0x0000008c92000000,0x0000008c92100000)]
  0x000001b908195a80 JavaThread "CullThread" [_thread_blocked, id=8812, stack(0x0000008c94400000,0x0000008c94500000)]
  0x000001bb73222340 JavaThread "c2me-sched" daemon [_thread_blocked, id=8392, stack(0x0000008c93b00000,0x0000008c93c00000)]
  0x000001bb7321fac0 JavaThread "C2ME worker #1" daemon [_thread_blocked, id=13480, stack(0x0000008c93e00000,0x0000008c93f00000)]
  0x000001bb73222850 JavaThread "Netty Server IO #0" daemon [_thread_in_native, id=8128, stack(0x0000008c94800000,0x0000008c94900000)]
  0x000001bb73227950 JavaThread "Netty Local Client IO #0" daemon [_thread_blocked, id=11300, stack(0x0000008c94900000,0x0000008c94a00000)]
  0x000001bb73227e60 JavaThread "Netty Server IO #1" daemon [_thread_in_native, id=9164, stack(0x0000008c94a00000,0x0000008c94b00000)]
  0x000001bb73228370 JavaThread "HttpClient-6-SelectorManager" daemon [_thread_in_native, id=13864, stack(0x0000008c94d00000,0x0000008c94e00000)]
  0x000001bb7322abf0 JavaThread "pool-38-thread-1" [_thread_blocked, id=14244, stack(0x0000008c90300000,0x0000008c90400000)]
  0x000001bb73219070 JavaThread "pool-39-thread-1" [_thread_blocked, id=3408, stack(0x0000008c91700000,0x0000008c91800000)]
  0x000001bbd50eea00 JavaThread "Server Pinger #0" daemon [_thread_blocked, id=9576, stack(0x0000008c92700000,0x0000008c92800000)]
  0x000001bbd50eef10 JavaThread "Thread-22" daemon [_thread_in_native, id=1552, stack(0x0000008c92f00000,0x0000008c93000000)]
  0x000001bbd50f21b0 JavaThread "Server Pinger #1" daemon [_thread_blocked, id=8984, stack(0x0000008c93a00000,0x0000008c93b00000)]
  0x000001bbd50f1ca0 JavaThread "Netty Client IO #0" daemon [_thread_in_native, id=5852, stack(0x0000008c95800000,0x0000008c95900000)]
  0x000001bbd50f0d70 JavaThread "Netty Client IO #1" daemon [_thread_in_native, id=3052, stack(0x0000008c95900000,0x0000008c95a00000)]
  0x000001bbd50efe40 JavaThread "Netty Client IO #2" daemon [_thread_in_native, id=12740, stack(0x0000008c93c00000,0x0000008c93d00000)]
  0x000001bbd50f4a30 JavaThread "Server Pinger #2" daemon [_thread_blocked, id=13416, stack(0x0000008c93700000,0x0000008c93800000)]
  0x000001bbd50edfe0 JavaThread "Netty Client IO #3" daemon [_thread_in_native, id=10496, stack(0x0000008c93900000,0x0000008c93a00000)]
  0x000001bbd50f1790 JavaThread "Server Pinger #3" daemon [_thread_blocked, id=2692, stack(0x0000008c91e00000,0x0000008c91f00000)]
  0x000001bbd50f35f0 JavaThread "Netty Client IO #4" daemon [_thread_in_native, id=12720, stack(0x0000008c93500000,0x0000008c93600000)]
  0x000001bbd50f0350 JavaThread "Server Pinger #4" daemon [_thread_blocked, id=12376, stack(0x0000008c94100000,0x0000008c94200000)]
  0x000001bbd50f5450 JavaThread "Netty Client IO #5" daemon [_thread_in_native, id=1484, stack(0x0000008c94c00000,0x0000008c94d00000)]
  0x000001bbd50f5e70 JavaThread "defaultEventLoopGroup-2-1" [_thread_blocked, id=13380, stack(0x0000008c93400000,0x0000008c93500000)]
  0x000001bbd50f30e0 JavaThread "Dialtone Session Dispatcher" daemon [_thread_in_native, id=12228, stack(0x0000008c94600000,0x0000008c94700000)]
  0x000001bbd50fe720 JavaThread "defaultEventLoopGroup-2-2" [_thread_blocked, id=13324, stack(0x0000008c96500000,0x0000008c96600000)]
  0x000001bbd50f72b0 JavaThread "defaultEventLoopGroup-2-3" [_thread_blocked, id=10348, stack(0x0000008c96900000,0x0000008c96a00000)]
  0x000001bbd50f9110 JavaThread "Server Pinger #0" daemon [_thread_blocked, id=11612, stack(0x0000008c96f00000,0x0000008c97000000)]
  0x000001bbd50fb990 JavaThread "defaultEventLoopGroup-2-4" [_thread_blocked, id=5964, stack(0x0000008c97200000,0x0000008c97300000)]
  0x000001bbd50f8c00 JavaThread "pool-38-thread-2" [_thread_blocked, id=12144, stack(0x0000008c96a00000,0x0000008c96b00000)]
  0x000001bbd50faa60 JavaThread "pool-39-thread-2" [_thread_blocked, id=8184, stack(0x0000008c97000000,0x0000008c97100000)]
  0x000001bbd5104750 JavaThread "Server Pinger #1" daemon [_thread_blocked, id=11828, stack(0x0000008c93300000,0x0000008c93400000)]
  0x000001bbd5105170 JavaThread "defaultEventLoopGroup-2-5" [_thread_blocked, id=10336, stack(0x0000008c94300000,0x0000008c94400000)]
  0x000001b9137c9a70 JavaThread "Server Pinger #2" daemon [_thread_blocked, id=4620, stack(0x0000008c8e200000,0x0000008c8e300000)]
  0x000001bb73221920 JavaThread "defaultEventLoopGroup-2-6" [_thread_blocked, id=13504, stack(0x0000008c91500000,0x0000008c91600000)]
  0x000001bbdcfa0120 JavaThread "Server Pinger #3" daemon [_thread_blocked, id=1648, stack(0x0000008c90200000,0x0000008c90300000)]
  0x000001bbdc860170 JavaThread "defaultEventLoopGroup-2-7" [_thread_blocked, id=5436, stack(0x0000008c93100000,0x0000008c93200000)]
  0x000001bb73219a90 JavaThread "Server Pinger #4" daemon [_thread_blocked, id=8308, stack(0x0000008c91600000,0x0000008c91700000)]
  0x000001bbdcd6b060 JavaThread "defaultEventLoopGroup-2-8" [_thread_blocked, id=13452, stack(0x0000008c93200000,0x0000008c93300000)]
  0x000001bbf37693c0 JavaThread "defaultEventLoopGroup-2-9" [_thread_blocked, id=9028, stack(0x0000008c93d00000,0x0000008c93e00000)]
  0x000001bbdcd6cec0 JavaThread "defaultEventLoopGroup-2-10" [_thread_blocked, id=8528, stack(0x0000008c94200000,0x0000008c94300000)]
  0x000001bbf2dd5370 JavaThread "Netty Client IO #6" daemon [_thread_in_native, id=2860, stack(0x0000008c94000000,0x0000008c94100000)]
  0x000001bbdcf9fc10 JavaThread "defaultEventLoopGroup-2-11" [_thread_blocked, id=10012, stack(0x0000008c96400000,0x0000008c96500000)]
  0x000001bbf3355900 JavaThread "defaultEventLoopGroup-2-12" [_thread_blocked, id=8464, stack(0x0000008c96d00000,0x0000008c96e00000)]
  0x000001bbdc5129c0 JavaThread "defaultEventLoopGroup-2-13" [_thread_blocked, id=4352, stack(0x0000008c97a00000,0x0000008c97b00000)]
  0x000001bbd0390070 JavaThread "defaultEventLoopGroup-2-14" [_thread_blocked, id=5324, stack(0x0000008c96300000,0x0000008c96400000)]
  0x000001bbf3355e10 JavaThread "defaultEventLoopGroup-2-15" [_thread_blocked, id=1196, stack(0x0000008c97500000,0x0000008c97600000)]
  0x000001bbf3116290 JavaThread "defaultEventLoopGroup-2-16" [_thread_blocked, id=13032, stack(0x0000008c95700000,0x0000008c95800000)]
  0x000001bb7321d750 JavaThread "Sound engine" daemon [_thread_blocked, id=7992, stack(0x0000008c96700000,0x0000008c96800000)]
  0x000001bbdcd6e300 JavaThread "Chunk Render Task Executor #0" [_thread_blocked, id=6868, stack(0x0000008c93000000,0x0000008c93100000)]
  0x000001bb7321cd30 JavaThread "pool-196-thread-1" [_thread_blocked, id=5332, stack(0x0000008c96e00000,0x0000008c96f00000)]
  0x000001bb7321e170 JavaThread "IO-Worker-16" [_thread_blocked, id=6052, stack(0x0000008c90400000,0x0000008c90500000)]
  0x000001bbdcfa2eb0 JavaThread "JEI Deduplicating Run Executor 0" [_thread_blocked, id=3040, stack(0x0000008c90a00000,0x0000008c90b00000)]
  0x000001bbd50ecba0 JavaThread "HttpClient-66-SelectorManager" daemon [_thread_in_native, id=3036, stack(0x0000008c91300000,0x0000008c91400000)]
  0x000001bbd50ea320 JavaThread "HttpClient-67-SelectorManager" daemon [_thread_in_native, id=3212, stack(0x0000008c91200000,0x0000008c91300000)]
  0x000001bbf31167a0 JavaThread "HttpClient-68-SelectorManager" daemon [_thread_in_native, id=3280, stack(0x0000008c8e400000,0x0000008c8e500000)]
  0x000001bbf6f950b0 JavaThread "HttpClient-69-SelectorManager" daemon [_thread_in_native, id=1888, stack(0x0000008c92200000,0x0000008c92300000)]
  0x000001bbf2dd4440 JavaThread "HttpClient-70-SelectorManager" daemon [_thread_in_native, id=3728, stack(0x0000008c91d00000,0x0000008c91e00000)]

Other Threads:
  0x000001b93740bd70 VMThread "VM Thread" [stack: 0x0000008c8f200000,0x0000008c8f300000] [id=7400]
  0x000001b937084070 WatcherThread [stack: 0x0000008c8fd00000,0x0000008c8fe00000] [id=13680]
  0x000001b9373c1420 ConcurrentGCThread "ZDirector" [stack: 0x0000008c8eb00000,0x0000008c8ec00000] [id=7104]
  0x000001b9373bfb90 ConcurrentGCThread "ZDriver" [stack: 0x0000008c8ea00000,0x0000008c8eb00000] [id=7180]
  0x000001b9373c1c30 ConcurrentGCThread "ZStat" [stack: 0x0000008c8ec00000,0x0000008c8ed00000] [id=5040]
  0x000001b9373bbf30 ConcurrentGCThread "ZUnmapper" [stack: 0x0000008c8e800000,0x0000008c8e900000] [id=11408]
  0x000001b9373bd8a0 ConcurrentGCThread "ZUncommitter" [stack: 0x0000008c8e900000,0x0000008c8ea00000] [id=5584]
  0x000001b9373a6de0 GCTaskThread "ZWorker#0" [stack: 0x0000008c8e600000,0x0000008c8e700000] [id=9972]
  0x000001b9373a7300 GCTaskThread "ZWorker#1" [stack: 0x0000008c8e700000,0x0000008c8e800000] [id=3656]
  0x000001b9373c2fb0 Thread "RuntimeWorker#0" [stack: 0x0000008c8ed00000,0x0000008c8ee00000] [id=7144]
  0x000001b9373c61e0 Thread "RuntimeWorker#1" [stack: 0x0000008c8ee00000,0x0000008c8ef00000] [id=8304]
  0x000001b9373d68b0 Thread "RuntimeWorker#2" [stack: 0x0000008c8ef00000,0x0000008c8f000000] [id=9812]
  0x000001b9373d9d80 Thread "RuntimeWorker#3" [stack: 0x0000008c8f000000,0x0000008c8f100000] [id=3228]
  0x000001b9373d9540 Thread "RuntimeWorker#4" [stack: 0x0000008c8f100000,0x0000008c8f200000] [id=12988]

Threads with active compile tasks:

VM state: not at safepoint (normal execution)

VM Mutex/Monitor currently owned by a thread: None

CDS archive(s) not mapped
Compressed class space mapped at: 0x0000000080000000-0x00000000c0000000, reserved size: 1073741824
Narrow klass base: 0x0000000000000000, Narrow klass shift: 0, Narrow klass range: 0xc0000000

GC Precious Log:
 NUMA Support: Disabled
 CPUs: 8 total, 8 available
 Memory: 7778M
 Large Page Support: Disabled
 GC Workers: 2 (dynamic)
 Address Space Type: Contiguous/Unrestricted/Complete
 Address Space Size: 65536M x 3 = 196608M
 Min Capacity: 512M
 Initial Capacity: 512M
 Max Capacity: 4096M
 Medium Page Size: 32M
 Pre-touch: Enabled
 Uncommit: Disabled
 Runtime Workers: 5

ZGC Globals:
 GlobalPhase:       0 (Mark)
 GlobalSeqNum:      475
 Offset Max:        4096G (0x0000040000000000)
 Page Size Small:   2M
 Page Size Medium:  32M

ZGC Metadata Bits:
 Good:              0x0000040000000000
 Bad:               0x0000380000000000
 WeakBad:           0x0000080000000000
 Marked:            0x0000040000000000
 Remapped:          0x0000100000000000

Heap:
 ZHeap           used 3540M, capacity 4096M, max capacity 4096M
 Metaspace       used 334227K, committed 336576K, reserved 1376256K
  class space    used 57190K, committed 58240K, reserved 1048576K

ZGC Page Table:
 Small   0x0000000000200000 0x00000000003ffff8 0x0000000000400000  Relocatable
 Small   0x0000000000c00000 0x0000000000dfffe0 0x0000000000e00000  Relocatable
 Small   0x0000000001400000 0x00000000015fff50 0x0000000001600000  Relocatable
 Small   0x0000000001600000 0x00000000017e3fe0 0x0000000001800000  Relocatable
 Small   0x0000000002400000 0x00000000025ffff0 0x0000000002600000  Relocatable
 Small   0x0000000002600000 0x00000000027fffe8 0x0000000002800000  Relocatable
 Small   0x0000000002800000 0x00000000029fffd8 0x0000000002a00000  Relocatable
 Small   0x0000000002a00000 0x0000000002bf8a20 0x0000000002c00000  Relocatable
 Small   0x0000000003000000 0x00000000031fffe8 0x0000000003200000  Relocatable
 Small   0x0000000003200000 0x0000000003400000 0x0000000003400000  Relocatable
 Small   0x0000000003400000 0x000000000359d6b0 0x0000000003600000  Relocatable
 Small   0x0000000003800000 0x0000000003a00000 0x0000000003a00000  Relocatable
 Small   0x0000000003a00000 0x0000000003c00000 0x0000000003c00000  Relocatable
 Small   0x0000000003c00000 0x0000000003e00000 0x0000000003e00000  Relocatable
 Small   0x0000000003e00000 0x0000000004000000 0x0000000004000000  Relocatable
 Small   0x0000000004000000 0x0000000004200000 0x0000000004200000  Relocatable
 Small   0x0000000004200000 0x0000000004400000 0x0000000004400000  Relocatable
 Small   0x0000000004400000 0x0000000004600000 0x0000000004600000  Relocatable
 Small   0x0000000004600000 0x0000000004800000 0x0000000004800000  Relocatable
 Small   0x0000000004800000 0x0000000004a00000 0x0000000004a00000  Relocatable
 Small   0x0000000004a00000 0x0000000004c00000 0x0000000004c00000  Relocatable
 Small   0x0000000004c00000 0x0000000004e00000 0x0000000004e00000  Relocatable
 Small   0x0000000004e00000 0x0000000005000000 0x0000000005000000  Relocatable
 Small   0x0000000005000000 0x0000000005200000 0x0000000005200000  Relocatable
 Small   0x0000000005200000 0x0000000005400000 0x0000000005400000  Relocatable
 Small   0x0000000005400000 0x0000000005600000 0x0000000005600000  Relocatable
 Small   0x0000000005600000 0x0000000005800000 0x0000000005800000  Relocatable
 Small   0x0000000005800000 0x0000000005a00000 0x0000000005a00000  Relocatable
 Small   0x0000000005c00000 0x0000000005dfe3f8 0x0000000005e00000  Relocatable
 Small   0x0000000006200000 0x00000000063fffa8 0x0000000006400000  Relocatable
 Small   0x0000000006600000 0x00000000067fffd0 0x0000000006800000  Relocatable
 Small   0x0000000006a00000 0x0000000006bffff0 0x0000000006c00000  Relocatable
 Small   0x0000000006c00000 0x0000000006dfffe0 0x0000000006e00000  Relocatable
 Small   0x0000000007000000 0x00000000071fffe8 0x0000000007200000  Relocatable
 Small   0x0000000007200000 0x00000000073fff88 0x0000000007400000  Relocatable
 Small   0x0000000007400000 0x00000000075dc228 0x0000000007600000  Relocatable
 Small   0x0000000007800000 0x0000000007a00000 0x0000000007a00000  Relocatable
 Small   0x0000000007c00000 0x0000000007dfffd8 0x0000000007e00000  Relocatable
 Small   0x0000000007e00000 0x0000000007ffffd8 0x0000000008000000  Relocatable
 Small   0x0000000008000000 0x00000000081fffe8 0x0000000008200000  Relocatable
 Small   0x0000000008200000 0x00000000083fdfa8 0x0000000008400000  Relocatable
 Small   0x0000000008400000 0x00000000085fffb8 0x0000000008600000  Relocatable
 Small   0x0000000008600000 0x0000000008800000 0x0000000008800000  Relocatable
 Small   0x0000000008800000 0x00000000089f1de0 0x0000000008a00000  Relocatable
 Small   0x0000000008e00000 0x0000000008fffff8 0x0000000009000000  Relocatable
 Small   0x0000000009000000 0x00000000091fff68 0x0000000009200000  Relocatable
 Small   0x0000000009200000 0x00000000093ffff8 0x0000000009400000  Relocatable
 Medium  0x0000000009400000 0x000000000acfb000 0x000000000b400000  Relocatable
 Small   0x000000000b400000 0x000000000b5ffff8 0x000000000b600000  Relocatable
 Small   0x000000000b600000 0x000000000b7fffe8 0x000000000b800000  Relocatable
 Small   0x000000000b800000 0x000000000b9ffff8 0x000000000ba00000  Relocatable
 Small   0x000000000bc00000 0x000000000be00000 0x000000000be00000  Relocatable
 Small   0x000000000be00000 0x000000000bfdfd80 0x000000000c000000  Relocatable
 Small   0x000000000c000000 0x000000000c200000 0x000000000c200000  Relocatable
 Small   0x000000000c600000 0x000000000c7ffff0 0x000000000c800000  Relocatable
 Small   0x000000000c800000 0x000000000c9ffff8 0x000000000ca00000  Relocatable
 Small   0x000000000cc00000 0x000000000ce00000 0x000000000ce00000  Relocatable
 Small   0x000000000d000000 0x000000000d1fffe8 0x000000000d200000  Relocatable
 Small   0x000000000d400000 0x000000000d5ffff0 0x000000000d600000  Relocatable
 Small   0x000000000d600000 0x000000000d800000 0x000000000d800000  Relocatable
 Small   0x000000000da00000 0x000000000dbfff58 0x000000000dc00000  Relocatable
 Small   0x000000000de00000 0x000000000dffff68 0x000000000e000000  Relocatable
 Small   0x000000000e200000 0x000000000e400000 0x000000000e400000  Relocatable
 Small   0x000000000e400000 0x000000000e600000 0x000000000e600000  Relocatable
 Small   0x000000000e800000 0x000000000e9ffff0 0x000000000ea00000  Relocatable
 Small   0x000000000ee00000 0x000000000effffc0 0x000000000f000000  Relocatable
 Small   0x000000000f000000 0x000000000f200000 0x000000000f200000  Relocatable
 Small   0x000000000fc00000 0x000000000fe00000 0x000000000fe00000  Relocatable
 Small   0x000000000fe00000 0x0000000010000000 0x0000000010000000  Relocatable
 Small   0x0000000010200000 0x0000000010400000 0x0000000010400000  Relocatable
 Small   0x0000000010400000 0x00000000105fffe8 0x0000000010600000  Relocatable
 Small   0x0000000010600000 0x0000000010800000 0x0000000010800000  Relocatable
 Small   0x0000000010800000 0x00000000109fff90 0x0000000010a00000  Relocatable
 Small   0x0000000010a00000 0x0000000010c00000 0x0000000010c00000  Relocatable
 Small   0x0000000010c00000 0x0000000010dfffd0 0x0000000010e00000  Relocatable
 Small   0x0000000010e00000 0x0000000010ffffc8 0x0000000011000000  Relocatable
 Small   0x0000000011000000 0x00000000111fffe8 0x0000000011200000  Relocatable
 Small   0x0000000011400000 0x00000000115fffc0 0x0000000011600000  Relocatable
 Small   0x0000000011600000 0x0000000011800000 0x0000000011800000  Relocatable
 Small   0x0000000011a00000 0x0000000011bed9e8 0x0000000011c00000  Relocatable
 Small   0x0000000011c00000 0x0000000011e00000 0x0000000011e00000  Relocatable
 Small   0x0000000012600000 0x00000000127ffff0 0x0000000012800000  Relocatable
 Small   0x0000000012c00000 0x0000000012dfffc8 0x0000000012e00000  Relocatable
 Small   0x0000000012e00000 0x0000000012ffffe8 0x0000000013000000  Relocatable
 Small   0x0000000013000000 0x0000000013200000 0x0000000013200000  Relocatable
 Small   0x0000000013800000 0x00000000139fffe8 0x0000000013a00000  Relocatable
 Small   0x0000000013a00000 0x0000000013c00000 0x0000000013c00000  Relocatable
 Small   0x0000000013e00000 0x0000000014000000 0x0000000014000000  Relocatable
 Small   0x0000000014000000 0x0000000014200000 0x0000000014200000  Relocatable
 Small   0x0000000014200000 0x00000000143ffb18 0x0000000014400000  Relocatable
 Small   0x0000000014400000 0x0000000014600000 0x0000000014600000  Relocatable
 Small   0x0000000014600000 0x00000000147ffff0 0x0000000014800000  Relocatable
 Small   0x0000000014a00000 0x0000000014c00000 0x0000000014c00000  Relocatable
 Small   0x0000000014c00000 0x0000000014dfffd8 0x0000000014e00000  Relocatable
 Small   0x0000000015200000 0x00000000153fcdd0 0x0000000015400000  Relocatable
 Small   0x0000000015400000 0x00000000155fffc8 0x0000000015600000  Relocatable
 Small   0x0000000015a00000 0x0000000015c00000 0x0000000015c00000  Relocatable
 Small   0x0000000015c00000 0x0000000015dfffa0 0x0000000015e00000  Relocatable
 Small   0x0000000015e00000 0x0000000015ffffb8 0x0000000016000000  Relocatable
 Small   0x0000000016000000 0x00000000161fffe8 0x0000000016200000  Relocatable
 Small   0x0000000016200000 0x00000000163fffc0 0x0000000016400000  Relocatable
 Small   0x0000000016600000 0x00000000167fff38 0x0000000016800000  Relocatable
 Small   0x0000000016a00000 0x0000000016c00000 0x0000000016c00000  Relocatable
 Small   0x0000000016e00000 0x0000000016fffff8 0x0000000017000000  Relocatable
 Small   0x0000000017000000 0x0000000017200000 0x0000000017200000  Relocatable
 Small   0x0000000017200000 0x00000000173fffe0 0x0000000017400000  Relocatable
 Small   0x0000000017400000 0x00000000175fffd8 0x0000000017600000  Relocatable
 Small   0x0000000017600000 0x0000000017800000 0x0000000017800000  Relocatable
 Small   0x0000000017800000 0x00000000179fffb0 0x0000000017a00000  Relocatable
 Small   0x0000000017c00000 0x0000000017dfffd0 0x0000000017e00000  Relocatable
 Small   0x0000000018000000 0x00000000181f9d80 0x0000000018200000  Relocatable
 Small   0x0000000018200000 0x0000000018400000 0x0000000018400000  Relocatable
 Small   0x0000000018400000 0x0000000018600000 0x0000000018600000  Relocatable
 Small   0x0000000018600000 0x0000000018800000 0x0000000018800000  Relocatable
 Small   0x0000000018800000 0x00000000189ffff8 0x0000000018a00000  Relocatable
 Small   0x0000000018a00000 0x0000000018c00000 0x0000000018c00000  Relocatable
 Small   0x0000000018c00000 0x0000000018dffff8 0x0000000018e00000  Relocatable
 Small   0x0000000018e00000 0x0000000019000000 0x0000000019000000  Relocatable
 Small   0x0000000019400000 0x00000000195ee618 0x0000000019600000  Relocatable
 Small   0x0000000019800000 0x0000000019a00000 0x0000000019a00000  Relocatable
 Small   0x0000000019a00000 0x0000000019c00000 0x0000000019c00000  Relocatable
 Small   0x0000000019c00000 0x0000000019dfd018 0x0000000019e00000  Relocatable
 Small   0x0000000019e00000 0x0000000019ffffe0 0x000000001a000000  Relocatable
 Small   0x000000001a000000 0x000000001a200000 0x000000001a200000  Relocatable
 Small   0x000000001a400000 0x000000001a5ffff0 0x000000001a600000  Relocatable
 Small   0x000000001a800000 0x000000001aa00000 0x000000001aa00000  Relocatable
 Small   0x000000001aa00000 0x000000001ac00000 0x000000001ac00000  Relocatable
 Small   0x000000001b000000 0x000000001b1ffff0 0x000000001b200000  Relocatable
 Small   0x000000001b400000 0x000000001b600000 0x000000001b600000  Relocatable
 Small   0x000000001ba00000 0x000000001bc00000 0x000000001bc00000  Relocatable
 Small   0x000000001c000000 0x000000001c200000 0x000000001c200000  Relocatable
 Small   0x000000001c200000 0x000000001c3ffff0 0x000000001c400000  Relocatable
 Small   0x000000001c400000 0x000000001c5ffff8 0x000000001c600000  Relocatable
 Small   0x000000001c800000 0x000000001c9fffd8 0x000000001ca00000  Relocatable
 Small   0x000000001ca00000 0x000000001cc00000 0x000000001cc00000  Relocatable
 Small   0x000000001ce00000 0x000000001cffff80 0x000000001d000000  Relocatable
 Small   0x000000001d000000 0x000000001d1fffb8 0x000000001d200000  Relocatable
 Small   0x000000001d200000 0x000000001d400000 0x000000001d400000  Relocatable
 Small   0x000000001d800000 0x000000001d9ffff8 0x000000001da00000  Relocatable
 Small   0x000000001da00000 0x000000001dbffff8 0x000000001dc00000  Relocatable
 Small   0x000000001dc00000 0x000000001de00000 0x000000001de00000  Relocatable
 Small   0x000000001e200000 0x000000001e400000 0x000000001e400000  Relocatable
 Small   0x000000001e600000 0x000000001e800000 0x000000001e800000  Relocatable
 Small   0x000000001ee00000 0x000000001effff70 0x000000001f000000  Relocatable
 Small   0x000000001f000000 0x000000001f1fff40 0x000000001f200000  Relocatable
 Small   0x000000001f400000 0x000000001f600000 0x000000001f600000  Relocatable
 Small   0x000000001fc00000 0x000000001fe00000 0x000000001fe00000  Relocatable
 Small   0x0000000020000000 0x0000000020200000 0x0000000020200000  Relocatable
 Small   0x0000000020200000 0x00000000203ffff0 0x0000000020400000  Relocatable
 Small   0x0000000020400000 0x00000000205fff28 0x0000000020600000  Relocatable
 Small   0x0000000020800000 0x0000000020a00000 0x0000000020a00000  Relocatable
 Small   0x0000000020a00000 0x0000000020c00000 0x0000000020c00000  Relocatable
 Small   0x0000000021200000 0x00000000213fffd0 0x0000000021400000  Relocatable
 Small   0x0000000021400000 0x00000000215fff70 0x0000000021600000  Relocatable
 Small   0x0000000021600000 0x0000000021800000 0x0000000021800000  Relocatable
 Small   0x0000000021800000 0x00000000219fffd0 0x0000000021a00000  Relocatable
 Small   0x0000000021c00000 0x0000000021e00000 0x0000000021e00000  Relocatable
 Small   0x0000000021e00000 0x0000000021fffff0 0x0000000022000000  Relocatable
 Small   0x0000000022200000 0x0000000022400000 0x0000000022400000  Relocatable
 Small   0x0000000022400000 0x00000000225ffff8 0x0000000022600000  Relocatable
 Small   0x0000000022600000 0x00000000227ffff8 0x0000000022800000  Relocatable
 Small   0x0000000022800000 0x00000000229ffff0 0x0000000022a00000  Relocatable
 Small   0x0000000022a00000 0x0000000022c00000 0x0000000022c00000  Relocatable
 Small   0x0000000022c00000 0x0000000022dffff0 0x0000000022e00000  Relocatable
 Small   0x0000000022e00000 0x0000000022fffff0 0x0000000023000000  Relocatable
 Small   0x0000000023200000 0x00000000233ffff8 0x0000000023400000  Relocatable
 Small   0x0000000023a00000 0x0000000023c00000 0x0000000023c00000  Relocatable
 Small   0x0000000023c00000 0x0000000023dfffd8 0x0000000023e00000  Relocatable
 Small   0x0000000024600000 0x00000000247ffff8 0x0000000024800000  Relocatable
 Small   0x0000000024800000 0x00000000249ffff0 0x0000000024a00000  Relocatable
 Small   0x0000000024a00000 0x0000000024bfff70 0x0000000024c00000  Relocatable
 Small   0x0000000024c00000 0x0000000024e00000 0x0000000024e00000  Relocatable
 Small   0x0000000025000000 0x00000000251fffe0 0x0000000025200000  Relocatable
 Small   0x0000000025200000 0x00000000253fffc8 0x0000000025400000  Relocatable
 Small   0x0000000025400000 0x0000000025600000 0x0000000025600000  Relocatable
 Small   0x0000000025600000 0x00000000257ffff0 0x0000000025800000  Relocatable
 Small   0x0000000025800000 0x00000000259fffe0 0x0000000025a00000  Relocatable
 Small   0x0000000025a00000 0x0000000025c00000 0x0000000025c00000  Relocatable
 Small   0x0000000025c00000 0x0000000025e00000 0x0000000025e00000  Relocatable
 Small   0x0000000025e00000 0x0000000025ffffe0 0x0000000026000000  Relocatable
 Small   0x0000000026600000 0x00000000267ffff0 0x0000000026800000  Relocatable
 Small   0x0000000026800000 0x00000000269fff88 0x0000000026a00000  Relocatable
 Small   0x0000000026a00000 0x0000000026bffff0 0x0000000026c00000  Relocatable
 Small   0x0000000026e00000 0x0000000027000000 0x0000000027000000  Relocatable
 Small   0x0000000027000000 0x0000000027200000 0x0000000027200000  Relocatable
 Small   0x0000000027200000 0x00000000273fff30 0x0000000027400000  Relocatable
 Small   0x0000000027800000 0x0000000027a00000 0x0000000027a00000  Relocatable
 Small   0x0000000027a00000 0x0000000027c00000 0x0000000027c00000  Relocatable
 Small   0x0000000027e00000 0x0000000027ffffe0 0x0000000028000000  Relocatable
 Small   0x0000000028000000 0x00000000281ffff0 0x0000000028200000  Relocatable
 Small   0x0000000028a00000 0x0000000028bfffd8 0x0000000028c00000  Relocatable
 Small   0x0000000028e00000 0x0000000028ffffe8 0x0000000029000000  Relocatable
 Small   0x0000000029000000 0x00000000291fff58 0x0000000029200000  Relocatable
 Small   0x0000000029200000 0x00000000293fffa0 0x0000000029400000  Relocatable
 Small   0x0000000029400000 0x0000000029600000 0x0000000029600000  Relocatable
 Small   0x0000000029600000 0x00000000297ffff0 0x0000000029800000  Relocatable
 Small   0x0000000029800000 0x00000000299fffe0 0x0000000029a00000  Relocatable
 Small   0x0000000029e00000 0x0000000029ffffe8 0x000000002a000000  Relocatable
 Small   0x000000002a000000 0x000000002a1fffe0 0x000000002a200000  Relocatable
 Small   0x000000002a200000 0x000000002a400000 0x000000002a400000  Relocatable
 Small   0x000000002a400000 0x000000002a600000 0x000000002a600000  Relocatable
 Small   0x000000002a600000 0x000000002a7fffc0 0x000000002a800000  Relocatable
 Small   0x000000002b000000 0x000000002b1fffd8 0x000000002b200000  Relocatable
 Small   0x000000002b600000 0x000000002b800000 0x000000002b800000  Relocatable
 Small   0x000000002ba00000 0x000000002bc00000 0x000000002bc00000  Relocatable
 Small   0x000000002be00000 0x000000002bffffe0 0x000000002c000000  Relocatable
 Small   0x000000002c000000 0x000000002c1fba08 0x000000002c200000  Relocatable
 Small   0x000000002c400000 0x000000002c5ffff0 0x000000002c600000  Relocatable
 Small   0x000000002c600000 0x000000002c7fffd0 0x000000002c800000  Relocatable
 Small   0x000000002c800000 0x000000002ca00000 0x000000002ca00000  Relocatable
 Small   0x000000002ca00000 0x000000002cbffff0 0x000000002cc00000  Relocatable
 Small   0x000000002d400000 0x000000002d5fffd0 0x000000002d600000  Relocatable
 Small   0x000000002d600000 0x000000002d7fe200 0x000000002d800000  Relocatable
 Small   0x000000002d800000 0x000000002d9fffe8 0x000000002da00000  Relocatable
 Small   0x000000002de00000 0x000000002e000000 0x000000002e000000  Relocatable
 Small   0x000000002e600000 0x000000002e7fffd8 0x000000002e800000  Relocatable
 Small   0x000000002e800000 0x000000002e9fffd8 0x000000002ea00000  Relocatable
 Small   0x000000002ee00000 0x000000002f000000 0x000000002f000000  Relocatable
 Small   0x000000002f200000 0x000000002f3ffff8 0x000000002f400000  Relocatable
 Small   0x000000002f400000 0x000000002f5ffff0 0x000000002f600000  Relocatable
 Small   0x000000002f600000 0x000000002f800000 0x000000002f800000  Relocatable
 Small   0x000000002fc00000 0x000000002fdffff0 0x000000002fe00000  Relocatable
 Small   0x000000002fe00000 0x000000002fffff60 0x0000000030000000  Relocatable
 Small   0x0000000030400000 0x0000000030587120 0x0000000030600000  Relocatable
 Small   0x0000000030600000 0x00000000307ffff8 0x0000000030800000  Relocatable
 Small   0x0000000031000000 0x00000000311fffc8 0x0000000031200000  Relocatable
 Small   0x0000000031200000 0x00000000313ffff8 0x0000000031400000  Relocatable
 Small   0x0000000031400000 0x0000000031600000 0x0000000031600000  Relocatable
 Small   0x0000000031600000 0x0000000031800000 0x0000000031800000  Relocatable
 Small   0x0000000031800000 0x00000000319ffff8 0x0000000031a00000  Relocatable
 Small   0x0000000031e00000 0x0000000031ffff48 0x0000000032000000  Relocatable
 Small   0x0000000032200000 0x00000000323fffd0 0x0000000032400000  Relocatable
 Small   0x0000000032400000 0x0000000032600000 0x0000000032600000  Relocatable
 Small   0x0000000032600000 0x0000000032800000 0x0000000032800000  Relocatable
 Small   0x0000000032e00000 0x0000000033000000 0x0000000033000000  Relocatable
 Small   0x0000000033400000 0x00000000335f3d68 0x0000000033600000  Relocatable
 Small   0x0000000033a00000 0x0000000033c00000 0x0000000033c00000  Relocatable
 Small   0x0000000033e00000 0x0000000033ffffe8 0x0000000034000000  Relocatable
 Small   0x0000000034400000 0x00000000345ffff8 0x0000000034600000  Relocatable
 Small   0x0000000034600000 0x00000000347fffe8 0x0000000034800000  Relocatable
 Small   0x0000000034a00000 0x0000000034bffff0 0x0000000034c00000  Relocatable
 Small   0x0000000034c00000 0x0000000034dffff8 0x0000000034e00000  Relocatable
 Small   0x0000000034e00000 0x0000000035000000 0x0000000035000000  Relocatable
 Small   0x0000000035000000 0x00000000351fffb8 0x0000000035200000  Relocatable
 Small   0x0000000035a00000 0x0000000035bffcd0 0x0000000035c00000  Relocatable
 Small   0x0000000035c00000 0x0000000035dfffe8 0x0000000035e00000  Relocatable
 Small   0x0000000036400000 0x00000000365ffff0 0x0000000036600000  Relocatable
 Small   0x0000000036c00000 0x0000000036e00000 0x0000000036e00000  Relocatable
 Small   0x0000000036e00000 0x0000000036ffffe0 0x0000000037000000  Relocatable
 Small   0x0000000037000000 0x00000000371ffff0 0x0000000037200000  Relocatable
 Small   0x0000000037200000 0x00000000373fffc0 0x0000000037400000  Relocatable
 Small   0x0000000037800000 0x0000000037a00000 0x0000000037a00000  Relocatable
 Small   0x0000000037c00000 0x0000000037dffe38 0x0000000037e00000  Relocatable
 Small   0x0000000037e00000 0x0000000038000000 0x0000000038000000  Relocatable
 Small   0x0000000038200000 0x0000000038400000 0x0000000038400000  Relocatable
 Small   0x0000000038400000 0x0000000038600000 0x0000000038600000  Relocatable
 Small   0x0000000038600000 0x00000000387ffff0 0x0000000038800000  Relocatable
 Small   0x0000000038800000 0x00000000389edec8 0x0000000038a00000  Relocatable
 Small   0x0000000038c00000 0x0000000038e00000 0x0000000038e00000  Relocatable
 Small   0x0000000038e00000 0x0000000038fffff0 0x0000000039000000  Relocatable
 Small   0x0000000039000000 0x0000000039200000 0x0000000039200000  Relocatable
 Small   0x0000000039200000 0x0000000039400000 0x0000000039400000  Relocatable
 Small   0x0000000039400000 0x0000000039600000 0x0000000039600000  Relocatable
 Small   0x0000000039600000 0x00000000397ffff0 0x0000000039800000  Relocatable
 Small   0x0000000039a00000 0x0000000039c00000 0x0000000039c00000  Relocatable
 Small   0x0000000039c00000 0x0000000039dfffe0 0x0000000039e00000  Relocatable
 Small   0x0000000039e00000 0x0000000039f8c750 0x000000003a000000  Relocatable
 Small   0x000000003a600000 0x000000003a7ffff8 0x000000003a800000  Relocatable
 Small   0x000000003a800000 0x000000003a9ffff8 0x000000003aa00000  Relocatable
 Small   0x000000003aa00000 0x000000003ac00000 0x000000003ac00000  Relocatable
 Small   0x000000003ac00000 0x000000003ae00000 0x000000003ae00000  Relocatable
 Small   0x000000003ae00000 0x000000003b000000 0x000000003b000000  Relocatable
 Small   0x000000003b000000 0x000000003b200000 0x000000003b200000  Relocatable
 Small   0x000000003b400000 0x000000003b5ffff8 0x000000003b600000  Relocatable
 Small   0x000000003b600000 0x000000003b7fff10 0x000000003b800000  Relocatable
 Small   0x000000003b800000 0x000000003b9fffe0 0x000000003ba00000  Relocatable
 Small   0x000000003ba00000 0x000000003bbfffd8 0x000000003bc00000  Relocatable
 Small   0x000000003bc00000 0x000000003bdfff78 0x000000003be00000  Relocatable
 Small   0x000000003c000000 0x000000003c200000 0x000000003c200000  Relocatable
 Small   0x000000003c200000 0x000000003c400000 0x000000003c400000  Relocatable
 Small   0x000000003c600000 0x000000003c800000 0x000000003c800000  Relocatable
 Small   0x000000003c800000 0x000000003c9ffff8 0x000000003ca00000  Relocatable
 Small   0x000000003cc00000 0x000000003cdffff0 0x000000003ce00000  Relocatable
 Small   0x000000003ce00000 0x000000003cfffff0 0x000000003d000000  Relocatable
 Small   0x000000003d200000 0x000000003d3fffa0 0x000000003d400000  Relocatable
 Small   0x000000003d400000 0x000000003d5fffe0 0x000000003d600000  Relocatable
 Small   0x000000003d600000 0x000000003d7ffff0 0x000000003d800000  Relocatable
 Small   0x000000003d800000 0x000000003d9ffff0 0x000000003da00000  Relocatable
 Small   0x000000003da00000 0x000000003dbffff0 0x000000003dc00000  Relocatable
 Small   0x000000003dc00000 0x000000003ddfffd0 0x000000003de00000  Relocatable
 Small   0x000000003de00000 0x000000003dfffff8 0x000000003e000000  Relocatable
 Small   0x000000003e000000 0x000000003e200000 0x000000003e200000  Relocatable
 Small   0x000000003e200000 0x000000003e400000 0x000000003e400000  Relocatable
 Small   0x000000003e400000 0x000000003e5ffff0 0x000000003e600000  Relocatable
 Small   0x000000003e600000 0x000000003e7ffff8 0x000000003e800000  Relocatable
 Small   0x000000003f000000 0x000000003f1fffe8 0x000000003f200000  Relocatable
 Small   0x000000003f200000 0x000000003f400000 0x000000003f400000  Relocatable
 Small   0x000000003f600000 0x000000003f7fffd8 0x000000003f800000  Relocatable
 Small   0x000000003fa00000 0x000000003fbe3bd8 0x000000003fc00000  Relocatable
 Small   0x000000003fc00000 0x000000003fe00000 0x000000003fe00000  Relocatable
 Small   0x0000000040000000 0x00000000401ffff0 0x0000000040200000  Relocatable
 Small   0x0000000040200000 0x0000000040400000 0x0000000040400000  Relocatable
 Small   0x0000000040800000 0x00000000409ffff0 0x0000000040a00000  Relocatable
 Small   0x0000000041000000 0x0000000041200000 0x0000000041200000  Relocatable
 Small   0x0000000041200000 0x00000000413ffff0 0x0000000041400000  Relocatable
 Small   0x0000000041600000 0x00000000417ffff8 0x0000000041800000  Relocatable
 Small   0x0000000041800000 0x00000000419ffff0 0x0000000041a00000  Relocatable
 Small   0x0000000041a00000 0x0000000041bfffe8 0x0000000041c00000  Relocatable
 Small   0x0000000041e00000 0x0000000041ffffc8 0x0000000042000000  Relocatable
 Small   0x0000000042000000 0x00000000421ffff8 0x0000000042200000  Relocatable
 Small   0x0000000042400000 0x00000000425ffc08 0x0000000042600000  Relocatable
 Small   0x0000000042600000 0x0000000042800000 0x0000000042800000  Relocatable
 Small   0x0000000042a00000 0x0000000042bd5738 0x0000000042c00000  Relocatable
 Small   0x0000000042c00000 0x0000000042d96268 0x0000000042e00000  Relocatable
 Small   0x0000000043200000 0x0000000043400000 0x0000000043400000  Relocatable
 Small   0x0000000043400000 0x00000000435fffe8 0x0000000043600000  Relocatable
 Small   0x0000000043600000 0x00000000437ffff8 0x0000000043800000  Relocatable
 Small   0x0000000043800000 0x0000000043a00000 0x0000000043a00000  Relocatable
 Small   0x0000000043c00000 0x0000000043dfffb8 0x0000000043e00000  Relocatable
 Small   0x0000000044000000 0x00000000441fffe8 0x0000000044200000  Relocatable
 Small   0x0000000044400000 0x0000000044600000 0x0000000044600000  Relocatable
 Small   0x0000000044600000 0x00000000447ffef0 0x0000000044800000  Relocatable
 Small   0x0000000044800000 0x00000000449fff90 0x0000000044a00000  Relocatable
 Small   0x0000000044c00000 0x0000000044e00000 0x0000000044e00000  Relocatable
 Small   0x0000000045200000 0x00000000453ffff0 0x0000000045400000  Relocatable
 Small   0x0000000045400000 0x0000000045600000 0x0000000045600000  Relocatable
 Small   0x0000000045600000 0x0000000045800000 0x0000000045800000  Relocatable
 Small   0x0000000045c00000 0x0000000045e00000 0x0000000045e00000  Relocatable
 Small   0x0000000045e00000 0x0000000045fffff8 0x0000000046000000  Relocatable
 Small   0x0000000046000000 0x00000000461ffff0 0x0000000046200000  Relocatable
 Small   0x0000000046800000 0x00000000469ffff0 0x0000000046a00000  Relocatable
 Small   0x0000000046a00000 0x0000000046bfffb8 0x0000000046c00000  Relocatable
 Small   0x0000000046c00000 0x0000000046dfffe8 0x0000000046e00000  Relocatable
 Small   0x0000000046e00000 0x0000000046fffff0 0x0000000047000000  Relocatable
 Small   0x0000000047000000 0x00000000471fffc8 0x0000000047200000  Relocatable
 Small   0x0000000047200000 0x00000000473fffe8 0x0000000047400000  Relocatable
 Small   0x0000000047600000 0x00000000477fffc8 0x0000000047800000  Relocatable
 Small   0x0000000047800000 0x0000000047a00000 0x0000000047a00000  Relocatable
 Small   0x0000000047c00000 0x0000000047df3ab0 0x0000000047e00000  Relocatable
 Small   0x0000000048000000 0x00000000481fffa8 0x0000000048200000  Relocatable
 Small   0x0000000048200000 0x0000000048400000 0x0000000048400000  Relocatable
 Small   0x0000000048600000 0x0000000048800000 0x0000000048800000  Relocatable
 Small   0x0000000048800000 0x0000000048a00000 0x0000000048a00000  Relocatable
 Small   0x0000000048a00000 0x0000000048bfff58 0x0000000048c00000  Relocatable
 Small   0x0000000048c00000 0x0000000048dfffe0 0x0000000048e00000  Relocatable
 Small   0x0000000048e00000 0x0000000049000000 0x0000000049000000  Relocatable
 Small   0x0000000049200000 0x0000000049400000 0x0000000049400000  Relocatable
 Small   0x0000000049400000 0x0000000049600000 0x0000000049600000  Relocatable
 Small   0x0000000049600000 0x00000000497fffd0 0x0000000049800000  Relocatable
 Small   0x0000000049e00000 0x0000000049ffffc8 0x000000004a000000  Relocatable
 Small   0x000000004a200000 0x000000004a3ffff0 0x000000004a400000  Relocatable
 Small   0x000000004a400000 0x000000004a5fff68 0x000000004a600000  Relocatable
 Small   0x000000004a600000 0x000000004a800000 0x000000004a800000  Relocatable
 Small   0x000000004a800000 0x000000004a9ffff8 0x000000004aa00000  Relocatable
 Small   0x000000004aa00000 0x000000004abfff50 0x000000004ac00000  Relocatable
 Small   0x000000004b000000 0x000000004b200000 0x000000004b200000  Relocatable
 Small   0x000000004b200000 0x000000004b400000 0x000000004b400000  Relocatable
 Small   0x000000004b400000 0x000000004b5fffe8 0x000000004b600000  Relocatable
 Small   0x000000004b600000 0x000000004b7fffe8 0x000000004b800000  Relocatable
 Small   0x000000004b800000 0x000000004ba00000 0x000000004ba00000  Relocatable
 Small   0x000000004bc00000 0x000000004bdfffe8 0x000000004be00000  Relocatable
 Small   0x000000004be00000 0x000000004c000000 0x000000004c000000  Relocatable
 Small   0x000000004c000000 0x000000004c200000 0x000000004c200000  Relocatable
 Small   0x000000004c600000 0x000000004c7fffe8 0x000000004c800000  Relocatable
 Small   0x000000004c800000 0x000000004c9fff68 0x000000004ca00000  Relocatable
 Small   0x000000004cc00000 0x000000004cdffff0 0x000000004ce00000  Relocatable
 Small   0x000000004ce00000 0x000000004cffffd8 0x000000004d000000  Relocatable
 Small   0x000000004d200000 0x000000004d400000 0x000000004d400000  Relocatable
 Small   0x000000004d400000 0x000000004d5fff50 0x000000004d600000  Relocatable
 Small   0x000000004d800000 0x000000004da00000 0x000000004da00000  Relocatable
 Small   0x000000004da00000 0x000000004dbfffe8 0x000000004dc00000  Relocatable
 Small   0x000000004dc00000 0x000000004ddffff0 0x000000004de00000  Relocatable
 Small   0x000000004e000000 0x000000004e200000 0x000000004e200000  Relocatable
 Small   0x000000004e400000 0x000000004e5fffe8 0x000000004e600000  Relocatable
 Small   0x000000004e600000 0x000000004e7ffff0 0x000000004e800000  Relocatable
 Small   0x000000004e800000 0x000000004e9fffe8 0x000000004ea00000  Relocatable
 Small   0x000000004ea00000 0x000000004ebffff8 0x000000004ec00000  Relocatable
 Small   0x000000004ec00000 0x000000004edfff18 0x000000004ee00000  Relocatable
 Small   0x000000004ee00000 0x000000004effffe0 0x000000004f000000  Relocatable
 Small   0x000000004f000000 0x000000004f1ffff8 0x000000004f200000  Relocatable
 Small   0x000000004f400000 0x000000004f600000 0x000000004f600000  Relocatable
 Small   0x000000004fc00000 0x000000004fdffff8 0x000000004fe00000  Relocatable
 Small   0x0000000050200000 0x0000000050400000 0x0000000050400000  Relocatable
 Small   0x0000000050400000 0x0000000050600000 0x0000000050600000  Relocatable
 Small   0x0000000050600000 0x00000000507fff90 0x0000000050800000  Relocatable
 Small   0x0000000050800000 0x00000000509fffb8 0x0000000050a00000  Relocatable
 Small   0x0000000050a00000 0x0000000050bfff58 0x0000000050c00000  Relocatable
 Small   0x0000000050c00000 0x0000000050e00000 0x0000000050e00000  Relocatable
 Small   0x0000000051000000 0x0000000051200000 0x0000000051200000  Relocatable
 Small   0x0000000051200000 0x00000000513ffff8 0x0000000051400000  Relocatable
 Small   0x0000000051400000 0x0000000051600000 0x0000000051600000  Relocatable
 Small   0x0000000051800000 0x0000000051a00000 0x0000000051a00000  Relocatable
 Small   0x0000000051c00000 0x0000000051e00000 0x0000000051e00000  Relocatable
 Small   0x0000000052600000 0x00000000527ffff8 0x0000000052800000  Relocatable
 Small   0x0000000053400000 0x00000000535fe5d8 0x0000000053600000  Relocatable
 Small   0x0000000053a00000 0x0000000053c00000 0x0000000053c00000  Relocatable
 Small   0x0000000053c00000 0x0000000053e00000 0x0000000053e00000  Relocatable
 Small   0x0000000054200000 0x0000000054400000 0x0000000054400000  Relocatable
 Small   0x0000000054400000 0x00000000545ffff8 0x0000000054600000  Relocatable
 Small   0x0000000054600000 0x0000000054800000 0x0000000054800000  Relocatable
 Small   0x0000000054800000 0x00000000549ffff0 0x0000000054a00000  Relocatable
 Small   0x0000000054c00000 0x0000000054dffff8 0x0000000054e00000  Relocatable
 Small   0x0000000055000000 0x00000000551fff70 0x0000000055200000  Relocatable
 Small   0x0000000055800000 0x0000000055a00000 0x0000000055a00000  Relocatable
 Small   0x0000000055a00000 0x0000000055c00000 0x0000000055c00000  Relocatable
 Small   0x0000000055c00000 0x0000000055e00000 0x0000000055e00000  Relocatable
 Small   0x0000000055e00000 0x0000000055ffffe8 0x0000000056000000  Relocatable
 Small   0x0000000056000000 0x00000000561fff48 0x0000000056200000  Relocatable
 Small   0x0000000056200000 0x00000000563ffda8 0x0000000056400000  Relocatable
 Small   0x0000000056800000 0x00000000569ffff8 0x0000000056a00000  Relocatable
 Small   0x0000000056a00000 0x0000000056c00000 0x0000000056c00000  Relocatable
 Small   0x0000000056e00000 0x0000000056ffff98 0x0000000057000000  Relocatable
 Small   0x0000000057000000 0x0000000057200000 0x0000000057200000  Relocatable
 Small   0x0000000057200000 0x00000000573ffff0 0x0000000057400000  Relocatable
 Small   0x0000000057400000 0x00000000575ff680 0x0000000057600000  Relocatable
 Small   0x0000000057600000 0x0000000057800000 0x0000000057800000  Relocatable
 Small   0x0000000057800000 0x00000000579fffe8 0x0000000057a00000  Relocatable
 Small   0x0000000058000000 0x00000000581fffa8 0x0000000058200000  Relocatable
 Small   0x0000000058200000 0x00000000583fff88 0x0000000058400000  Relocatable
 Small   0x0000000058400000 0x00000000585ffff8 0x0000000058600000  Relocatable
 Small   0x0000000058600000 0x00000000587fffd8 0x0000000058800000  Relocatable
 Small   0x0000000058800000 0x00000000589fff90 0x0000000058a00000  Relocatable
 Small   0x0000000058a00000 0x0000000058bfffc8 0x0000000058c00000  Relocatable
 Small   0x0000000058c00000 0x0000000058dfff88 0x0000000058e00000  Relocatable
 Small   0x0000000059000000 0x00000000591fff88 0x0000000059200000  Relocatable
 Small   0x0000000059400000 0x00000000595ffff8 0x0000000059600000  Relocatable
 Small   0x0000000059600000 0x0000000059800000 0x0000000059800000  Relocatable
 Small   0x0000000059800000 0x00000000599ffa50 0x0000000059a00000  Relocatable
 Small   0x0000000059a00000 0x0000000059c00000 0x0000000059c00000  Relocatable
 Small   0x0000000059c00000 0x0000000059e00000 0x0000000059e00000  Relocatable
 Small   0x0000000059e00000 0x000000005a000000 0x000000005a000000  Relocatable
 Small   0x000000005a200000 0x000000005a400000 0x000000005a400000  Relocatable
 Small   0x000000005a400000 0x000000005a600000 0x000000005a600000  Relocatable
 Small   0x000000005a600000 0x000000005a7fffd0 0x000000005a800000  Relocatable
 Small   0x000000005a800000 0x000000005a9fffc8 0x000000005aa00000  Relocatable
 Small   0x000000005ac00000 0x000000005adfffe0 0x000000005ae00000  Relocatable
 Small   0x000000005ae00000 0x000000005b000000 0x000000005b000000  Relocatable
 Small   0x000000005b000000 0x000000005b1ffe38 0x000000005b200000  Relocatable
 Small   0x000000005b200000 0x000000005b400000 0x000000005b400000  Relocatable
 Small   0x000000005b600000 0x000000005b7fff88 0x000000005b800000  Relocatable
 Small   0x000000005b800000 0x000000005ba00000 0x000000005ba00000  Relocatable
 Small   0x000000005ba00000 0x000000005bbffff0 0x000000005bc00000  Relocatable
 Small   0x000000005be00000 0x000000005bffff50 0x000000005c000000  Relocatable
 Small   0x000000005c600000 0x000000005c800000 0x000000005c800000  Relocatable
 Small   0x000000005d600000 0x000000005d800000 0x000000005d800000  Relocatable
 Small   0x000000005d800000 0x000000005d9fff70 0x000000005da00000  Relocatable
 Small   0x000000005da00000 0x000000005dbffef8 0x000000005dc00000  Relocatable
 Small   0x000000005e200000 0x000000005e3ffff8 0x000000005e400000  Relocatable
 Small   0x000000005ec00000 0x000000005ee00000 0x000000005ee00000  Relocatable
 Small   0x000000005f000000 0x000000005f1ffff0 0x000000005f200000  Relocatable
 Small   0x000000005f400000 0x000000005f600000 0x000000005f600000  Relocatable
 Small   0x000000005f600000 0x000000005f7fffe0 0x000000005f800000  Relocatable
 Small   0x000000005f800000 0x000000005fa00000 0x000000005fa00000  Relocatable
 Small   0x000000005fc00000 0x000000005fdfffe0 0x000000005fe00000  Relocatable
 Small   0x000000005fe00000 0x000000005fffffe8 0x0000000060000000  Relocatable
 Small   0x0000000060200000 0x00000000603fffe8 0x0000000060400000  Relocatable
 Small   0x0000000060c00000 0x0000000060e00000 0x0000000060e00000  Relocatable
 Small   0x0000000061400000 0x00000000615fff78 0x0000000061600000  Relocatable
 Small   0x0000000061800000 0x00000000619fff78 0x0000000061a00000  Relocatable
 Small   0x0000000061a00000 0x0000000061c00000 0x0000000061c00000  Relocatable
 Small   0x0000000062000000 0x0000000062200000 0x0000000062200000  Relocatable
 Small   0x0000000062400000 0x00000000625fffd0 0x0000000062600000  Relocatable
 Small   0x0000000062800000 0x00000000629ffff0 0x0000000062a00000  Relocatable
 Small   0x0000000062c00000 0x0000000062dffff8 0x0000000062e00000  Relocatable
 Small   0x0000000062e00000 0x0000000062ffffb8 0x0000000063000000  Relocatable
 Small   0x0000000063000000 0x00000000631ffff0 0x0000000063200000  Relocatable
 Small   0x0000000063800000 0x0000000063a00000 0x0000000063a00000  Relocatable
 Small   0x0000000063a00000 0x0000000063bff818 0x0000000063c00000  Relocatable
 Small   0x0000000063c00000 0x0000000063dfffa0 0x0000000063e00000  Relocatable
 Small   0x0000000064000000 0x00000000641ffff0 0x0000000064200000  Relocatable
 Small   0x0000000064200000 0x0000000064400000 0x0000000064400000  Relocatable
 Small   0x0000000064600000 0x0000000064800000 0x0000000064800000  Relocatable
 Small   0x0000000064800000 0x00000000649fffc0 0x0000000064a00000  Relocatable
 Small   0x0000000064c00000 0x0000000064e00000 0x0000000064e00000  Relocatable
 Small   0x0000000065400000 0x00000000655ffff8 0x0000000065600000  Relocatable
 Small   0x0000000065600000 0x00000000657ffff8 0x0000000065800000  Relocatable
 Small   0x0000000065800000 0x00000000659fffe8 0x0000000065a00000  Relocatable
 Small   0x0000000065a00000 0x0000000065bff9a0 0x0000000065c00000  Relocatable
 Small   0x0000000066200000 0x0000000066400000 0x0000000066400000  Relocatable
 Small   0x0000000066c00000 0x0000000066dfff90 0x0000000066e00000  Relocatable
 Small   0x0000000067200000 0x00000000673ffcc8 0x0000000067400000  Relocatable
 Small   0x0000000067800000 0x0000000067a00000 0x0000000067a00000  Relocatable
 Small   0x0000000067a00000 0x0000000067bfffc8 0x0000000067c00000  Relocatable
 Small   0x0000000067c00000 0x0000000067e00000 0x0000000067e00000  Relocatable
 Small   0x0000000068000000 0x00000000681fff20 0x0000000068200000  Relocatable
 Small   0x0000000068200000 0x00000000683ffe70 0x0000000068400000  Relocatable
 Small   0x0000000068400000 0x0000000068600000 0x0000000068600000  Relocatable
 Small   0x0000000068a00000 0x0000000068bffff8 0x0000000068c00000  Relocatable
 Small   0x0000000068c00000 0x0000000068dfff58 0x0000000068e00000  Relocatable
 Small   0x0000000069000000 0x00000000691ffff0 0x0000000069200000  Relocatable
 Small   0x0000000069600000 0x0000000069800000 0x0000000069800000  Relocatable
 Small   0x0000000069c00000 0x0000000069c80000 0x0000000069e00000  Allocating
 Small   0x0000000069e00000 0x000000006a000000 0x000000006a000000  Relocatable
 Small   0x000000006a000000 0x000000006a1c4760 0x000000006a200000  Relocatable
 Small   0x000000006a200000 0x000000006a3fff98 0x000000006a400000  Relocatable
 Small   0x000000006a400000 0x000000006a5fffb8 0x000000006a600000  Relocatable
 Small   0x000000006a600000 0x000000006a7ffff0 0x000000006a800000  Relocatable
 Small   0x000000006a800000 0x000000006a9fffe8 0x000000006aa00000  Relocatable
 Small   0x000000006ae00000 0x000000006b000000 0x000000006b000000  Relocatable
 Small   0x000000006b200000 0x000000006b3ffff0 0x000000006b400000  Relocatable
 Small   0x000000006b400000 0x000000006b5ffff8 0x000000006b600000  Relocatable
 Small   0x000000006b600000 0x000000006b800000 0x000000006b800000  Relocatable
 Small   0x000000006b800000 0x000000006ba00000 0x000000006ba00000  Relocatable
 Small   0x000000006ba00000 0x000000006bbfff48 0x000000006bc00000  Relocatable
 Small   0x000000006bc00000 0x000000006be00000 0x000000006be00000  Relocatable
 Small   0x000000006be00000 0x000000006bff47c0 0x000000006c000000  Relocatable
 Small   0x000000006c000000 0x000000006c040000 0x000000006c200000  Allocating
 Small   0x000000006c200000 0x000000006c400000 0x000000006c400000  Relocatable
 Small   0x000000006ca00000 0x000000006cb7c910 0x000000006cc00000  Relocatable
 Small   0x000000006cc00000 0x000000006cdffff0 0x000000006ce00000  Relocatable
 Small   0x000000006ce00000 0x000000006d000000 0x000000006d000000  Relocatable
 Small   0x000000006d200000 0x000000006d400000 0x000000006d400000  Allocating
 Small   0x000000006d400000 0x000000006d5fffc0 0x000000006d600000  Relocatable
 Small   0x000000006d600000 0x000000006d640000 0x000000006d800000  Allocating
 Small   0x000000006d800000 0x000000006d9fffe0 0x000000006da00000  Relocatable
 Small   0x000000006dc00000 0x000000006ddffff0 0x000000006de00000  Relocatable
 Small   0x000000006de00000 0x000000006dfffff0 0x000000006e000000  Relocatable
 Small   0x000000006e000000 0x000000006e200000 0x000000006e200000  Relocatable
 Small   0x000000006ea00000 0x000000006ebffff8 0x000000006ec00000  Relocatable
 Small   0x000000006ee00000 0x000000006f000000 0x000000006f000000  Relocatable
 Small   0x000000006f200000 0x000000006f2c0000 0x000000006f400000  Allocating
 Small   0x000000006f600000 0x000000006f800000 0x000000006f800000  Relocatable
 Small   0x000000006fa00000 0x000000006fc00000 0x000000006fc00000  Relocatable
 Small   0x000000006fc00000 0x000000006fe00000 0x000000006fe00000  Allocating
 Small   0x0000000070000000 0x00000000701ff7f0 0x0000000070200000  Relocatable
 Small   0x0000000070200000 0x0000000070400000 0x0000000070400000  Relocatable
 Small   0x0000000070400000 0x00000000705fffe8 0x0000000070600000  Relocatable
 Small   0x0000000070600000 0x0000000070786e00 0x0000000070800000  Relocatable
 Small   0x0000000070800000 0x00000000709fff18 0x0000000070a00000  Relocatable
 Small   0x0000000070a00000 0x0000000070c00000 0x0000000070c00000  Relocatable
 Small   0x0000000070c00000 0x0000000070e00000 0x0000000070e00000  Relocatable
 Small   0x0000000070e00000 0x0000000070fffff8 0x0000000071000000  Relocatable
 Small   0x0000000071000000 0x0000000071200000 0x0000000071200000  Relocatable
 Small   0x0000000071200000 0x0000000071400000 0x0000000071400000  Relocatable
 Small   0x0000000071400000 0x0000000071600000 0x0000000071600000  Relocatable
 Small   0x0000000071800000 0x00000000719ffff8 0x0000000071a00000  Relocatable
 Small   0x0000000071a00000 0x0000000071c00000 0x0000000071c00000  Relocatable
 Small   0x0000000071c00000 0x0000000071e00000 0x0000000071e00000  Relocatable
 Small   0x0000000071e00000 0x0000000071ffff90 0x0000000072000000  Relocatable
 Small   0x0000000072000000 0x0000000072200000 0x0000000072200000  Relocatable
 Small   0x0000000072200000 0x0000000072400000 0x0000000072400000  Relocatable
 Small   0x0000000072600000 0x0000000072800000 0x0000000072800000  Relocatable
 Small   0x0000000072800000 0x0000000072a00000 0x0000000072a00000  Relocatable
 Small   0x0000000072a00000 0x0000000072bffff0 0x0000000072c00000  Relocatable
 Small   0x0000000072c00000 0x0000000072dfffd0 0x0000000072e00000  Relocatable
 Small   0x0000000072e00000 0x0000000072ffffe8 0x0000000073000000  Relocatable
 Small   0x0000000073000000 0x00000000731fffb8 0x0000000073200000  Relocatable
 Small   0x0000000073200000 0x0000000073400000 0x0000000073400000  Allocating
 Small   0x0000000073600000 0x0000000073800000 0x0000000073800000  Relocatable
 Small   0x0000000073a00000 0x0000000073be3600 0x0000000073c00000  Relocatable
 Small   0x0000000073c00000 0x0000000073e00000 0x0000000073e00000  Relocatable
 Small   0x0000000073e00000 0x0000000074000000 0x0000000074000000  Relocatable
 Small   0x0000000074200000 0x0000000074400000 0x0000000074400000  Allocating
 Small   0x0000000074400000 0x0000000074600000 0x0000000074600000  Relocatable
 Small   0x0000000074600000 0x0000000074800000 0x0000000074800000  Allocating
 Small   0x0000000074c00000 0x0000000074e00000 0x0000000074e00000  Relocatable
 Small   0x0000000074e00000 0x0000000075000000 0x0000000075000000  Relocatable
 Small   0x0000000075000000 0x00000000751fffe0 0x0000000075200000  Relocatable
 Small   0x0000000075200000 0x00000000753fffd8 0x0000000075400000  Relocatable
 Small   0x0000000075800000 0x0000000075a00000 0x0000000075a00000  Allocating
 Small   0x0000000075c00000 0x0000000075e00000 0x0000000075e00000  Relocatable
 Small   0x0000000075e00000 0x0000000075fffff0 0x0000000076000000  Relocatable
 Small   0x0000000076000000 0x00000000761fffe0 0x0000000076200000  Relocatable
 Small   0x0000000076200000 0x0000000076400000 0x0000000076400000  Relocatable
 Small   0x0000000076400000 0x0000000076600000 0x0000000076600000  Relocatable
 Small   0x0000000076800000 0x0000000076a00000 0x0000000076a00000  Allocating
 Small   0x0000000076a00000 0x0000000076c00000 0x0000000076c00000  Relocatable
 Small   0x0000000076c00000 0x0000000076dfffe8 0x0000000076e00000  Relocatable
 Small   0x0000000076e00000 0x0000000076ffffc0 0x0000000077000000  Relocatable
 Small   0x0000000077000000 0x00000000771fffe0 0x0000000077200000  Relocatable
 Small   0x0000000077200000 0x00000000773fff28 0x0000000077400000  Relocatable
 Small   0x0000000077400000 0x00000000775adff0 0x0000000077600000  Relocatable
 Small   0x0000000077600000 0x0000000077800000 0x0000000077800000  Allocating
 Small   0x0000000077800000 0x00000000779fff90 0x0000000077a00000  Relocatable
 Small   0x0000000077a00000 0x0000000077c00000 0x0000000077c00000  Relocatable
 Small   0x0000000077c00000 0x0000000077c40000 0x0000000077e00000  Allocating
 Small   0x0000000078000000 0x0000000078200000 0x0000000078200000  Relocatable
 Small   0x0000000078400000 0x0000000078600000 0x0000000078600000  Relocatable
 Small   0x0000000078600000 0x00000000787ff3b8 0x0000000078800000  Relocatable
 Small   0x0000000078800000 0x0000000078a00000 0x0000000078a00000  Relocatable
 Small   0x0000000078c00000 0x0000000078dfffe8 0x0000000078e00000  Relocatable
 Small   0x0000000078e00000 0x0000000079000000 0x0000000079000000  Relocatable
 Small   0x0000000079000000 0x00000000791ffd20 0x0000000079200000  Relocatable
 Small   0x0000000079200000 0x0000000079400000 0x0000000079400000  Relocatable
 Small   0x0000000079600000 0x00000000797fffe0 0x0000000079800000  Relocatable
 Small   0x0000000079a00000 0x0000000079bffff0 0x0000000079c00000  Relocatable
 Small   0x0000000079c00000 0x0000000079d642f8 0x0000000079e00000  Relocatable
 Small   0x0000000079e00000 0x000000007a000000 0x000000007a000000  Relocatable
 Small   0x000000007a000000 0x000000007a1fff90 0x000000007a200000  Relocatable
 Small   0x000000007a200000 0x000000007a400000 0x000000007a400000  Allocating
 Small   0x000000007a400000 0x000000007a5fffa0 0x000000007a600000  Relocatable
 Small   0x000000007a600000 0x000000007a7ffbe8 0x000000007a800000  Relocatable
 Small   0x000000007a800000 0x000000007aa00000 0x000000007aa00000  Allocating
 Small   0x000000007aa00000 0x000000007abfffe8 0x000000007ac00000  Relocatable
 Small   0x000000007ac00000 0x000000007ae00000 0x000000007ae00000  Relocatable
 Small   0x000000007b000000 0x000000007b1ffff8 0x000000007b200000  Relocatable
 Small   0x000000007b400000 0x000000007b600000 0x000000007b600000  Relocatable
 Small   0x000000007ba00000 0x000000007bbfee38 0x000000007bc00000  Relocatable
 Small   0x000000007bc00000 0x000000007bdfffe8 0x000000007be00000  Relocatable
 Small   0x000000007be00000 0x000000007c000000 0x000000007c000000  Allocating
 Small   0x000000007c000000 0x000000007c200000 0x000000007c200000  Relocatable
 Small   0x000000007c200000 0x000000007c3fffe0 0x000000007c400000  Relocatable
 Small   0x000000007c400000 0x000000007c5ffff8 0x000000007c600000  Relocatable
 Small   0x000000007c600000 0x000000007c7ffff0 0x000000007c800000  Relocatable
 Small   0x000000007c800000 0x000000007ca00000 0x000000007ca00000  Relocatable
 Small   0x000000007ca00000 0x000000007cc00000 0x000000007cc00000  Relocatable
 Small   0x000000007d000000 0x000000007d200000 0x000000007d200000  Relocatable
 Small   0x000000007d200000 0x000000007d3f0088 0x000000007d400000  Relocatable
 Small   0x000000007d400000 0x000000007d600000 0x000000007d600000  Relocatable
 Small   0x000000007d600000 0x000000007d800000 0x000000007d800000  Relocatable
 Small   0x000000007d800000 0x000000007da00000 0x000000007da00000  Relocatable
 Small   0x000000007da00000 0x000000007dbfff10 0x000000007dc00000  Relocatable
 Small   0x000000007dc00000 0x000000007de00000 0x000000007de00000  Relocatable
 Small   0x000000007de00000 0x000000007dffff28 0x000000007e000000  Relocatable
 Small   0x000000007e000000 0x000000007e200000 0x000000007e200000  Relocatable
 Small   0x000000007e200000 0x000000007e400000 0x000000007e400000  Relocatable
 Small   0x000000007e600000 0x000000007e7fffd8 0x000000007e800000  Relocatable
 Small   0x000000007e800000 0x000000007e9ff5b0 0x000000007ea00000  Relocatable
 Small   0x000000007ea00000 0x000000007ec00000 0x000000007ec00000  Allocating
 Small   0x000000007ec00000 0x000000007ee00000 0x000000007ee00000  Allocating
 Small   0x000000007ee00000 0x000000007f000000 0x000000007f000000  Relocatable
 Small   0x000000007f000000 0x000000007f200000 0x000000007f200000  Relocatable
 Small   0x000000007f200000 0x000000007f400000 0x000000007f400000  Relocatable
 Small   0x000000007f400000 0x000000007f600000 0x000000007f600000  Relocatable
 Small   0x000000007f600000 0x000000007f7fff40 0x000000007f800000  Relocatable
 Small   0x000000007f800000 0x000000007f9fffb0 0x000000007fa00000  Relocatable
 Small   0x000000007fc00000 0x000000007fe00000 0x000000007fe00000  Allocating
 Small   0x000000007fe00000 0x000000007fffffc8 0x0000000080000000  Relocatable
 Small   0x0000000080000000 0x00000000801ffff8 0x0000000080200000  Relocatable
 Small   0x0000000080200000 0x00000000803ffff8 0x0000000080400000  Relocatable
 Small   0x0000000080400000 0x0000000080600000 0x0000000080600000  Relocatable
 Small   0x0000000080600000 0x00000000807fffe8 0x0000000080800000  Relocatable
 Small   0x0000000080800000 0x0000000080840000 0x0000000080a00000  Allocating
 Small   0x0000000080a00000 0x0000000080bf20c0 0x0000000080c00000  Relocatable
 Small   0x0000000080c00000 0x0000000080e00000 0x0000000080e00000  Relocatable
 Small   0x0000000080e00000 0x0000000081000000 0x0000000081000000  Relocatable
 Small   0x0000000081000000 0x00000000811fe3b0 0x0000000081200000  Relocatable
 Small   0x0000000081200000 0x0000000081400000 0x0000000081400000  Relocatable
 Small   0x0000000081400000 0x0000000081600000 0x0000000081600000  Relocatable
 Small   0x0000000081600000 0x00000000817ffff0 0x0000000081800000  Relocatable
 Small   0x0000000081800000 0x0000000081a00000 0x0000000081a00000  Relocatable
 Small   0x0000000081c00000 0x0000000081dfffe8 0x0000000081e00000  Relocatable
 Small   0x0000000082000000 0x0000000082200000 0x0000000082200000  Relocatable
 Small   0x0000000082200000 0x0000000082400000 0x0000000082400000  Relocatable
 Small   0x0000000082800000 0x00000000829c0000 0x0000000082a00000  Allocating
 Small   0x0000000082a00000 0x0000000082c00000 0x0000000082c00000  Relocatable
 Small   0x0000000082e00000 0x0000000083000000 0x0000000083000000  Allocating
 Small   0x0000000083200000 0x0000000083400000 0x0000000083400000  Relocatable
 Small   0x0000000083400000 0x0000000083600000 0x0000000083600000  Relocatable
 Small   0x0000000083a00000 0x0000000083b40000 0x0000000083c00000  Relocatable
 Small   0x0000000083e00000 0x0000000084000000 0x0000000084000000  Allocating
 Small   0x0000000084000000 0x0000000084167258 0x0000000084200000  Relocatable
 Small   0x0000000084200000 0x00000000843ffff8 0x0000000084400000  Relocatable
 Small   0x0000000084600000 0x0000000084800000 0x0000000084800000  Relocatable
 Small   0x0000000084800000 0x0000000084a00000 0x0000000084a00000  Allocating
 Small   0x0000000084a00000 0x0000000084c00000 0x0000000084c00000  Relocatable
 Small   0x0000000085000000 0x0000000085200000 0x0000000085200000  Relocatable
 Small   0x0000000085200000 0x0000000085400000 0x0000000085400000  Allocating
 Small   0x0000000085a00000 0x0000000085bffff0 0x0000000085c00000  Relocatable
 Small   0x0000000085c00000 0x0000000085e00000 0x0000000085e00000  Relocatable
 Small   0x0000000085e00000 0x0000000085ffff10 0x0000000086000000  Relocatable
 Small   0x0000000086000000 0x0000000086200000 0x0000000086200000  Relocatable
 Small   0x0000000086200000 0x00000000863ffff0 0x0000000086400000  Relocatable
 Small   0x0000000086400000 0x0000000086600000 0x0000000086600000  Allocating
 Small   0x0000000086600000 0x0000000086800000 0x0000000086800000  Relocatable
 Small   0x0000000086a00000 0x0000000086c00000 0x0000000086c00000  Relocatable
 Small   0x0000000086c00000 0x0000000086dfffe8 0x0000000086e00000  Relocatable
 Small   0x0000000086e00000 0x0000000086ffffe0 0x0000000087000000  Relocatable
 Small   0x0000000087000000 0x0000000087200000 0x0000000087200000  Relocatable
 Small   0x0000000087200000 0x0000000087400000 0x0000000087400000  Relocatable
 Small   0x0000000087400000 0x0000000087600000 0x0000000087600000  Relocatable
 Small   0x0000000087800000 0x0000000087a00000 0x0000000087a00000  Relocatable
 Small   0x0000000087a00000 0x0000000087c00000 0x0000000087c00000  Relocatable
 Small   0x0000000087c00000 0x0000000087dfffe0 0x0000000087e00000  Relocatable
 Small   0x0000000087e00000 0x0000000087ffffe8 0x0000000088000000  Relocatable
 Small   0x0000000088000000 0x00000000881ffff8 0x0000000088200000  Relocatable
 Small   0x0000000088200000 0x0000000088400000 0x0000000088400000  Relocatable
 Small   0x0000000088400000 0x0000000088600000 0x0000000088600000  Relocatable
 Small   0x0000000088600000 0x0000000088800000 0x0000000088800000  Allocating
 Small   0x0000000088c00000 0x0000000088dffff8 0x0000000088e00000  Relocatable
 Small   0x0000000088e00000 0x0000000089000000 0x0000000089000000  Relocatable
 Small   0x0000000089000000 0x00000000891ffff0 0x0000000089200000  Relocatable
 Small   0x0000000089200000 0x0000000089400000 0x0000000089400000  Relocatable
 Small   0x0000000089400000 0x00000000895fffe0 0x0000000089600000  Relocatable
 Small   0x0000000089600000 0x0000000089800000 0x0000000089800000  Relocatable
 Small   0x0000000089800000 0x00000000899ffff8 0x0000000089a00000  Relocatable
 Small   0x0000000089c00000 0x0000000089dffff8 0x0000000089e00000  Relocatable
 Small   0x0000000089e00000 0x000000008a000000 0x000000008a000000  Relocatable
 Small   0x000000008a000000 0x000000008a1fffe8 0x000000008a200000  Relocatable
 Small   0x000000008a200000 0x000000008a400000 0x000000008a400000  Relocatable
 Small   0x000000008a400000 0x000000008a5b01a0 0x000000008a600000  Relocatable
 Small   0x000000008a600000 0x000000008a800000 0x000000008a800000  Relocatable
 Small   0x000000008a800000 0x000000008a9fffe0 0x000000008aa00000  Relocatable
 Small   0x000000008ac00000 0x000000008adffff0 0x000000008ae00000  Relocatable
 Small   0x000000008ae00000 0x000000008affffe0 0x000000008b000000  Relocatable
 Small   0x000000008b000000 0x000000008b200000 0x000000008b200000  Relocatable
 Small   0x000000008b400000 0x000000008b5fff18 0x000000008b600000  Relocatable
 Small   0x000000008b600000 0x000000008b800000 0x000000008b800000  Relocatable
 Small   0x000000008ba00000 0x000000008bc00000 0x000000008bc00000  Relocatable
 Small   0x000000008be00000 0x000000008bffffd8 0x000000008c000000  Relocatable
 Small   0x000000008c000000 0x000000008c1ffff8 0x000000008c200000  Relocatable
 Small   0x000000008c600000 0x000000008c7ffff8 0x000000008c800000  Relocatable
 Small   0x000000008c800000 0x000000008ca00000 0x000000008ca00000  Allocating
 Small   0x000000008d400000 0x000000008d5ff910 0x000000008d600000  Relocatable
 Small   0x000000008d600000 0x000000008d800000 0x000000008d800000  Relocatable
 Small   0x000000008d800000 0x000000008da00000 0x000000008da00000  Relocatable
 Small   0x000000008da00000 0x000000008dbfffe0 0x000000008dc00000  Relocatable
 Small   0x000000008dc00000 0x000000008de00000 0x000000008de00000  Relocatable
 Small   0x000000008de00000 0x000000008dffff80 0x000000008e000000  Relocatable
 Small   0x000000008e000000 0x000000008e1fffc0 0x000000008e200000  Relocatable
 Small   0x000000008e200000 0x000000008e400000 0x000000008e400000  Relocatable
 Small   0x000000008e400000 0x000000008e5ffff8 0x000000008e600000  Relocatable
 Small   0x000000008e800000 0x000000008ea00000 0x000000008ea00000  Relocatable
 Small   0x000000008ea00000 0x000000008ec00000 0x000000008ec00000  Relocatable
 Small   0x000000008ec00000 0x000000008edfffe0 0x000000008ee00000  Relocatable
 Small   0x000000008ee00000 0x000000008f000000 0x000000008f000000  Relocatable
 Small   0x000000008f000000 0x000000008f1ffff0 0x000000008f200000  Relocatable
 Small   0x000000008f400000 0x000000008f600000 0x000000008f600000  Relocatable
 Small   0x000000008f600000 0x000000008f800000 0x000000008f800000  Relocatable
 Small   0x000000008f800000 0x000000008fa00000 0x000000008fa00000  Relocatable
 Small   0x000000008fc00000 0x000000008fe00000 0x000000008fe00000  Relocatable
 Small   0x000000008fe00000 0x0000000090000000 0x0000000090000000  Relocatable
 Small   0x0000000090000000 0x0000000090200000 0x0000000090200000  Relocatable
 Small   0x0000000090200000 0x0000000090400000 0x0000000090400000  Allocating
 Small   0x0000000090400000 0x0000000090600000 0x0000000090600000  Relocatable
 Small   0x0000000090600000 0x0000000090800000 0x0000000090800000  Relocatable
 Small   0x0000000090800000 0x00000000909fffe8 0x0000000090a00000  Relocatable
 Small   0x0000000090a00000 0x0000000090bfffe0 0x0000000090c00000  Relocatable
 Small   0x0000000090c00000 0x0000000090dfffd8 0x0000000090e00000  Relocatable
 Small   0x0000000090e00000 0x0000000090ffffe8 0x0000000091000000  Relocatable
 Small   0x0000000091000000 0x0000000091200000 0x0000000091200000  Relocatable
 Small   0x0000000091200000 0x0000000091400000 0x0000000091400000  Relocatable
 Small   0x0000000091400000 0x0000000091600000 0x0000000091600000  Relocatable
 Small   0x0000000091600000 0x0000000091800000 0x0000000091800000  Relocatable
 Small   0x0000000091800000 0x00000000919fffe0 0x0000000091a00000  Relocatable
 Small   0x0000000091a00000 0x0000000091c00000 0x0000000091c00000  Relocatable
 Small   0x0000000091c00000 0x0000000091e00000 0x0000000091e00000  Relocatable
 Small   0x0000000091e00000 0x0000000092000000 0x0000000092000000  Relocatable
 Small   0x0000000092000000 0x00000000921fffc8 0x0000000092200000  Relocatable
 Small   0x0000000092400000 0x0000000092600000 0x0000000092600000  Relocatable
 Small   0x0000000092600000 0x0000000092800000 0x0000000092800000  Relocatable
 Small   0x0000000092800000 0x0000000092a00000 0x0000000092a00000  Relocatable
 Small   0x0000000092a00000 0x0000000092c00000 0x0000000092c00000  Relocatable
 Small   0x0000000092c00000 0x0000000092dffff8 0x0000000092e00000  Relocatable
 Small   0x0000000092e00000 0x0000000093000000 0x0000000093000000  Relocatable
 Small   0x0000000093000000 0x0000000093200000 0x0000000093200000  Relocatable
 Small   0x0000000093200000 0x0000000093400000 0x0000000093400000  Relocatable
 Small   0x0000000093400000 0x00000000935ff2b0 0x0000000093600000  Relocatable
 Small   0x0000000093600000 0x00000000937b1988 0x0000000093800000  Relocatable
 Small   0x0000000093800000 0x0000000093a00000 0x0000000093a00000  Relocatable
 Small   0x0000000093a00000 0x0000000093c00000 0x0000000093c00000  Relocatable
 Small   0x0000000093c00000 0x0000000093dffff0 0x0000000093e00000  Relocatable
 Small   0x0000000093e00000 0x0000000094000000 0x0000000094000000  Allocating
 Small   0x0000000094000000 0x0000000094200000 0x0000000094200000  Relocatable
 Small   0x0000000094200000 0x0000000094400000 0x0000000094400000  Relocatable
 Small   0x0000000094400000 0x0000000094600000 0x0000000094600000  Relocatable
 Small   0x0000000094600000 0x0000000094800000 0x0000000094800000  Relocatable
 Small   0x0000000094a00000 0x0000000094bffff0 0x0000000094c00000  Relocatable
 Small   0x0000000094c00000 0x0000000094e00000 0x0000000094e00000  Relocatable
 Small   0x0000000094e00000 0x0000000095000000 0x0000000095000000  Relocatable
 Small   0x0000000095000000 0x0000000095200000 0x0000000095200000  Relocatable
 Small   0x0000000095200000 0x0000000095400000 0x0000000095400000  Relocatable
 Small   0x0000000095400000 0x00000000955fffe8 0x0000000095600000  Relocatable
 Small   0x0000000095600000 0x0000000095800000 0x0000000095800000  Allocating
 Small   0x0000000095800000 0x0000000095a00000 0x0000000095a00000  Relocatable
 Small   0x0000000095a00000 0x0000000095c00000 0x0000000095c00000  Relocatable
 Small   0x0000000095c00000 0x0000000095e00000 0x0000000095e00000  Relocatable
 Small   0x0000000095e00000 0x0000000095fffff0 0x0000000096000000  Relocatable
 Small   0x0000000096000000 0x00000000961fffa8 0x0000000096200000  Relocatable
 Small   0x0000000096200000 0x0000000096400000 0x0000000096400000  Relocatable
 Small   0x0000000096400000 0x0000000096600000 0x0000000096600000  Relocatable
 Small   0x0000000096600000 0x00000000967ffa28 0x0000000096800000  Relocatable
 Small   0x0000000096800000 0x00000000969ffff0 0x0000000096a00000  Relocatable
 Small   0x0000000096a00000 0x0000000096c00000 0x0000000096c00000  Relocatable
 Small   0x0000000096e00000 0x0000000096ffffe8 0x0000000097000000  Relocatable
 Small   0x0000000097000000 0x0000000097200000 0x0000000097200000  Relocatable
 Small   0x0000000097200000 0x0000000097400000 0x0000000097400000  Relocatable
 Small   0x0000000097400000 0x0000000097600000 0x0000000097600000  Relocatable
 Small   0x0000000097600000 0x0000000097800000 0x0000000097800000  Relocatable
 Small   0x0000000097800000 0x0000000097a00000 0x0000000097a00000  Relocatable
 Small   0x0000000097a00000 0x0000000097bf8310 0x0000000097c00000  Relocatable
 Small   0x0000000097c00000 0x0000000097e00000 0x0000000097e00000  Relocatable
 Small   0x0000000097e00000 0x0000000098000000 0x0000000098000000  Relocatable
 Small   0x0000000098000000 0x00000000981fffb0 0x0000000098200000  Relocatable
 Small   0x0000000098200000 0x00000000983fffc8 0x0000000098400000  Relocatable
 Small   0x0000000098400000 0x00000000985fff88 0x0000000098600000  Relocatable
 Small   0x0000000098600000 0x0000000098800000 0x0000000098800000  Relocatable
 Small   0x0000000098800000 0x00000000989ffff8 0x0000000098a00000  Relocatable
 Small   0x0000000098a00000 0x0000000098c00000 0x0000000098c00000  Relocatable
 Small   0x0000000098c00000 0x0000000098e00000 0x0000000098e00000  Relocatable
 Small   0x0000000099000000 0x0000000099200000 0x0000000099200000  Relocatable
 Small   0x0000000099200000 0x0000000099400000 0x0000000099400000  Relocatable
 Small   0x0000000099400000 0x0000000099600000 0x0000000099600000  Relocatable
 Small   0x0000000099600000 0x0000000099800000 0x0000000099800000  Relocatable
 Small   0x0000000099800000 0x0000000099a00000 0x0000000099a00000  Relocatable
 Small   0x0000000099a00000 0x0000000099c00000 0x0000000099c00000  Relocatable
 Small   0x0000000099c00000 0x0000000099e00000 0x0000000099e00000  Relocatable
 Small   0x000000009a400000 0x000000009a600000 0x000000009a600000  Relocatable
 Small   0x000000009a600000 0x000000009a800000 0x000000009a800000  Allocating
 Small   0x000000009a800000 0x000000009a9fe748 0x000000009aa00000  Relocatable
 Small   0x000000009ac00000 0x000000009ae00000 0x000000009ae00000  Relocatable
 Small   0x000000009ae00000 0x000000009b000000 0x000000009b000000  Allocating
 Small   0x000000009b000000 0x000000009b200000 0x000000009b200000  Relocatable
 Small   0x000000009b200000 0x000000009b400000 0x000000009b400000  Relocatable
 Small   0x000000009b400000 0x000000009b5fe5b0 0x000000009b600000  Relocatable
 Small   0x000000009b600000 0x000000009b800000 0x000000009b800000  Relocatable
 Small   0x000000009b800000 0x000000009ba00000 0x000000009ba00000  Relocatable
 Small   0x000000009ba00000 0x000000009bc00000 0x000000009bc00000  Relocatable
 Small   0x000000009bc00000 0x000000009bdfff30 0x000000009be00000  Relocatable
 Small   0x000000009be00000 0x000000009c000000 0x000000009c000000  Relocatable
 Small   0x000000009c000000 0x000000009c200000 0x000000009c200000  Allocating
 Small   0x000000009c200000 0x000000009c400000 0x000000009c400000  Relocatable
 Small   0x000000009c400000 0x000000009c600000 0x000000009c600000  Relocatable
 Small   0x000000009c600000 0x000000009c800000 0x000000009c800000  Relocatable
 Small   0x000000009c800000 0x000000009ca00000 0x000000009ca00000  Relocatable
 Small   0x000000009ca00000 0x000000009cc00000 0x000000009cc00000  Relocatable
 Small   0x000000009cc00000 0x000000009cdfff90 0x000000009ce00000  Relocatable
 Small   0x000000009ce00000 0x000000009d000000 0x000000009d000000  Allocating
 Small   0x000000009d000000 0x000000009d200000 0x000000009d200000  Relocatable
 Small   0x000000009d200000 0x000000009d400000 0x000000009d400000  Relocatable
 Small   0x000000009d600000 0x000000009d800000 0x000000009d800000  Relocatable
 Small   0x000000009d800000 0x000000009da00000 0x000000009da00000  Relocatable
 Small   0x000000009da00000 0x000000009dc00000 0x000000009dc00000  Allocating
 Small   0x000000009dc00000 0x000000009de00000 0x000000009de00000  Relocatable
 Small   0x000000009de00000 0x000000009e000000 0x000000009e000000  Relocatable
 Small   0x000000009e000000 0x000000009e200000 0x000000009e200000  Relocatable
 Small   0x000000009e200000 0x000000009e3fffe0 0x000000009e400000  Relocatable
 Small   0x000000009e400000 0x000000009e5fff78 0x000000009e600000  Relocatable
 Small   0x000000009e600000 0x000000009e800000 0x000000009e800000  Relocatable
 Small   0x000000009e800000 0x000000009e9fffd0 0x000000009ea00000  Relocatable
 Small   0x000000009ea00000 0x000000009ebfffe0 0x000000009ec00000  Relocatable
 Small   0x000000009ec00000 0x000000009edffff0 0x000000009ee00000  Relocatable
 Small   0x000000009ee00000 0x000000009effccf8 0x000000009f000000  Relocatable
 Small   0x000000009f000000 0x000000009f1fff00 0x000000009f200000  Relocatable
 Small   0x000000009f200000 0x000000009f400000 0x000000009f400000  Relocatable
 Small   0x000000009f400000 0x000000009f5ffff0 0x000000009f600000  Relocatable
 Small   0x000000009f800000 0x000000009fa00000 0x000000009fa00000  Relocatable
 Small   0x000000009fa00000 0x000000009fbffff0 0x000000009fc00000  Relocatable
 Small   0x000000009fc00000 0x000000009fe00000 0x000000009fe00000  Allocating
 Small   0x00000000a0000000 0x00000000a01ffff0 0x00000000a0200000  Relocatable
 Small   0x00000000a0200000 0x00000000a03ffff0 0x00000000a0400000  Relocatable
 Small   0x00000000a0400000 0x00000000a0600000 0x00000000a0600000  Allocating
 Small   0x00000000a0600000 0x00000000a0800000 0x00000000a0800000  Relocatable
 Small   0x00000000a0a00000 0x00000000a0c00000 0x00000000a0c00000  Relocatable
 Small   0x00000000a0c00000 0x00000000a0dfffd0 0x00000000a0e00000  Relocatable
 Small   0x00000000a0e00000 0x00000000a0fffff0 0x00000000a1000000  Relocatable
 Small   0x00000000a1000000 0x00000000a1200000 0x00000000a1200000  Relocatable
 Small   0x00000000a1200000 0x00000000a1400000 0x00000000a1400000  Relocatable
 Small   0x00000000a1400000 0x00000000a1600000 0x00000000a1600000  Relocatable
 Small   0x00000000a1600000 0x00000000a17fffb8 0x00000000a1800000  Relocatable
 Small   0x00000000a1800000 0x00000000a1a00000 0x00000000a1a00000  Allocating
 Small   0x00000000a1a00000 0x00000000a1bfff88 0x00000000a1c00000  Relocatable
 Small   0x00000000a1c00000 0x00000000a1e00000 0x00000000a1e00000  Allocating
 Small   0x00000000a1e00000 0x00000000a1fffff8 0x00000000a2000000  Relocatable
 Small   0x00000000a2000000 0x00000000a2200000 0x00000000a2200000  Relocatable
 Small   0x00000000a2200000 0x00000000a2400000 0x00000000a2400000  Allocating
 Small   0x00000000a2400000 0x00000000a25fffe8 0x00000000a2600000  Relocatable
 Small   0x00000000a2600000 0x00000000a2800000 0x00000000a2800000  Allocating
 Small   0x00000000a2800000 0x00000000a2a00000 0x00000000a2a00000  Relocatable
 Small   0x00000000a2a00000 0x00000000a2bff340 0x00000000a2c00000  Relocatable
 Small   0x00000000a2c00000 0x00000000a2e00000 0x00000000a2e00000  Relocatable
 Small   0x00000000a2e00000 0x00000000a2ffffe0 0x00000000a3000000  Relocatable
 Small   0x00000000a3000000 0x00000000a31fffb8 0x00000000a3200000  Relocatable
 Small   0x00000000a3200000 0x00000000a3388d40 0x00000000a3400000  Relocatable
 Small   0x00000000a3400000 0x00000000a3600000 0x00000000a3600000  Relocatable
 Small   0x00000000a3600000 0x00000000a37ffff8 0x00000000a3800000  Relocatable
 Small   0x00000000a3800000 0x00000000a39ffff0 0x00000000a3a00000  Relocatable
 Small   0x00000000a3e00000 0x00000000a4000000 0x00000000a4000000  Relocatable
 Small   0x00000000a4000000 0x00000000a41ff318 0x00000000a4200000  Relocatable
 Small   0x00000000a4200000 0x00000000a4400000 0x00000000a4400000  Relocatable
 Small   0x00000000a4400000 0x00000000a4600000 0x00000000a4600000  Relocatable
 Small   0x00000000a4600000 0x00000000a47fff88 0x00000000a4800000  Relocatable
 Small   0x00000000a4800000 0x00000000a49fffd8 0x00000000a4a00000  Relocatable
 Small   0x00000000a4a00000 0x00000000a4c00000 0x00000000a4c00000  Relocatable
 Small   0x00000000a4c00000 0x00000000a4e00000 0x00000000a4e00000  Relocatable
 Small   0x00000000a4e00000 0x00000000a5000000 0x00000000a5000000  Relocatable
 Small   0x00000000a5200000 0x00000000a53fffd8 0x00000000a5400000  Relocatable
 Small   0x00000000a5400000 0x00000000a5600000 0x00000000a5600000  Relocatable
 Small   0x00000000a5600000 0x00000000a5800000 0x00000000a5800000  Relocatable
 Small   0x00000000a5800000 0x00000000a5a00000 0x00000000a5a00000  Relocatable
 Small   0x00000000a5c00000 0x00000000a5dfffa8 0x00000000a5e00000  Relocatable
 Small   0x00000000a5e00000 0x00000000a5ffffc0 0x00000000a6000000  Relocatable
 Small   0x00000000a6000000 0x00000000a61ffff8 0x00000000a6200000  Relocatable
 Small   0x00000000a6200000 0x00000000a63ffff8 0x00000000a6400000  Relocatable
 Small   0x00000000a6400000 0x00000000a6600000 0x00000000a6600000  Relocatable
 Small   0x00000000a6800000 0x00000000a69ffff0 0x00000000a6a00000  Relocatable
 Small   0x00000000a6a00000 0x00000000a6c00000 0x00000000a6c00000  Relocatable
 Small   0x00000000a6e00000 0x00000000a7000000 0x00000000a7000000  Relocatable
 Small   0x00000000a7000000 0x00000000a71ffd90 0x00000000a7200000  Relocatable
 Small   0x00000000a7200000 0x00000000a7400000 0x00000000a7400000  Allocating
 Small   0x00000000a7800000 0x00000000a7a00000 0x00000000a7a00000  Relocatable
 Small   0x00000000a7a00000 0x00000000a7c00000 0x00000000a7c00000  Relocatable
 Small   0x00000000a7c00000 0x00000000a7dbce58 0x00000000a7e00000  Relocatable
 Small   0x00000000a7e00000 0x00000000a8000000 0x00000000a8000000  Relocatable
 Small   0x00000000a8000000 0x00000000a8200000 0x00000000a8200000  Allocating
 Small   0x00000000a8200000 0x00000000a83ffff0 0x00000000a8400000  Relocatable
 Small   0x00000000a8400000 0x00000000a85ffff8 0x00000000a8600000  Relocatable
 Small   0x00000000a8600000 0x00000000a8800000 0x00000000a8800000  Relocatable
 Small   0x00000000a8800000 0x00000000a8a00000 0x00000000a8a00000  Relocatable
 Small   0x00000000a8a00000 0x00000000a8bffff8 0x00000000a8c00000  Relocatable
 Small   0x00000000a8c00000 0x00000000a8e00000 0x00000000a8e00000  Allocating
 Small   0x00000000a8e00000 0x00000000a8ffe410 0x00000000a9000000  Relocatable
 Small   0x00000000a9000000 0x00000000a91ffff8 0x00000000a9200000  Relocatable
 Small   0x00000000a9200000 0x00000000a9400000 0x00000000a9400000  Allocating
 Small   0x00000000a9400000 0x00000000a9600000 0x00000000a9600000  Allocating
 Small   0x00000000a9600000 0x00000000a9800000 0x00000000a9800000  Allocating
 Small   0x00000000a9800000 0x00000000a9a00000 0x00000000a9a00000  Allocating
 Small   0x00000000a9a00000 0x00000000a9c00000 0x00000000a9c00000  Relocatable
 Small   0x00000000a9c00000 0x00000000a9e00000 0x00000000a9e00000  Allocating
 Small   0x00000000a9e00000 0x00000000a9fc4aa0 0x00000000aa000000  Relocatable
 Small   0x00000000aa000000 0x00000000aa200000 0x00000000aa200000  Relocatable
 Small   0x00000000aa200000 0x00000000aa3fff98 0x00000000aa400000  Relocatable
 Small   0x00000000aa400000 0x00000000aa600000 0x00000000aa600000  Allocating
 Small   0x00000000aa800000 0x00000000aaa00000 0x00000000aaa00000  Allocating
 Small   0x00000000aaa00000 0x00000000aac00000 0x00000000aac00000  Relocatable
 Small   0x00000000aac00000 0x00000000aae00000 0x00000000aae00000  Allocating
 Small   0x00000000aae00000 0x00000000aaffffe8 0x00000000ab000000  Relocatable
 Small   0x00000000ab000000 0x00000000ab200000 0x00000000ab200000  Allocating
 Small   0x00000000ab200000 0x00000000ab400000 0x00000000ab400000  Allocating
 Small   0x00000000ab400000 0x00000000ab5ffff0 0x00000000ab600000  Relocatable
 Small   0x00000000ab800000 0x00000000ab9ffb10 0x00000000aba00000  Relocatable
 Small   0x00000000aba00000 0x00000000abc00000 0x00000000abc00000  Allocating
 Small   0x00000000abc00000 0x00000000abe00000 0x00000000abe00000  Allocating
 Small   0x00000000abe00000 0x00000000ac000000 0x00000000ac000000  Allocating
 Small   0x00000000ac200000 0x00000000ac400000 0x00000000ac400000  Relocatable
 Small   0x00000000ac400000 0x00000000ac600000 0x00000000ac600000  Relocatable
 Small   0x00000000aca00000 0x00000000acc00000 0x00000000acc00000  Allocating
 Small   0x00000000acc00000 0x00000000acdffff0 0x00000000ace00000  Relocatable
 Small   0x00000000ace00000 0x00000000ad000000 0x00000000ad000000  Allocating
 Small   0x00000000ad000000 0x00000000ad200000 0x00000000ad200000  Relocatable
 Small   0x00000000ad200000 0x00000000ad400000 0x00000000ad400000  Allocating
 Small   0x00000000ad400000 0x00000000ad600000 0x00000000ad600000  Allocating
 Small   0x00000000ad600000 0x00000000ad800000 0x00000000ad800000  Allocating
 Small   0x00000000ad800000 0x00000000ada00000 0x00000000ada00000  Allocating
 Small   0x00000000ada00000 0x00000000adbffff0 0x00000000adc00000  Relocatable
 Small   0x00000000adc00000 0x00000000ade00000 0x00000000ade00000  Relocatable
 Small   0x00000000ade00000 0x00000000ae000000 0x00000000ae000000  Allocating
 Small   0x00000000ae000000 0x00000000ae200000 0x00000000ae200000  Relocatable
 Small   0x00000000ae200000 0x00000000ae400000 0x00000000ae400000  Relocatable
 Small   0x00000000ae400000 0x00000000ae600000 0x00000000ae600000  Allocating
 Small   0x00000000ae600000 0x00000000ae800000 0x00000000ae800000  Allocating
 Small   0x00000000ae800000 0x00000000aea00000 0x00000000aea00000  Allocating
 Small   0x00000000aea00000 0x00000000aec00000 0x00000000aec00000  Allocating
 Small   0x00000000aec00000 0x00000000aedfffe8 0x00000000aee00000  Relocatable
 Small   0x00000000aee00000 0x00000000af000000 0x00000000af000000  Allocating
 Small   0x00000000af000000 0x00000000af1ffa40 0x00000000af200000  Relocatable
 Small   0x00000000af200000 0x00000000af400000 0x00000000af400000  Allocating
 Small   0x00000000af400000 0x00000000af600000 0x00000000af600000  Allocating
 Small   0x00000000af600000 0x00000000af7fffe8 0x00000000af800000  Relocatable
 Small   0x00000000af800000 0x00000000afa00000 0x00000000afa00000  Relocatable
 Small   0x00000000afa00000 0x00000000afbffff0 0x00000000afc00000  Relocatable
 Small   0x00000000afc00000 0x00000000afe00000 0x00000000afe00000  Allocating
 Small   0x00000000afe00000 0x00000000affff548 0x00000000b0000000  Relocatable
 Small   0x00000000b0000000 0x00000000b0200000 0x00000000b0200000  Relocatable
 Small   0x00000000b0400000 0x00000000b0600000 0x00000000b0600000  Relocatable
 Small   0x00000000b0600000 0x00000000b0800000 0x00000000b0800000  Relocatable
 Small   0x00000000b0800000 0x00000000b09fffe8 0x00000000b0a00000  Relocatable
 Small   0x00000000b0a00000 0x00000000b0bffff0 0x00000000b0c00000  Relocatable
 Small   0x00000000b0c00000 0x00000000b0dfff08 0x00000000b0e00000  Relocatable
 Small   0x00000000b0e00000 0x00000000b1000000 0x00000000b1000000  Relocatable
 Small   0x00000000b1000000 0x00000000b11fffe8 0x00000000b1200000  Relocatable
 Small   0x00000000b1200000 0x00000000b13ffff8 0x00000000b1400000  Relocatable
 Small   0x00000000b1400000 0x00000000b15dc5a0 0x00000000b1600000  Relocatable
 Small   0x00000000b1600000 0x00000000b17fffe0 0x00000000b1800000  Relocatable
 Small   0x00000000b1800000 0x00000000b1a00000 0x00000000b1a00000  Allocating
 Small   0x00000000b1a00000 0x00000000b1c00000 0x00000000b1c00000  Allocating
 Small   0x00000000b1c00000 0x00000000b1e00000 0x00000000b1e00000  Allocating
 Small   0x00000000b2000000 0x00000000b2180000 0x00000000b2200000  Allocating
 Small   0x00000000b2200000 0x00000000b2400000 0x00000000b2400000  Relocatable
 Small   0x00000000b2600000 0x00000000b2800000 0x00000000b2800000  Relocatable
 Small   0x00000000b2800000 0x00000000b2a00000 0x00000000b2a00000  Allocating
 Small   0x00000000b2a00000 0x00000000b2bfffa8 0x00000000b2c00000  Relocatable
 Small   0x00000000b2c00000 0x00000000b2e00000 0x00000000b2e00000  Allocating
 Small   0x00000000b3000000 0x00000000b3200000 0x00000000b3200000  Allocating
 Small   0x00000000b3200000 0x00000000b3400000 0x00000000b3400000  Relocatable
 Small   0x00000000b3400000 0x00000000b3600000 0x00000000b3600000  Relocatable
 Small   0x00000000b3600000 0x00000000b37fffa8 0x00000000b3800000  Relocatable
 Small   0x00000000b3800000 0x00000000b3a00000 0x00000000b3a00000  Allocating
 Small   0x00000000b3a00000 0x00000000b3b00000 0x00000000b3c00000  Relocatable
 Small   0x00000000b3c00000 0x00000000b3e00000 0x00000000b3e00000  Relocatable
 Small   0x00000000b3e00000 0x00000000b3fffc08 0x00000000b4000000  Relocatable
 Small   0x00000000b4000000 0x00000000b41ffff0 0x00000000b4200000  Relocatable
 Small   0x00000000b4200000 0x00000000b4240000 0x00000000b4400000  Relocatable
 Small   0x00000000b4400000 0x00000000b4600000 0x00000000b4600000  Relocatable
 Small   0x00000000b4600000 0x00000000b4680000 0x00000000b4800000  Relocatable
 Small   0x00000000b4a00000 0x00000000b4bfffe0 0x00000000b4c00000  Relocatable
 Small   0x00000000b4c00000 0x00000000b4dfffd8 0x00000000b4e00000  Relocatable
 Small   0x00000000b5200000 0x00000000b5400000 0x00000000b5400000  Relocatable
 Small   0x00000000b5400000 0x00000000b5600000 0x00000000b5600000  Relocatable
 Small   0x00000000b5600000 0x00000000b57ffff0 0x00000000b5800000  Relocatable
 Small   0x00000000b5800000 0x00000000b5a00000 0x00000000b5a00000  Relocatable
 Small   0x00000000b5a00000 0x00000000b5bf50d8 0x00000000b5c00000  Relocatable
 Small   0x00000000b5e00000 0x00000000b5fffff8 0x00000000b6000000  Relocatable
 Small   0x00000000b6000000 0x00000000b6200000 0x00000000b6200000  Relocatable
 Small   0x00000000b6200000 0x00000000b6400000 0x00000000b6400000  Relocatable
 Small   0x00000000b6400000 0x00000000b65fffe0 0x00000000b6600000  Relocatable
 Small   0x00000000b6600000 0x00000000b67ffff8 0x00000000b6800000  Relocatable
 Small   0x00000000b6800000 0x00000000b69ffff8 0x00000000b6a00000  Relocatable
 Small   0x00000000b6a00000 0x00000000b6bffff8 0x00000000b6c00000  Relocatable
 Small   0x00000000b6c00000 0x00000000b6dffff0 0x00000000b6e00000  Relocatable
 Small   0x00000000b6e00000 0x00000000b6fffd78 0x00000000b7000000  Relocatable
 Small   0x00000000b7000000 0x00000000b7200000 0x00000000b7200000  Relocatable
 Small   0x00000000b7200000 0x00000000b7400000 0x00000000b7400000  Relocatable
 Small   0x00000000b7600000 0x00000000b77ffff8 0x00000000b7800000  Relocatable
 Small   0x00000000b7800000 0x00000000b79fffe0 0x00000000b7a00000  Relocatable
 Small   0x00000000b7a00000 0x00000000b7c00000 0x00000000b7c00000  Relocatable
 Small   0x00000000b7c00000 0x00000000b7dffff0 0x00000000b7e00000  Relocatable
 Small   0x00000000b7e00000 0x00000000b7ffffe0 0x00000000b8000000  Relocatable
 Small   0x00000000b8000000 0x00000000b8200000 0x00000000b8200000  Relocatable
 Small   0x00000000b8200000 0x00000000b83ffff0 0x00000000b8400000  Relocatable
 Small   0x00000000b8400000 0x00000000b8600000 0x00000000b8600000  Relocatable
 Small   0x00000000b8600000 0x00000000b8800000 0x00000000b8800000  Relocatable
 Small   0x00000000b8800000 0x00000000b89fe778 0x00000000b8a00000  Relocatable
 Small   0x00000000b8a00000 0x00000000b8c00000 0x00000000b8c00000  Relocatable
 Small   0x00000000b8c00000 0x00000000b8dfffe8 0x00000000b8e00000  Relocatable
 Small   0x00000000b8e00000 0x00000000b9000000 0x00000000b9000000  Relocatable
 Small   0x00000000b9000000 0x00000000b9200000 0x00000000b9200000  Relocatable
 Small   0x00000000b9200000 0x00000000b9400000 0x00000000b9400000  Relocatable
 Small   0x00000000b9400000 0x00000000b95ffff0 0x00000000b9600000  Relocatable
 Small   0x00000000b9600000 0x00000000b97ffff8 0x00000000b9800000  Relocatable
 Small   0x00000000b9800000 0x00000000b99ffff0 0x00000000b9a00000  Relocatable
 Small   0x00000000b9a00000 0x00000000b9bfffa8 0x00000000b9c00000  Relocatable
 Small   0x00000000b9c00000 0x00000000b9dfffe8 0x00000000b9e00000  Relocatable
 Small   0x00000000b9e00000 0x00000000b9ffffe0 0x00000000ba000000  Relocatable
 Small   0x00000000ba200000 0x00000000ba400000 0x00000000ba400000  Relocatable
 Small   0x00000000ba400000 0x00000000ba5fffa0 0x00000000ba600000  Relocatable
 Small   0x00000000ba600000 0x00000000ba7fffe8 0x00000000ba800000  Relocatable
 Small   0x00000000ba800000 0x00000000baa00000 0x00000000baa00000  Relocatable
 Small   0x00000000baa00000 0x00000000babfffd0 0x00000000bac00000  Relocatable
 Small   0x00000000bac00000 0x00000000badfffe0 0x00000000bae00000  Relocatable
 Small   0x00000000bae00000 0x00000000bb000000 0x00000000bb000000  Relocatable
 Small   0x00000000bb000000 0x00000000bb200000 0x00000000bb200000  Relocatable
 Small   0x00000000bb200000 0x00000000bb400000 0x00000000bb400000  Relocatable
 Small   0x00000000bb400000 0x00000000bb600000 0x00000000bb600000  Relocatable
 Small   0x00000000bb600000 0x00000000bb7d4c50 0x00000000bb800000  Relocatable
 Small   0x00000000bb800000 0x00000000bba00000 0x00000000bba00000  Relocatable
 Small   0x00000000bba00000 0x00000000bbbfffe0 0x00000000bbc00000  Relocatable
 Small   0x00000000bbc00000 0x00000000bbe00000 0x00000000bbe00000  Relocatable
 Small   0x00000000bbe00000 0x00000000bc000000 0x00000000bc000000  Relocatable
 Small   0x00000000bc000000 0x00000000bc200000 0x00000000bc200000  Relocatable
 Small   0x00000000bc200000 0x00000000bc3ffff0 0x00000000bc400000  Relocatable
 Small   0x00000000bc400000 0x00000000bc600000 0x00000000bc600000  Relocatable
 Small   0x00000000bc600000 0x00000000bc800000 0x00000000bc800000  Relocatable
 Small   0x00000000bc800000 0x00000000bc9ffff8 0x00000000bca00000  Relocatable
 Small   0x00000000bca00000 0x00000000bcc00000 0x00000000bcc00000  Relocatable
 Small   0x00000000bcc00000 0x00000000bcdfffe8 0x00000000bce00000  Relocatable
 Small   0x00000000bce00000 0x00000000bd000000 0x00000000bd000000  Relocatable
 Small   0x00000000bd000000 0x00000000bd1ffff8 0x00000000bd200000  Relocatable
 Small   0x00000000bd200000 0x00000000bd400000 0x00000000bd400000  Relocatable
 Small   0x00000000bd400000 0x00000000bd600000 0x00000000bd600000  Relocatable
 Small   0x00000000bd600000 0x00000000bd800000 0x00000000bd800000  Relocatable
 Small   0x00000000bd800000 0x00000000bd9fffe8 0x00000000bda00000  Relocatable
 Small   0x00000000bda00000 0x00000000bdbffff0 0x00000000bdc00000  Relocatable
 Small   0x00000000bdc00000 0x00000000bde00000 0x00000000bde00000  Relocatable
 Small   0x00000000bde00000 0x00000000be000000 0x00000000be000000  Relocatable
 Small   0x00000000be000000 0x00000000be200000 0x00000000be200000  Relocatable
 Small   0x00000000be200000 0x00000000be400000 0x00000000be400000  Relocatable
 Small   0x00000000be400000 0x00000000be5ffff0 0x00000000be600000  Relocatable
 Small   0x00000000be600000 0x00000000be7fffc8 0x00000000be800000  Relocatable
 Small   0x00000000be800000 0x00000000be9ffff0 0x00000000bea00000  Relocatable
 Small   0x00000000bea00000 0x00000000bebfffe8 0x00000000bec00000  Relocatable
 Small   0x00000000bec00000 0x00000000bee00000 0x00000000bee00000  Relocatable
 Small   0x00000000bee00000 0x00000000bf000000 0x00000000bf000000  Relocatable
 Small   0x00000000bf000000 0x00000000bf200000 0x00000000bf200000  Relocatable
 Small   0x00000000bf200000 0x00000000bf400000 0x00000000bf400000  Relocatable
 Small   0x00000000bf400000 0x00000000bf600000 0x00000000bf600000  Relocatable
 Small   0x00000000bf600000 0x00000000bf800000 0x00000000bf800000  Relocatable
 Small   0x00000000bfa00000 0x00000000bfc00000 0x00000000bfc00000  Relocatable
 Small   0x00000000bfc00000 0x00000000bfe00000 0x00000000bfe00000  Relocatable
 Small   0x00000000bfe00000 0x00000000c0000000 0x00000000c0000000  Relocatable
 Small   0x00000000c0000000 0x00000000c0200000 0x00000000c0200000  Relocatable
 Small   0x00000000c0200000 0x00000000c0400000 0x00000000c0400000  Relocatable
 Small   0x00000000c0400000 0x00000000c05fffe0 0x00000000c0600000  Relocatable
 Small   0x00000000c0600000 0x00000000c0800000 0x00000000c0800000  Relocatable
 Small   0x00000000c0800000 0x00000000c0a00000 0x00000000c0a00000  Relocatable
 Small   0x00000000c0a00000 0x00000000c0c00000 0x00000000c0c00000  Relocatable
 Small   0x00000000c0c00000 0x00000000c0dfec80 0x00000000c0e00000  Relocatable
 Small   0x00000000c0e00000 0x00000000c0fc0000 0x00000000c1000000  Relocatable
 Small   0x00000000c1000000 0x00000000c1200000 0x00000000c1200000  Relocatable
 Small   0x00000000c1200000 0x00000000c13fffd8 0x00000000c1400000  Relocatable
 Small   0x00000000c1600000 0x00000000c1800000 0x00000000c1800000  Relocatable
 Small   0x00000000c1800000 0x00000000c1a00000 0x00000000c1a00000  Relocatable
 Small   0x00000000c1a00000 0x00000000c1c00000 0x00000000c1c00000  Relocatable
 Small   0x00000000c1c00000 0x00000000c1e00000 0x00000000c1e00000  Relocatable
 Small   0x00000000c1e00000 0x00000000c2000000 0x00000000c2000000  Relocatable
 Small   0x00000000c2000000 0x00000000c2200000 0x00000000c2200000  Relocatable
 Small   0x00000000c2200000 0x00000000c2400000 0x00000000c2400000  Relocatable
 Small   0x00000000c2400000 0x00000000c2600000 0x00000000c2600000  Relocatable
 Small   0x00000000c2600000 0x00000000c2800000 0x00000000c2800000  Relocatable
 Small   0x00000000c2800000 0x00000000c2a00000 0x00000000c2a00000  Relocatable
 Small   0x00000000c2a00000 0x00000000c2bfffd0 0x00000000c2c00000  Relocatable
 Small   0x00000000c2c00000 0x00000000c2dfffe8 0x00000000c2e00000  Relocatable
 Small   0x00000000c2e00000 0x00000000c3000000 0x00000000c3000000  Relocatable
 Small   0x00000000c3000000 0x00000000c31fffd8 0x00000000c3200000  Relocatable
 Small   0x00000000c3200000 0x00000000c3400000 0x00000000c3400000  Relocatable
 Small   0x00000000c3600000 0x00000000c3800000 0x00000000c3800000  Relocatable
 Small   0x00000000c3800000 0x00000000c3a00000 0x00000000c3a00000  Relocatable
 Small   0x00000000c3a00000 0x00000000c3c00000 0x00000000c3c00000  Relocatable
 Small   0x00000000c3c00000 0x00000000c3e00000 0x00000000c3e00000  Relocatable
 Small   0x00000000c3e00000 0x00000000c4000000 0x00000000c4000000  Relocatable
 Small   0x00000000c4000000 0x00000000c4200000 0x00000000c4200000  Relocatable
 Small   0x00000000c4200000 0x00000000c4400000 0x00000000c4400000  Relocatable
 Small   0x00000000c4400000 0x00000000c4600000 0x00000000c4600000  Relocatable
 Small   0x00000000c4600000 0x00000000c4800000 0x00000000c4800000  Relocatable
 Small   0x00000000c4800000 0x00000000c49ffff8 0x00000000c4a00000  Relocatable
 Small   0x00000000c4a00000 0x00000000c4bffff0 0x00000000c4c00000  Relocatable
 Small   0x00000000c4c00000 0x00000000c4e00000 0x00000000c4e00000  Relocatable
 Small   0x00000000c4e00000 0x00000000c5000000 0x00000000c5000000  Relocatable
 Small   0x00000000c5000000 0x00000000c5200000 0x00000000c5200000  Relocatable
 Small   0x00000000c5200000 0x00000000c5400000 0x00000000c5400000  Relocatable
 Small   0x00000000c5400000 0x00000000c5600000 0x00000000c5600000  Relocatable
 Small   0x00000000c5600000 0x00000000c5800000 0x00000000c5800000  Relocatable
 Small   0x00000000c5800000 0x00000000c5a00000 0x00000000c5a00000  Relocatable
 Small   0x00000000c5a00000 0x00000000c5c00000 0x00000000c5c00000  Relocatable
 Small   0x00000000c5c00000 0x00000000c5dffff0 0x00000000c5e00000  Relocatable
 Small   0x00000000c6000000 0x00000000c6200000 0x00000000c6200000  Relocatable
 Small   0x00000000c6200000 0x00000000c6400000 0x00000000c6400000  Relocatable
 Small   0x00000000c6400000 0x00000000c65ff810 0x00000000c6600000  Relocatable
 Small   0x00000000c6600000 0x00000000c6800000 0x00000000c6800000  Relocatable
 Small   0x00000000c6800000 0x00000000c6a00000 0x00000000c6a00000  Relocatable
 Small   0x00000000c6a00000 0x00000000c6c00000 0x00000000c6c00000  Relocatable
 Small   0x00000000c6c00000 0x00000000c6e00000 0x00000000c6e00000  Relocatable
 Small   0x00000000c6e00000 0x00000000c6fffff0 0x00000000c7000000  Relocatable
 Small   0x00000000c7000000 0x00000000c71fff90 0x00000000c7200000  Relocatable
 Small   0x00000000c7200000 0x00000000c73fff88 0x00000000c7400000  Relocatable
 Small   0x00000000c7400000 0x00000000c75ffff0 0x00000000c7600000  Relocatable
 Small   0x00000000c7600000 0x00000000c7800000 0x00000000c7800000  Relocatable
 Small   0x00000000c7800000 0x00000000c79ffff8 0x00000000c7a00000  Relocatable
 Small   0x00000000c7a00000 0x00000000c7bfffc8 0x00000000c7c00000  Relocatable
 Small   0x00000000c7c00000 0x00000000c7dffd38 0x00000000c7e00000  Relocatable
 Small   0x00000000c7e00000 0x00000000c8000000 0x00000000c8000000  Relocatable
 Small   0x00000000c8000000 0x00000000c81fffb0 0x00000000c8200000  Relocatable
 Small   0x00000000c8200000 0x00000000c83fffa0 0x00000000c8400000  Relocatable
 Small   0x00000000c8400000 0x00000000c8600000 0x00000000c8600000  Relocatable
 Small   0x00000000c8600000 0x00000000c8800000 0x00000000c8800000  Relocatable
 Small   0x00000000c8800000 0x00000000c8a00000 0x00000000c8a00000  Relocatable
 Small   0x00000000c8a00000 0x00000000c8bf87f8 0x00000000c8c00000  Relocatable
 Small   0x00000000c8c00000 0x00000000c8e00000 0x00000000c8e00000  Relocatable
 Small   0x00000000c9000000 0x00000000c91ffff0 0x00000000c9200000  Relocatable
 Small   0x00000000c9200000 0x00000000c9400000 0x00000000c9400000  Relocatable
 Small   0x00000000c9400000 0x00000000c9600000 0x00000000c9600000  Relocatable
 Small   0x00000000c9600000 0x00000000c9800000 0x00000000c9800000  Relocatable
 Small   0x00000000c9800000 0x00000000c99fff90 0x00000000c9a00000  Relocatable
 Small   0x00000000c9a00000 0x00000000c9c00000 0x00000000c9c00000  Relocatable
 Small   0x00000000c9c00000 0x00000000c9e00000 0x00000000c9e00000  Relocatable
 Small   0x00000000c9e00000 0x00000000c9ffffa8 0x00000000ca000000  Relocatable
 Small   0x00000000ca000000 0x00000000ca200000 0x00000000ca200000  Relocatable
 Small   0x00000000ca200000 0x00000000ca400000 0x00000000ca400000  Relocatable
 Small   0x00000000ca600000 0x00000000ca800000 0x00000000ca800000  Relocatable
 Small   0x00000000ca800000 0x00000000caa00000 0x00000000caa00000  Relocatable
 Small   0x00000000caa00000 0x00000000cac00000 0x00000000cac00000  Relocatable
 Small   0x00000000cac00000 0x00000000cadfc6d0 0x00000000cae00000  Relocatable
 Small   0x00000000cae00000 0x00000000cb000000 0x00000000cb000000  Relocatable
 Small   0x00000000cb000000 0x00000000cb200000 0x00000000cb200000  Relocatable
 Small   0x00000000cb200000 0x00000000cb3fffe8 0x00000000cb400000  Relocatable
 Small   0x00000000cb400000 0x00000000cb600000 0x00000000cb600000  Relocatable
 Small   0x00000000cb800000 0x00000000cba00000 0x00000000cba00000  Relocatable
 Small   0x00000000cba00000 0x00000000cbc00000 0x00000000cbc00000  Relocatable
 Small   0x00000000cbc00000 0x00000000cbe00000 0x00000000cbe00000  Relocatable
 Small   0x00000000cc000000 0x00000000cc200000 0x00000000cc200000  Relocatable
 Small   0x00000000cc200000 0x00000000cc400000 0x00000000cc400000  Relocatable
 Small   0x00000000cc400000 0x00000000cc600000 0x00000000cc600000  Relocatable
 Small   0x00000000cc600000 0x00000000cc800000 0x00000000cc800000  Relocatable
 Small   0x00000000cc800000 0x00000000cc9fff80 0x00000000cca00000  Relocatable
 Small   0x00000000cca00000 0x00000000ccc00000 0x00000000ccc00000  Relocatable
 Small   0x00000000ccc00000 0x00000000cce00000 0x00000000cce00000  Relocatable
 Small   0x00000000cce00000 0x00000000ccfffff8 0x00000000cd000000  Relocatable
 Small   0x00000000cd000000 0x00000000cd200000 0x00000000cd200000  Relocatable
 Small   0x00000000cd200000 0x00000000cd3fffe8 0x00000000cd400000  Relocatable
 Small   0x00000000cd400000 0x00000000cd5fff88 0x00000000cd600000  Relocatable
 Small   0x00000000cd600000 0x00000000cd800000 0x00000000cd800000  Relocatable
 Small   0x00000000cd800000 0x00000000cda00000 0x00000000cda00000  Relocatable
 Small   0x00000000cda00000 0x00000000cdbffff8 0x00000000cdc00000  Relocatable
 Small   0x00000000cdc00000 0x00000000cde00000 0x00000000cde00000  Relocatable
 Small   0x00000000cde00000 0x00000000cdfffff8 0x00000000ce000000  Relocatable
 Small   0x00000000ce000000 0x00000000ce200000 0x00000000ce200000  Relocatable
 Small   0x00000000ce200000 0x00000000ce400000 0x00000000ce400000  Relocatable
 Small   0x00000000ce400000 0x00000000ce5ffff8 0x00000000ce600000  Relocatable
 Small   0x00000000ce600000 0x00000000ce800000 0x00000000ce800000  Relocatable
 Small   0x00000000ce800000 0x00000000cea00000 0x00000000cea00000  Relocatable
 Small   0x00000000cea00000 0x00000000cebfffe0 0x00000000cec00000  Relocatable
 Small   0x00000000cec00000 0x00000000cee00000 0x00000000cee00000  Relocatable
 Small   0x00000000cee00000 0x00000000ceffffd8 0x00000000cf000000  Relocatable
 Small   0x00000000cf000000 0x00000000cf200000 0x00000000cf200000  Relocatable
 Small   0x00000000cf200000 0x00000000cf400000 0x00000000cf400000  Relocatable
 Small   0x00000000cf400000 0x00000000cf600000 0x00000000cf600000  Relocatable
 Small   0x00000000cf600000 0x00000000cf800000 0x00000000cf800000  Relocatable
 Small   0x00000000cf800000 0x00000000cfa00000 0x00000000cfa00000  Relocatable
 Small   0x00000000cfa00000 0x00000000cfbfffe8 0x00000000cfc00000  Relocatable
 Small   0x00000000cfc00000 0x00000000cfda6ee0 0x00000000cfe00000  Relocatable
 Small   0x00000000cfe00000 0x00000000cfffffc0 0x00000000d0000000  Relocatable
 Small   0x00000000d0000000 0x00000000d0200000 0x00000000d0200000  Relocatable
 Small   0x00000000d0200000 0x00000000d0400000 0x00000000d0400000  Relocatable
 Small   0x00000000d0400000 0x00000000d0600000 0x00000000d0600000  Relocatable
 Small   0x00000000d0600000 0x00000000d0800000 0x00000000d0800000  Relocatable
 Small   0x00000000d0800000 0x00000000d0a00000 0x00000000d0a00000  Relocatable
 Small   0x00000000d0a00000 0x00000000d0bfffe8 0x00000000d0c00000  Relocatable
 Small   0x00000000d0c00000 0x00000000d0e00000 0x00000000d0e00000  Relocatable
 Small   0x00000000d0e00000 0x00000000d1000000 0x00000000d1000000  Relocatable
 Small   0x00000000d1000000 0x00000000d1200000 0x00000000d1200000  Relocatable
 Small   0x00000000d1200000 0x00000000d1400000 0x00000000d1400000  Relocatable
 Small   0x00000000d1400000 0x00000000d1600000 0x00000000d1600000  Relocatable
 Small   0x00000000d1600000 0x00000000d1800000 0x00000000d1800000  Relocatable
 Small   0x00000000d1800000 0x00000000d1a00000 0x00000000d1a00000  Relocatable
 Small   0x00000000d1a00000 0x00000000d1c00000 0x00000000d1c00000  Relocatable
 Small   0x00000000d1c00000 0x00000000d1e00000 0x00000000d1e00000  Relocatable
 Small   0x00000000d1e00000 0x00000000d2000000 0x00000000d2000000  Relocatable
 Small   0x00000000d2000000 0x00000000d2200000 0x00000000d2200000  Relocatable
 Small   0x00000000d2200000 0x00000000d2400000 0x00000000d2400000  Relocatable
 Small   0x00000000d2400000 0x00000000d25ffff8 0x00000000d2600000  Relocatable
 Small   0x00000000d2600000 0x00000000d2800000 0x00000000d2800000  Relocatable
 Small   0x00000000d2800000 0x00000000d2a00000 0x00000000d2a00000  Relocatable
 Small   0x00000000d2a00000 0x00000000d2c00000 0x00000000d2c00000  Relocatable
 Small   0x00000000d2c00000 0x00000000d2dffff8 0x00000000d2e00000  Relocatable
 Small   0x00000000d2e00000 0x00000000d3000000 0x00000000d3000000  Relocatable
 Small   0x00000000d3000000 0x00000000d3200000 0x00000000d3200000  Relocatable
 Small   0x00000000d3200000 0x00000000d33fffc8 0x00000000d3400000  Relocatable
 Small   0x00000000d3400000 0x00000000d35fbd10 0x00000000d3600000  Relocatable
 Small   0x00000000d3600000 0x00000000d3800000 0x00000000d3800000  Relocatable
 Small   0x00000000d3800000 0x00000000d3a00000 0x00000000d3a00000  Relocatable
 Small   0x00000000d3a00000 0x00000000d3c00000 0x00000000d3c00000  Relocatable
 Small   0x00000000d3c00000 0x00000000d3e00000 0x00000000d3e00000  Relocatable
 Small   0x00000000d4000000 0x00000000d4200000 0x00000000d4200000  Relocatable
 Small   0x00000000d4200000 0x00000000d43f8df8 0x00000000d4400000  Relocatable
 Small   0x00000000d4400000 0x00000000d4600000 0x00000000d4600000  Relocatable
 Small   0x00000000d4600000 0x00000000d4800000 0x00000000d4800000  Relocatable
 Small   0x00000000d4800000 0x00000000d49fff10 0x00000000d4a00000  Relocatable
 Small   0x00000000d4a00000 0x00000000d4c00000 0x00000000d4c00000  Relocatable
 Small   0x00000000d4c00000 0x00000000d4e00000 0x00000000d4e00000  Relocatable
 Small   0x00000000d4e00000 0x00000000d5000000 0x00000000d5000000  Relocatable
 Small   0x00000000d5000000 0x00000000d51fffe8 0x00000000d5200000  Relocatable
 Small   0x00000000d5200000 0x00000000d53fffe0 0x00000000d5400000  Relocatable
 Small   0x00000000d5400000 0x00000000d5600000 0x00000000d5600000  Relocatable
 Small   0x00000000d5600000 0x00000000d5800000 0x00000000d5800000  Relocatable
 Small   0x00000000d5800000 0x00000000d59fff98 0x00000000d5a00000  Relocatable
 Small   0x00000000d5a00000 0x00000000d5c00000 0x00000000d5c00000  Relocatable
 Small   0x00000000d5c00000 0x00000000d5e00000 0x00000000d5e00000  Relocatable
 Small   0x00000000d5e00000 0x00000000d6000000 0x00000000d6000000  Relocatable
 Small   0x00000000d6000000 0x00000000d6200000 0x00000000d6200000  Relocatable
 Small   0x00000000d6200000 0x00000000d6400000 0x00000000d6400000  Relocatable
 Small   0x00000000d6400000 0x00000000d6600000 0x00000000d6600000  Relocatable
 Small   0x00000000d6600000 0x00000000d67fd8f0 0x00000000d6800000  Relocatable
 Small   0x00000000d6800000 0x00000000d69ffd50 0x00000000d6a00000  Relocatable
 Small   0x00000000d6a00000 0x00000000d6c00000 0x00000000d6c00000  Relocatable
 Small   0x00000000d6c00000 0x00000000d6e00000 0x00000000d6e00000  Relocatable
 Small   0x00000000d6e00000 0x00000000d6ffffe0 0x00000000d7000000  Relocatable
 Small   0x00000000d7000000 0x00000000d71fffe8 0x00000000d7200000  Relocatable
 Small   0x00000000d7200000 0x00000000d7400000 0x00000000d7400000  Relocatable
 Small   0x00000000d7400000 0x00000000d75ffff0 0x00000000d7600000  Relocatable
 Small   0x00000000d7600000 0x00000000d7800000 0x00000000d7800000  Relocatable
 Small   0x00000000d7800000 0x00000000d7a00000 0x00000000d7a00000  Relocatable
 Small   0x00000000d7a00000 0x00000000d7c00000 0x00000000d7c00000  Relocatable
 Small   0x00000000d7c00000 0x00000000d7e00000 0x00000000d7e00000  Relocatable
 Small   0x00000000d7e00000 0x00000000d8000000 0x00000000d8000000  Relocatable
 Small   0x00000000d8000000 0x00000000d8200000 0x00000000d8200000  Relocatable
 Small   0x00000000d8200000 0x00000000d83fffe0 0x00000000d8400000  Relocatable
 Small   0x00000000d8400000 0x00000000d8600000 0x00000000d8600000  Relocatable
 Small   0x00000000d8600000 0x00000000d8800000 0x00000000d8800000  Relocatable
 Small   0x00000000d8800000 0x00000000d8a00000 0x00000000d8a00000  Relocatable
 Small   0x00000000d8a00000 0x00000000d8c00000 0x00000000d8c00000  Relocatable
 Small   0x00000000d8c00000 0x00000000d8e00000 0x00000000d8e00000  Relocatable
 Small   0x00000000d8e00000 0x00000000d8fff5b0 0x00000000d9000000  Relocatable
 Small   0x00000000d9000000 0x00000000d91fffe0 0x00000000d9200000  Relocatable
 Small   0x00000000d9200000 0x00000000d9400000 0x00000000d9400000  Relocatable
 Small   0x00000000d9400000 0x00000000d9600000 0x00000000d9600000  Relocatable
 Small   0x00000000d9600000 0x00000000d9800000 0x00000000d9800000  Relocatable
 Small   0x00000000d9800000 0x00000000d9a00000 0x00000000d9a00000  Relocatable
 Small   0x00000000d9a00000 0x00000000d9bffff8 0x00000000d9c00000  Relocatable
 Small   0x00000000d9c00000 0x00000000d9e00000 0x00000000d9e00000  Relocatable
 Small   0x00000000d9e00000 0x00000000d9fffde0 0x00000000da000000  Relocatable
 Small   0x00000000da000000 0x00000000da1fffe8 0x00000000da200000  Relocatable
 Small   0x00000000da200000 0x00000000da400000 0x00000000da400000  Relocatable
 Small   0x00000000da400000 0x00000000da600000 0x00000000da600000  Relocatable
 Small   0x00000000da600000 0x00000000da800000 0x00000000da800000  Relocatable
 Small   0x00000000da800000 0x00000000daa00000 0x00000000daa00000  Relocatable
 Small   0x00000000daa00000 0x00000000dabffff0 0x00000000dac00000  Relocatable
 Small   0x00000000dac00000 0x00000000dae00000 0x00000000dae00000  Relocatable
 Small   0x00000000dae00000 0x00000000db000000 0x00000000db000000  Relocatable
 Small   0x00000000db000000 0x00000000db1ffff0 0x00000000db200000  Relocatable
 Small   0x00000000db200000 0x00000000db3fff30 0x00000000db400000  Relocatable
 Small   0x00000000db400000 0x00000000db600000 0x00000000db600000  Relocatable
 Small   0x00000000db600000 0x00000000db800000 0x00000000db800000  Relocatable
 Small   0x00000000db800000 0x00000000dba00000 0x00000000dba00000  Relocatable
 Small   0x00000000dba00000 0x00000000dbbfffc8 0x00000000dbc00000  Relocatable
 Small   0x00000000dbc00000 0x00000000dbe00000 0x00000000dbe00000  Relocatable
 Small   0x00000000dbe00000 0x00000000dbffffc0 0x00000000dc000000  Relocatable
 Small   0x00000000dc000000 0x00000000dc200000 0x00000000dc200000  Relocatable
 Small   0x00000000dc200000 0x00000000dc400000 0x00000000dc400000  Relocatable
 Small   0x00000000dc600000 0x00000000dc7ffff8 0x00000000dc800000  Relocatable
 Small   0x00000000dc800000 0x00000000dca00000 0x00000000dca00000  Relocatable
 Small   0x00000000dca00000 0x00000000dcc00000 0x00000000dcc00000  Relocatable
 Small   0x00000000dcc00000 0x00000000dcdfffd8 0x00000000dce00000  Relocatable
 Small   0x00000000dce00000 0x00000000dd000000 0x00000000dd000000  Relocatable
 Small   0x00000000dd000000 0x00000000dd200000 0x00000000dd200000  Relocatable
 Small   0x00000000dd200000 0x00000000dd400000 0x00000000dd400000  Relocatable
 Small   0x00000000dd400000 0x00000000dd600000 0x00000000dd600000  Relocatable
 Small   0x00000000dd600000 0x00000000dd7ff380 0x00000000dd800000  Relocatable
 Small   0x00000000dd800000 0x00000000dda00000 0x00000000dda00000  Relocatable
 Small   0x00000000dda00000 0x00000000ddc00000 0x00000000ddc00000  Relocatable
 Small   0x00000000ddc00000 0x00000000dde00000 0x00000000dde00000  Relocatable
 Small   0x00000000dde00000 0x00000000de000000 0x00000000de000000  Relocatable
 Small   0x00000000de000000 0x00000000de1ffff0 0x00000000de200000  Relocatable
 Small   0x00000000de200000 0x00000000de400000 0x00000000de400000  Relocatable
 Small   0x00000000de400000 0x00000000de600000 0x00000000de600000  Relocatable
 Small   0x00000000de800000 0x00000000dea00000 0x00000000dea00000  Relocatable
 Small   0x00000000dea00000 0x00000000dec00000 0x00000000dec00000  Relocatable
 Small   0x00000000dec00000 0x00000000dedc0000 0x00000000dee00000  Relocatable
 Small   0x00000000dee00000 0x00000000df000000 0x00000000df000000  Relocatable
 Small   0x00000000df000000 0x00000000df200000 0x00000000df200000  Relocatable
 Small   0x00000000df200000 0x00000000df3ffff8 0x00000000df400000  Relocatable
 Small   0x00000000df400000 0x00000000df600000 0x00000000df600000  Relocatable
 Small   0x00000000df600000 0x00000000df800000 0x00000000df800000  Relocatable
 Small   0x00000000df800000 0x00000000dfa00000 0x00000000dfa00000  Relocatable
 Small   0x00000000dfa00000 0x00000000dfc00000 0x00000000dfc00000  Relocatable
 Small   0x00000000dfc00000 0x00000000dfe00000 0x00000000dfe00000  Relocatable
 Small   0x00000000dfe00000 0x00000000e0000000 0x00000000e0000000  Relocatable
 Small   0x00000000e0000000 0x00000000e0200000 0x00000000e0200000  Relocatable
 Small   0x00000000e0200000 0x00000000e0400000 0x00000000e0400000  Relocatable
 Small   0x00000000e0400000 0x00000000e0600000 0x00000000e0600000  Relocatable
 Small   0x00000000e0600000 0x00000000e0800000 0x00000000e0800000  Relocatable
 Small   0x00000000e0800000 0x00000000e09fffb8 0x00000000e0a00000  Relocatable
 Small   0x00000000e0a00000 0x00000000e0c00000 0x00000000e0c00000  Relocatable
 Small   0x00000000e0c00000 0x00000000e0e00000 0x00000000e0e00000  Relocatable
 Small   0x00000000e0e00000 0x00000000e0fffff8 0x00000000e1000000  Relocatable
 Small   0x00000000e1000000 0x00000000e1200000 0x00000000e1200000  Relocatable
 Small   0x00000000e1200000 0x00000000e1400000 0x00000000e1400000  Relocatable
 Small   0x00000000e1400000 0x00000000e15ffe10 0x00000000e1600000  Relocatable
 Small   0x00000000e1600000 0x00000000e1800000 0x00000000e1800000  Relocatable
 Small   0x00000000e1800000 0x00000000e19e1ad0 0x00000000e1a00000  Relocatable
 Small   0x00000000e1a00000 0x00000000e1c00000 0x00000000e1c00000  Relocatable
 Small   0x00000000e1c00000 0x00000000e1e00000 0x00000000e1e00000  Relocatable
 Small   0x00000000e2000000 0x00000000e2200000 0x00000000e2200000  Relocatable
 Small   0x00000000e2200000 0x00000000e23ffb68 0x00000000e2400000  Relocatable
 Small   0x00000000e2400000 0x00000000e2587378 0x00000000e2600000  Relocatable
 Small   0x00000000e2600000 0x00000000e27fffe8 0x00000000e2800000  Relocatable
 Small   0x00000000e2800000 0x00000000e2a00000 0x00000000e2a00000  Relocatable
 Small   0x00000000e2a00000 0x00000000e2bfffd0 0x00000000e2c00000  Relocatable
 Small   0x00000000e2c00000 0x00000000e2e00000 0x00000000e2e00000  Relocatable
 Small   0x00000000e2e00000 0x00000000e2f89eb0 0x00000000e3000000  Relocatable
 Small   0x00000000e3000000 0x00000000e31fffe0 0x00000000e3200000  Relocatable
 Small   0x00000000e3200000 0x00000000e33fffb8 0x00000000e3400000  Relocatable
 Small   0x00000000e3400000 0x00000000e3600000 0x00000000e3600000  Relocatable
 Small   0x00000000e3600000 0x00000000e3800000 0x00000000e3800000  Relocatable
 Small   0x00000000e3800000 0x00000000e3a00000 0x00000000e3a00000  Relocatable
 Small   0x00000000e3a00000 0x00000000e3c00000 0x00000000e3c00000  Relocatable
 Small   0x00000000e3c00000 0x00000000e3e00000 0x00000000e3e00000  Relocatable
 Small   0x00000000e3e00000 0x00000000e4000000 0x00000000e4000000  Relocatable
 Small   0x00000000e4000000 0x00000000e4200000 0x00000000e4200000  Relocatable
 Small   0x00000000e4200000 0x00000000e43ffff0 0x00000000e4400000  Relocatable
 Small   0x00000000e4400000 0x00000000e4600000 0x00000000e4600000  Relocatable
 Small   0x00000000e4600000 0x00000000e4784570 0x00000000e4800000  Relocatable
 Small   0x00000000e4800000 0x00000000e49fffd0 0x00000000e4a00000  Relocatable
 Small   0x00000000e4a00000 0x00000000e4c00000 0x00000000e4c00000  Relocatable
 Small   0x00000000e4e00000 0x00000000e5000000 0x00000000e5000000  Relocatable
 Small   0x00000000e5000000 0x00000000e5200000 0x00000000e5200000  Relocatable
 Small   0x00000000e5200000 0x00000000e5400000 0x00000000e5400000  Relocatable
 Small   0x00000000e5400000 0x00000000e55fa9a0 0x00000000e5600000  Relocatable
 Small   0x00000000e5600000 0x00000000e57fffa8 0x00000000e5800000  Relocatable
 Small   0x00000000e5800000 0x00000000e59ffff8 0x00000000e5a00000  Relocatable
 Small   0x00000000e5a00000 0x00000000e5bffff8 0x00000000e5c00000  Relocatable
 Small   0x00000000e5c00000 0x00000000e5e00000 0x00000000e5e00000  Relocatable
 Small   0x00000000e5e00000 0x00000000e6000000 0x00000000e6000000  Relocatable
 Small   0x00000000e6000000 0x00000000e6200000 0x00000000e6200000  Relocatable
 Small   0x00000000e6200000 0x00000000e63ffff8 0x00000000e6400000  Relocatable
 Small   0x00000000e6400000 0x00000000e65fffe0 0x00000000e6600000  Relocatable
 Small   0x00000000e6600000 0x00000000e67ffc30 0x00000000e6800000  Relocatable
 Small   0x00000000e6800000 0x00000000e6a00000 0x00000000e6a00000  Relocatable
 Small   0x00000000e6a00000 0x00000000e6c00000 0x00000000e6c00000  Relocatable
 Small   0x00000000e6e00000 0x00000000e6fff870 0x00000000e7000000  Relocatable
 Small   0x00000000e7000000 0x00000000e71ffff8 0x00000000e7200000  Relocatable
 Small   0x00000000e7200000 0x00000000e7400000 0x00000000e7400000  Relocatable
 Small   0x00000000e7400000 0x00000000e7600000 0x00000000e7600000  Relocatable
 Small   0x00000000e7600000 0x00000000e7800000 0x00000000e7800000  Relocatable
 Small   0x00000000e7800000 0x00000000e79fffe8 0x00000000e7a00000  Relocatable
 Small   0x00000000e7a00000 0x00000000e7c00000 0x00000000e7c00000  Relocatable
 Small   0x00000000e7c00000 0x00000000e7e00000 0x00000000e7e00000  Relocatable
 Small   0x00000000e7e00000 0x00000000e7ffffc8 0x00000000e8000000  Relocatable
 Small   0x00000000e8000000 0x00000000e8200000 0x00000000e8200000  Relocatable
 Small   0x00000000e8200000 0x00000000e8400000 0x00000000e8400000  Relocatable
 Small   0x00000000e8400000 0x00000000e85f9630 0x00000000e8600000  Relocatable
 Small   0x00000000e8600000 0x00000000e8800000 0x00000000e8800000  Relocatable
 Small   0x00000000e8800000 0x00000000e89fffd8 0x00000000e8a00000  Relocatable
 Small   0x00000000e8a00000 0x00000000e8bfffd8 0x00000000e8c00000  Relocatable
 Small   0x00000000e8c00000 0x00000000e8e00000 0x00000000e8e00000  Relocatable
 Small   0x00000000e8e00000 0x00000000e8fffff0 0x00000000e9000000  Relocatable
 Small   0x00000000e9000000 0x00000000e91fffc8 0x00000000e9200000  Relocatable
 Small   0x00000000e9200000 0x00000000e9400000 0x00000000e9400000  Relocatable
 Small   0x0000000fcd400000 0x0000000fcd600000 0x0000000fcd600000  Relocatable
 Small   0x0000000fcd600000 0x0000000fcd800000 0x0000000fcd800000  Relocatable
 Small   0x0000000fcd800000 0x0000000fcda00000 0x0000000fcda00000  Relocatable
 Small   0x0000000fcda00000 0x0000000fcdc00000 0x0000000fcdc00000  Relocatable
 Small   0x0000000fcdc00000 0x0000000fcde00000 0x0000000fcde00000  Relocatable
 Small   0x0000000fcde00000 0x0000000fce000000 0x0000000fce000000  Relocatable
 Small   0x0000000fce000000 0x0000000fce200000 0x0000000fce200000  Relocatable
 Small   0x0000000fce200000 0x0000000fce400000 0x0000000fce400000  Relocatable
 Small   0x0000000fce400000 0x0000000fce600000 0x0000000fce600000  Relocatable
 Small   0x0000000fce600000 0x0000000fce800000 0x0000000fce800000  Relocatable
 Small   0x0000000fce800000 0x0000000fcea00000 0x0000000fcea00000  Relocatable
 Small   0x0000000fcea00000 0x0000000fcec00000 0x0000000fcec00000  Relocatable
 Small   0x0000000fcee00000 0x0000000fcf000000 0x0000000fcf000000  Relocatable
 Small   0x0000000fcf000000 0x0000000fcf200000 0x0000000fcf200000  Relocatable
 Small   0x0000000fcf200000 0x0000000fcf400000 0x0000000fcf400000  Relocatable
 Small   0x0000000fcf400000 0x0000000fcf600000 0x0000000fcf600000  Relocatable
 Small   0x0000000fcf600000 0x0000000fcf800000 0x0000000fcf800000  Relocatable
 Small   0x0000000fcf800000 0x0000000fcfa00000 0x0000000fcfa00000  Relocatable
 Small   0x0000000fcfe00000 0x0000000fd0000000 0x0000000fd0000000  Relocatable
 Small   0x0000000fd0000000 0x0000000fd0200000 0x0000000fd0200000  Relocatable
 Small   0x0000000fd0200000 0x0000000fd0400000 0x0000000fd0400000  Relocatable
 Small   0x0000000fd0400000 0x0000000fd0600000 0x0000000fd0600000  Relocatable
 Small   0x0000000fd0800000 0x0000000fd0a00000 0x0000000fd0a00000  Relocatable
 Small   0x0000000fd0a00000 0x0000000fd0c00000 0x0000000fd0c00000  Relocatable
 Small   0x0000000fd0c00000 0x0000000fd0e00000 0x0000000fd0e00000  Relocatable
 Small   0x0000000fd0e00000 0x0000000fd1000000 0x0000000fd1000000  Relocatable
 Small   0x0000000fd1000000 0x0000000fd1200000 0x0000000fd1200000  Relocatable
 Small   0x0000000fd1200000 0x0000000fd1400000 0x0000000fd1400000  Relocatable
 Small   0x0000000fd1600000 0x0000000fd1800000 0x0000000fd1800000  Relocatable
 Small   0x0000000fd1800000 0x0000000fd1a00000 0x0000000fd1a00000  Relocatable
 Small   0x0000000fd1a00000 0x0000000fd1c00000 0x0000000fd1c00000  Relocatable
 Small   0x0000000fd1c00000 0x0000000fd1e00000 0x0000000fd1e00000  Relocatable
 Small   0x0000000fd1e00000 0x0000000fd2000000 0x0000000fd2000000  Relocatable
 Small   0x0000000fd2000000 0x0000000fd2200000 0x0000000fd2200000  Relocatable
 Small   0x0000000fd2200000 0x0000000fd2400000 0x0000000fd2400000  Relocatable
 Small   0x0000000fd2400000 0x0000000fd2600000 0x0000000fd2600000  Relocatable
 Small   0x0000000fd2600000 0x0000000fd2800000 0x0000000fd2800000  Relocatable
 Small   0x0000000fd2800000 0x0000000fd29c0000 0x0000000fd2a00000  Relocatable
 Small   0x0000000fd2a00000 0x0000000fd2c00000 0x0000000fd2c00000  Relocatable
 Small   0x0000000fd2c00000 0x0000000fd2e00000 0x0000000fd2e00000  Relocatable
 Small   0x0000000fd2e00000 0x0000000fd3000000 0x0000000fd3000000  Relocatable
 Small   0x0000000fd3000000 0x0000000fd3200000 0x0000000fd3200000  Relocatable
 Small   0x0000000fd3200000 0x0000000fd33fffb0 0x0000000fd3400000  Relocatable
 Small   0x0000000fd3400000 0x0000000fd3600000 0x0000000fd3600000  Relocatable
 Small   0x0000000fd3600000 0x0000000fd3800000 0x0000000fd3800000  Relocatable
 Small   0x0000000fd3800000 0x0000000fd3a00000 0x0000000fd3a00000  Relocatable
 Small   0x0000000fd3a00000 0x0000000fd3c00000 0x0000000fd3c00000  Relocatable
 Small   0x0000000fd3c00000 0x0000000fd3dffff0 0x0000000fd3e00000  Relocatable
 Small   0x0000000fd4000000 0x0000000fd4200000 0x0000000fd4200000  Relocatable
 Small   0x0000000fd4200000 0x0000000fd4400000 0x0000000fd4400000  Relocatable
 Small   0x0000000fd4400000 0x0000000fd4600000 0x0000000fd4600000  Relocatable
 Small   0x0000000fd4800000 0x0000000fd4a00000 0x0000000fd4a00000  Relocatable
 Small   0x0000000fd4a00000 0x0000000fd4c00000 0x0000000fd4c00000  Relocatable
 Small   0x0000000fd4c00000 0x0000000fd4e00000 0x0000000fd4e00000  Relocatable
 Small   0x0000000fd4e00000 0x0000000fd4e9bf70 0x0000000fd5000000  Relocatable
 Small   0x0000000fd5000000 0x0000000fd5200000 0x0000000fd5200000  Relocatable
 Small   0x0000000fd5200000 0x0000000fd5400000 0x0000000fd5400000  Relocatable
 Medium  0x0000000fd5400000 0x0000000fd6b24000 0x0000000fd7400000  Relocatable
 Small   0x0000000fd7600000 0x0000000fd7800000 0x0000000fd7800000  Relocatable
 Small   0x0000000fd7800000 0x0000000fd7a00000 0x0000000fd7a00000  Relocatable
 Small   0x0000000fd7a00000 0x0000000fd7c00000 0x0000000fd7c00000  Relocatable
 Small   0x0000000fd7c00000 0x0000000fd7dffe50 0x0000000fd7e00000  Relocatable
 Small   0x0000000fd7e00000 0x0000000fd8000000 0x0000000fd8000000  Relocatable
 Small   0x0000000fd8000000 0x0000000fd8200000 0x0000000fd8200000  Relocatable
 Small   0x0000000fd8200000 0x0000000fd8400000 0x0000000fd8400000  Relocatable
 Small   0x0000000fd8400000 0x0000000fd8600000 0x0000000fd8600000  Relocatable
 Small   0x0000000fd8600000 0x0000000fd8800000 0x0000000fd8800000  Relocatable
 Small   0x0000000fd8a00000 0x0000000fd8c00000 0x0000000fd8c00000  Relocatable
 Small   0x0000000fd9400000 0x0000000fd9600000 0x0000000fd9600000  Relocatable
 Small   0x0000000fd9600000 0x0000000fd9800000 0x0000000fd9800000  Relocatable
 Small   0x0000000fd9800000 0x0000000fd99ffff0 0x0000000fd9a00000  Relocatable
 Small   0x0000000fd9a00000 0x0000000fd9c00000 0x0000000fd9c00000  Relocatable
 Small   0x0000000fd9c00000 0x0000000fd9d88720 0x0000000fd9e00000  Relocatable
 Small   0x0000000fd9e00000 0x0000000fda000000 0x0000000fda000000  Relocatable
 Small   0x0000000fda000000 0x0000000fda200000 0x0000000fda200000  Relocatable
 Small   0x0000000fda200000 0x0000000fda400000 0x0000000fda400000  Relocatable
 Small   0x0000000fda400000 0x0000000fda600000 0x0000000fda600000  Relocatable
 Small   0x0000000fda600000 0x0000000fda800000 0x0000000fda800000  Relocatable
 Small   0x0000000fda800000 0x0000000fdaa00000 0x0000000fdaa00000  Relocatable
 Small   0x0000000fdaa00000 0x0000000fdac00000 0x0000000fdac00000  Relocatable
 Small   0x0000000fdac00000 0x0000000fdae00000 0x0000000fdae00000  Relocatable
 Small   0x0000000fdae00000 0x0000000fdb000000 0x0000000fdb000000  Relocatable
 Small   0x0000000fdb000000 0x0000000fdb200000 0x0000000fdb200000  Relocatable
 Small   0x0000000fdb200000 0x0000000fdb3fffe8 0x0000000fdb400000  Relocatable
 Small   0x0000000fdb400000 0x0000000fdb600000 0x0000000fdb600000  Relocatable
 Small   0x0000000fdb800000 0x0000000fdba00000 0x0000000fdba00000  Relocatable
 Small   0x0000000fdba00000 0x0000000fdbc00000 0x0000000fdbc00000  Relocatable
 Small   0x0000000fdbc00000 0x0000000fdbe00000 0x0000000fdbe00000  Relocatable
 Small   0x0000000fdc000000 0x0000000fdc200000 0x0000000fdc200000  Relocatable
 Small   0x0000000fdc200000 0x0000000fdc400000 0x0000000fdc400000  Relocatable
 Small   0x0000000fdc600000 0x0000000fdc800000 0x0000000fdc800000  Relocatable
 Small   0x0000000fdc800000 0x0000000fdca00000 0x0000000fdca00000  Relocatable
 Small   0x0000000fdca00000 0x0000000fdcc00000 0x0000000fdcc00000  Relocatable
 Small   0x0000000fdce00000 0x0000000fdd000000 0x0000000fdd000000  Relocatable
 Small   0x0000000fdd000000 0x0000000fdd200000 0x0000000fdd200000  Relocatable
 Small   0x0000000fdd200000 0x0000000fdd400000 0x0000000fdd400000  Relocatable
 Small   0x0000000fdd400000 0x0000000fdd600000 0x0000000fdd600000  Relocatable
 Small   0x0000000fdd600000 0x0000000fdd800000 0x0000000fdd800000  Relocatable
 Small   0x0000000fdda00000 0x0000000fddc00000 0x0000000fddc00000  Relocatable
 Small   0x0000000fddc00000 0x0000000fdde00000 0x0000000fdde00000  Relocatable
 Small   0x0000000fde000000 0x0000000fde200000 0x0000000fde200000  Relocatable
 Small   0x0000000fde200000 0x0000000fde3fffe0 0x0000000fde400000  Relocatable
 Small   0x0000000fde400000 0x0000000fde600000 0x0000000fde600000  Relocatable
 Small   0x0000000fde600000 0x0000000fde800000 0x0000000fde800000  Relocatable
 Small   0x0000000fde800000 0x0000000fdea00000 0x0000000fdea00000  Relocatable
 Small   0x0000000fdea00000 0x0000000fdec00000 0x0000000fdec00000  Relocatable
 Small   0x0000000fdec00000 0x0000000fdedff720 0x0000000fdee00000  Relocatable
 Small   0x0000000fdee00000 0x0000000fdeffff10 0x0000000fdf000000  Relocatable
 Small   0x0000000fdf000000 0x0000000fdf200000 0x0000000fdf200000  Relocatable
 Small   0x0000000fdf200000 0x0000000fdf400000 0x0000000fdf400000  Relocatable
 Small   0x0000000fdf400000 0x0000000fdf600000 0x0000000fdf600000  Relocatable
 Small   0x0000000fdf600000 0x0000000fdf7fffe8 0x0000000fdf800000  Relocatable
 Small   0x0000000fdf800000 0x0000000fdfa00000 0x0000000fdfa00000  Relocatable
 Small   0x0000000fdfa00000 0x0000000fdfc00000 0x0000000fdfc00000  Relocatable
 Small   0x0000000fdfc00000 0x0000000fdfe00000 0x0000000fdfe00000  Relocatable
 Small   0x0000000fdfe00000 0x0000000fe0000000 0x0000000fe0000000  Relocatable
 Small   0x0000000fe0000000 0x0000000fe0200000 0x0000000fe0200000  Relocatable
 Small   0x0000000fe0200000 0x0000000fe0400000 0x0000000fe0400000  Relocatable
 Small   0x0000000fe0400000 0x0000000fe0600000 0x0000000fe0600000  Relocatable
 Small   0x0000000fe0600000 0x0000000fe0800000 0x0000000fe0800000  Relocatable
 Small   0x0000000fe0800000 0x0000000fe0a00000 0x0000000fe0a00000  Relocatable
 Small   0x0000000fe0a00000 0x0000000fe0c00000 0x0000000fe0c00000  Relocatable
 Small   0x0000000fe0e00000 0x0000000fe1000000 0x0000000fe1000000  Relocatable
 Small   0x0000000fe1000000 0x0000000fe1200000 0x0000000fe1200000  Relocatable
 Small   0x0000000fe1200000 0x0000000fe13ffd98 0x0000000fe1400000  Relocatable
 Large   0x0000000fe1400000 0x0000000fe1a00000 0x0000000fe1a00000  Relocatable
 Small   0x0000000fe1a00000 0x0000000fe1c00000 0x0000000fe1c00000  Relocatable
 Small   0x0000000fe1c00000 0x0000000fe1e00000 0x0000000fe1e00000  Relocatable
 Small   0x0000000fe1e00000 0x0000000fe2000000 0x0000000fe2000000  Relocatable
 Small   0x0000000fe2000000 0x0000000fe2200000 0x0000000fe2200000  Relocatable
 Small   0x0000000fe2200000 0x0000000fe23fff30 0x0000000fe2400000  Relocatable
 Small   0x0000000fe2400000 0x0000000fe2600000 0x0000000fe2600000  Relocatable
 Small   0x0000000fe2600000 0x0000000fe27ffff0 0x0000000fe2800000  Relocatable
 Small   0x0000000fe2800000 0x0000000fe2a00000 0x0000000fe2a00000  Relocatable
 Small   0x0000000fe2a00000 0x0000000fe2c00000 0x0000000fe2c00000  Relocatable
 Small   0x0000000fe2c00000 0x0000000fe2e00000 0x0000000fe2e00000  Relocatable
 Small   0x0000000fe2e00000 0x0000000fe2ffffe8 0x0000000fe3000000  Relocatable
 Small   0x0000000fe3000000 0x0000000fe3200000 0x0000000fe3200000  Relocatable
 Small   0x0000000fe3200000 0x0000000fe3400000 0x0000000fe3400000  Relocatable
 Small   0x0000000fe3400000 0x0000000fe3600000 0x0000000fe3600000  Relocatable
 Small   0x0000000fe3600000 0x0000000fe3800000 0x0000000fe3800000  Relocatable
 Small   0x0000000fe3c00000 0x0000000fe3e00000 0x0000000fe3e00000  Relocatable
 Small   0x0000000fe4000000 0x0000000fe4200000 0x0000000fe4200000  Relocatable
 Small   0x0000000fe4200000 0x0000000fe4400000 0x0000000fe4400000  Relocatable
 Small   0x0000000fe4400000 0x0000000fe4600000 0x0000000fe4600000  Relocatable
 Small   0x0000000fe4600000 0x0000000fe47f1558 0x0000000fe4800000  Relocatable
 Small   0x0000000fe4800000 0x0000000fe4a00000 0x0000000fe4a00000  Relocatable
 Small   0x0000000fe4a00000 0x0000000fe4c00000 0x0000000fe4c00000  Relocatable
 Small   0x0000000fe4c00000 0x0000000fe4e00000 0x0000000fe4e00000  Relocatable
 Small   0x0000000fe4e00000 0x0000000fe5000000 0x0000000fe5000000  Relocatable
 Small   0x0000000fe5000000 0x0000000fe5200000 0x0000000fe5200000  Relocatable
 Small   0x0000000fe5200000 0x0000000fe5400000 0x0000000fe5400000  Relocatable
 Large   0x0000000fe5400000 0x0000000fe5e00000 0x0000000fe5e00000  Relocatable
 Small   0x0000000fe6000000 0x0000000fe6200000 0x0000000fe6200000  Relocatable
 Small   0x0000000fe6200000 0x0000000fe6400000 0x0000000fe6400000  Relocatable
 Small   0x0000000fe6400000 0x0000000fe6600000 0x0000000fe6600000  Relocatable
 Small   0x0000000fe6600000 0x0000000fe67fff18 0x0000000fe6800000  Relocatable
 Small   0x0000000fe6800000 0x0000000fe69ffff8 0x0000000fe6a00000  Relocatable
 Small   0x0000000fe6a00000 0x0000000fe6c00000 0x0000000fe6c00000  Relocatable
 Small   0x0000000fe6c00000 0x0000000fe6e00000 0x0000000fe6e00000  Relocatable
 Small   0x0000000fe6e00000 0x0000000fe7000000 0x0000000fe7000000  Relocatable
 Small   0x0000000fe7000000 0x0000000fe7200000 0x0000000fe7200000  Relocatable
 Small   0x0000000fe7400000 0x0000000fe7600000 0x0000000fe7600000  Relocatable
 Small   0x0000000fe7600000 0x0000000fe7800000 0x0000000fe7800000  Relocatable
 Small   0x0000000fe7800000 0x0000000fe79ffc40 0x0000000fe7a00000  Relocatable
 Small   0x0000000fe7a00000 0x0000000fe7c00000 0x0000000fe7c00000  Relocatable
 Small   0x0000000fe7c00000 0x0000000fe7dffff8 0x0000000fe7e00000  Relocatable
 Small   0x0000000fe8200000 0x0000000fe83ffff0 0x0000000fe8400000  Relocatable
 Small   0x0000000fe8400000 0x0000000fe85fffa0 0x0000000fe8600000  Relocatable
 Small   0x0000000fe8600000 0x0000000fe8800000 0x0000000fe8800000  Relocatable
 Small   0x0000000fe8800000 0x0000000fe8a00000 0x0000000fe8a00000  Relocatable
 Small   0x0000000fe8a00000 0x0000000fe8bfffe8 0x0000000fe8c00000  Relocatable
 Small   0x0000000fe8c00000 0x0000000fe8e00000 0x0000000fe8e00000  Relocatable
 Small   0x0000000fe8e00000 0x0000000fe9000000 0x0000000fe9000000  Relocatable
 Small   0x0000000fe9000000 0x0000000fe9200000 0x0000000fe9200000  Relocatable
 Small   0x0000000fe9400000 0x0000000fe95fffe8 0x0000000fe9600000  Relocatable
 Small   0x0000000fe9600000 0x0000000fe9800000 0x0000000fe9800000  Relocatable
 Small   0x0000000fe9800000 0x0000000fe9a00000 0x0000000fe9a00000  Relocatable
 Small   0x0000000fe9a00000 0x0000000fe9c00000 0x0000000fe9c00000  Relocatable
 Small   0x0000000fe9c00000 0x0000000fe9e00000 0x0000000fe9e00000  Relocatable
 Small   0x0000000fe9e00000 0x0000000fea000000 0x0000000fea000000  Relocatable
 Small   0x0000000fea000000 0x0000000fea1ffff8 0x0000000fea200000  Relocatable
 Small   0x0000000fea200000 0x0000000fea3ffff0 0x0000000fea400000  Relocatable
 Small   0x0000000fea400000 0x0000000fea5ffd58 0x0000000fea600000  Relocatable
 Small   0x0000000fea600000 0x0000000fea800000 0x0000000fea800000  Relocatable
 Small   0x0000000fea800000 0x0000000feaa00000 0x0000000feaa00000  Relocatable
 Small   0x0000000feaa00000 0x0000000feabffff0 0x0000000feac00000  Relocatable
 Small   0x0000000feac00000 0x0000000feadffff0 0x0000000feae00000  Relocatable
 Small   0x0000000feae00000 0x0000000feb000000 0x0000000feb000000  Relocatable
 Small   0x0000000feb000000 0x0000000feb1ffff0 0x0000000feb200000  Relocatable
 Small   0x0000000feb200000 0x0000000feb3fffa8 0x0000000feb400000  Relocatable
 Small   0x0000000feb400000 0x0000000feb600000 0x0000000feb600000  Relocatable
 Small   0x0000000feb600000 0x0000000feb7ffff0 0x0000000feb800000  Relocatable
 Small   0x0000000feb800000 0x0000000feba00000 0x0000000feba00000  Relocatable
 Small   0x0000000feba00000 0x0000000febc00000 0x0000000febc00000  Relocatable
 Small   0x0000000febc00000 0x0000000febe00000 0x0000000febe00000  Relocatable
 Small   0x0000000febe00000 0x0000000fec000000 0x0000000fec000000  Relocatable
 Small   0x0000000fec000000 0x0000000fec1fffe0 0x0000000fec200000  Relocatable
 Small   0x0000000fec200000 0x0000000fec400000 0x0000000fec400000  Relocatable
 Small   0x0000000fec400000 0x0000000fec600000 0x0000000fec600000  Relocatable
 Small   0x0000000fec600000 0x0000000fec800000 0x0000000fec800000  Relocatable
 Small   0x0000000fec800000 0x0000000feca00000 0x0000000feca00000  Relocatable
 Small   0x0000000fecc00000 0x0000000fecdffff0 0x0000000fece00000  Relocatable
 Small   0x0000000fed000000 0x0000000fed1fffe0 0x0000000fed200000  Relocatable
 Small   0x0000000fed200000 0x0000000fed400000 0x0000000fed400000  Relocatable
 Small   0x0000000fed400000 0x0000000fed5fe2f8 0x0000000fed600000  Relocatable
 Small   0x0000000fed600000 0x0000000fed7dcbc0 0x0000000fed800000  Relocatable
 Small   0x0000000fed800000 0x0000000feda00000 0x0000000feda00000  Relocatable
 Small   0x0000000feda00000 0x0000000fedbffff0 0x0000000fedc00000  Relocatable
 Small   0x0000000fee000000 0x0000000fee1fffc0 0x0000000fee200000  Relocatable
 Small   0x0000000fee200000 0x0000000fee400000 0x0000000fee400000  Relocatable
 Small   0x0000000fee400000 0x0000000fee600000 0x0000000fee600000  Relocatable
 Small   0x0000000fee600000 0x0000000fee7ffff8 0x0000000fee800000  Relocatable
 Small   0x0000000fee800000 0x0000000feea00000 0x0000000feea00000  Relocatable
 Small   0x0000000fef000000 0x0000000fef1ffff0 0x0000000fef200000  Relocatable
 Small   0x0000000fef400000 0x0000000fef600000 0x0000000fef600000  Relocatable
 Small   0x0000000fef600000 0x0000000fef800000 0x0000000fef800000  Relocatable
 Small   0x0000000fef800000 0x0000000fefa00000 0x0000000fefa00000  Relocatable
 Small   0x0000000fefa00000 0x0000000fefbffff8 0x0000000fefc00000  Relocatable
 Small   0x0000000fefc00000 0x0000000fefdfffc8 0x0000000fefe00000  Relocatable
 Small   0x0000000fefe00000 0x0000000fefffffe8 0x0000000ff0000000  Relocatable
 Small   0x0000000ff0000000 0x0000000ff01ffff0 0x0000000ff0200000  Relocatable
 Small   0x0000000ff0200000 0x0000000ff0368ad8 0x0000000ff0400000  Relocatable
 Small   0x0000000ff0400000 0x0000000ff05ffff0 0x0000000ff0600000  Relocatable
 Small   0x0000000ff0600000 0x0000000ff07fffd8 0x0000000ff0800000  Relocatable
 Small   0x0000000ff0800000 0x0000000ff09ffef8 0x0000000ff0a00000  Relocatable
 Small   0x0000000ff0a00000 0x0000000ff0bff9a8 0x0000000ff0c00000  Relocatable
 Small   0x0000000ff0c00000 0x0000000ff0e00000 0x0000000ff0e00000  Relocatable
 Small   0x0000000ff0e00000 0x0000000ff0ffe368 0x0000000ff1000000  Relocatable
 Small   0x0000000ff1200000 0x0000000ff13ffff8 0x0000000ff1400000  Relocatable
 Small   0x0000000ff1400000 0x0000000ff15fffe8 0x0000000ff1600000  Relocatable
 Small   0x0000000ff1600000 0x0000000ff1800000 0x0000000ff1800000  Relocatable
 Small   0x0000000ff1800000 0x0000000ff1a00000 0x0000000ff1a00000  Relocatable
 Small   0x0000000ff1a00000 0x0000000ff1c00000 0x0000000ff1c00000  Relocatable
 Small   0x0000000ff1c00000 0x0000000ff1e00000 0x0000000ff1e00000  Relocatable
 Small   0x0000000ff1e00000 0x0000000ff1ffff38 0x0000000ff2000000  Relocatable
 Small   0x0000000ff2000000 0x0000000ff21ffd78 0x0000000ff2200000  Relocatable
 Small   0x0000000ff2200000 0x0000000ff23ffc68 0x0000000ff2400000  Relocatable
 Small   0x0000000ff2400000 0x0000000ff2600000 0x0000000ff2600000  Relocatable
 Small   0x0000000ff2600000 0x0000000ff27fe3b0 0x0000000ff2800000  Relocatable
 Small   0x0000000ff2800000 0x0000000ff29fffe8 0x0000000ff2a00000  Relocatable
 Small   0x0000000ff2a00000 0x0000000ff2bfffe8 0x0000000ff2c00000  Relocatable
 Small   0x0000000ff2c00000 0x0000000ff2e00000 0x0000000ff2e00000  Relocatable
 Small   0x0000000ff2e00000 0x0000000ff3000000 0x0000000ff3000000  Relocatable
 Small   0x0000000ff3000000 0x0000000ff31fee08 0x0000000ff3200000  Relocatable
 Small   0x0000000ff3200000 0x0000000ff3400000 0x0000000ff3400000  Relocatable
 Medium  0x0000000ff3400000 0x0000000ff4ec4000 0x0000000ff5400000  Relocatable
 Small   0x0000000ff5400000 0x0000000ff5600000 0x0000000ff5600000  Relocatable
 Small   0x0000000ff5600000 0x0000000ff57ffff0 0x0000000ff5800000  Relocatable
 Small   0x0000000ff5800000 0x0000000ff59fdb78 0x0000000ff5a00000  Relocatable
 Small   0x0000000ff5a00000 0x0000000ff5bffff8 0x0000000ff5c00000  Relocatable
 Small   0x0000000ff5c00000 0x0000000ff5e00000 0x0000000ff5e00000  Relocatable
 Small   0x0000000ff5e00000 0x0000000ff5ffffe0 0x0000000ff6000000  Relocatable
 Small   0x0000000ff6200000 0x0000000ff63fff00 0x0000000ff6400000  Relocatable
 Small   0x0000000ff6400000 0x0000000ff65fffb8 0x0000000ff6600000  Relocatable
 Small   0x0000000ff6600000 0x0000000ff67fff40 0x0000000ff6800000  Relocatable
 Small   0x0000000ff6800000 0x0000000ff6a00000 0x0000000ff6a00000  Relocatable
 Small   0x0000000ff6a00000 0x0000000ff6c00000 0x0000000ff6c00000  Relocatable
 Small   0x0000000ff6c00000 0x0000000ff6e00000 0x0000000ff6e00000  Relocatable
 Small   0x0000000ff6e00000 0x0000000ff7000000 0x0000000ff7000000  Relocatable
 Small   0x0000000ff7000000 0x0000000ff7200000 0x0000000ff7200000  Relocatable
 Small   0x0000000ff7200000 0x0000000ff7400000 0x0000000ff7400000  Relocatable
 Large   0x0000000ff7400000 0x0000000ff7a00000 0x0000000ff7a00000  Relocatable
 Large   0x0000000ff7a00000 0x0000000ff8400000 0x0000000ff8400000  Relocatable
 Large   0x0000000ff8400000 0x0000000ff8a00000 0x0000000ff8a00000  Relocatable
 Large   0x0000000ff8a00000 0x0000000ff9000000 0x0000000ff9000000  Relocatable
 Small   0x0000000ff9000000 0x0000000ff9200000 0x0000000ff9200000  Relocatable
 Small   0x0000000ff9200000 0x0000000ff93fffe0 0x0000000ff9400000  Relocatable
 Small   0x0000000ff9400000 0x0000000ff95ffff8 0x0000000ff9600000  Relocatable
 Large   0x0000000ff9600000 0x0000000ff9c00000 0x0000000ff9c00000  Relocatable
 Small   0x0000000ff9c00000 0x0000000ff9e00000 0x0000000ff9e00000  Relocatable
 Small   0x0000000ff9e00000 0x0000000ff9ffb080 0x0000000ffa000000  Relocatable
 Small   0x0000000ffa000000 0x0000000ffa200000 0x0000000ffa200000  Relocatable
 Small   0x0000000ffa200000 0x0000000ffa400000 0x0000000ffa400000  Relocatable
 Small   0x0000000ffa400000 0x0000000ffa5fff60 0x0000000ffa600000  Relocatable
 Small   0x0000000ffa600000 0x0000000ffa7ffd70 0x0000000ffa800000  Relocatable
 Small   0x0000000ffa800000 0x0000000ffaa00000 0x0000000ffaa00000  Relocatable
 Small   0x0000000ffaa00000 0x0000000ffabffff8 0x0000000ffac00000  Relocatable
 Small   0x0000000ffac00000 0x0000000ffadfffd8 0x0000000ffae00000  Relocatable
 Small   0x0000000ffae00000 0x0000000ffaffffb8 0x0000000ffb000000  Relocatable
 Small   0x0000000ffb000000 0x0000000ffb1fffc0 0x0000000ffb200000  Relocatable
 Small   0x0000000ffb200000 0x0000000ffb400000 0x0000000ffb400000  Relocatable
 Small   0x0000000ffb400000 0x0000000ffb5fffe8 0x0000000ffb600000  Relocatable
 Small   0x0000000ffb600000 0x0000000ffb7fffd8 0x0000000ffb800000  Relocatable
 Small   0x0000000ffb800000 0x0000000ffb9fffe0 0x0000000ffba00000  Relocatable
 Small   0x0000000ffba00000 0x0000000ffbbfffe0 0x0000000ffbc00000  Relocatable
 Small   0x0000000ffbc00000 0x0000000ffbe00000 0x0000000ffbe00000  Relocatable
 Small   0x0000000ffbe00000 0x0000000ffbf678d0 0x0000000ffc000000  Relocatable
 Small   0x0000000ffc000000 0x0000000ffc1c76f8 0x0000000ffc200000  Relocatable
 Small   0x0000000ffc200000 0x0000000ffc3ffba0 0x0000000ffc400000  Relocatable
 Small   0x0000000ffc400000 0x0000000ffc5ffff0 0x0000000ffc600000  Relocatable
 Small   0x0000000ffc600000 0x0000000ffc800000 0x0000000ffc800000  Relocatable
 Small   0x0000000ffc800000 0x0000000ffc9fffa8 0x0000000ffca00000  Relocatable
 Small   0x0000000ffca00000 0x0000000ffcbfffe8 0x0000000ffcc00000  Relocatable
 Small   0x0000000ffcc00000 0x0000000ffce00000 0x0000000ffce00000  Relocatable
 Small   0x0000000ffce00000 0x0000000ffcffff98 0x0000000ffd000000  Relocatable
 Small   0x0000000ffd000000 0x0000000ffd1fffd8 0x0000000ffd200000  Relocatable
 Small   0x0000000ffd200000 0x0000000ffd3fffe0 0x0000000ffd400000  Relocatable
 Small   0x0000000ffd400000 0x0000000ffd5fffb8 0x0000000ffd600000  Relocatable
 Small   0x0000000ffd600000 0x0000000ffd7ffff0 0x0000000ffd800000  Relocatable
 Small   0x0000000ffd800000 0x0000000ffda00000 0x0000000ffda00000  Relocatable
 Small   0x0000000ffda00000 0x0000000ffdbfffe0 0x0000000ffdc00000  Relocatable
 Small   0x0000000ffdc00000 0x0000000ffddfffd0 0x0000000ffde00000  Relocatable
 Small   0x0000000ffde00000 0x0000000ffdfffff8 0x0000000ffe000000  Relocatable
 Small   0x0000000ffe000000 0x0000000ffe1fffd0 0x0000000ffe200000  Relocatable
 Small   0x0000000ffe200000 0x0000000ffe3fffe0 0x0000000ffe400000  Relocatable
 Small   0x0000000ffe400000 0x0000000ffe5fffe8 0x0000000ffe600000  Relocatable
 Small   0x0000000ffe600000 0x0000000ffe7ffff0 0x0000000ffe800000  Relocatable
 Small   0x0000000ffe800000 0x0000000ffea00000 0x0000000ffea00000  Relocatable
 Small   0x0000000ffea00000 0x0000000ffebfc870 0x0000000ffec00000  Relocatable
 Small   0x0000000ffec00000 0x0000000ffedffff8 0x0000000ffee00000  Relocatable
 Small   0x0000000ffee00000 0x0000000ffeffffd8 0x0000000fff000000  Relocatable
 Small   0x0000000fff000000 0x0000000fff1ffd78 0x0000000fff200000  Relocatable
 Small   0x0000000fff200000 0x0000000fff400000 0x0000000fff400000  Relocatable
 Small   0x0000000fff400000 0x0000000fff5fffe8 0x0000000fff600000  Relocatable
 Small   0x0000000fff600000 0x0000000fff800000 0x0000000fff800000  Relocatable
 Small   0x0000000fff800000 0x0000000fff9fff80 0x0000000fffa00000  Relocatable
 Small   0x0000000fffa00000 0x0000000fffc00000 0x0000000fffc00000  Relocatable
 Small   0x0000000fffc00000 0x0000000fffdfffc8 0x0000000fffe00000  Relocatable
 Small   0x0000000fffe00000 0x0000001000000000 0x0000001000000000  Relocatable

ZBarrierSet

Polling page: 0x000001b935010000

Metaspace:

Usage:
  Non-class:    270.54 MB used.
      Class:     55.85 MB used.
       Both:    326.39 MB used.

Virtual space:
  Non-class space:      320.00 MB reserved,     271.81 MB ( 85%) committed,  5 nodes.
      Class space:        1.00 GB reserved,      56.88 MB (  6%) committed,  1 nodes.
             Both:        1.31 GB reserved,     328.69 MB ( 24%) committed. 

Chunk freelists:
   Non-Class:  15.57 MB
       Class:  7.07 MB
        Both:  22.64 MB

MaxMetaspaceSize: unlimited
CompressedClassSpaceSize: 1.00 GB
Initial GC threshold: 21.00 MB
Current GC threshold: 547.75 MB
CDS: off
MetaspaceReclaimPolicy: balanced
 - commit_granule_bytes: 65536.
 - commit_granule_words: 8192.
 - virtual_space_node_default_size: 8388608.
 - enlarge_chunks_in_place: 1.
 - new_chunks_are_fully_committed: 0.
 - uncommit_free_chunks: 1.
 - use_allocation_guard: 0.
 - handle_deallocations: 1.


Internal statistics:

num_allocs_failed_limit: 19.
num_arena_births: 5618.
num_arena_deaths: 2054.
num_vsnodes_births: 6.
num_vsnodes_deaths: 0.
num_space_committed: 5250.
num_space_uncommitted: 1.
num_chunks_returned_to_freelist: 2493.
num_chunks_taken_from_freelist: 19875.
num_chunk_merges: 724.
num_chunk_splits: 12899.
num_chunks_enlarged: 9918.
num_inconsistent_stats: 0.

CodeHeap 'non-profiled nmethods': size=120000Kb used=74055Kb max_used=74103Kb free=45945Kb
 bounds [0x000001b942610000, 0x000001b946e90000, 0x000001b949b40000]
CodeHeap 'profiled nmethods': size=120000Kb used=79935Kb max_used=80056Kb free=40064Kb
 bounds [0x000001b93ab40000, 0x000001b93f9f0000, 0x000001b942070000]
CodeHeap 'non-nmethods': size=5760Kb used=4239Kb max_used=4544Kb free=1520Kb
 bounds [0x000001b942070000, 0x000001b942520000, 0x000001b942610000]
 total_blobs=51259 nmethods=47947 adapters=3221
 compilation: enabled
              stopped_count=0, restarted_count=0
 full_count=0

Compilation events (20 events):
Event: 6966.637 Thread 0x000001b936eb3290 75348   !   3       net.minecraft.class_761::method_22710 (4061 bytes)
Event: 6966.701 Thread 0x000001b936eb3290 nmethod 75348 0x000001b93f9bba90 code [0x000001b93f9be120, 0x000001b93f9da208]
Event: 6966.858 Thread 0x000001b936f34a80 75349       4       net.fabricmc.fabric.api.transfer.v1.client.fluid.FluidVariantRenderHandler::getSprites (39 bytes)
Event: 6966.865 Thread 0x000001b936f34a80 nmethod 75349 0x000001b946cce390 code [0x000001b946cce560, 0x000001b946cceac8]
Event: 6968.524 Thread 0x000001b936f34a80 75350       4       net.minecraft.class_4587::method_22911 (19 bytes)
Event: 6968.526 Thread 0x000001b936f34a80 nmethod 75350 0x000001b945623590 code [0x000001b945623720, 0x000001b945623878]
Event: 6969.951 Thread 0x000001b936f34a80 75351   !   4       net.minecraft.class_761::method_22710 (4061 bytes)
Event: 6973.510 Thread 0x000001b936f34a80 nmethod 75351 0x000001b946e6de90 code [0x000001b946e6f1e0, 0x000001b946e7c338]
Event: 6977.282 Thread 0x000001b936eb3290 75352       3       net.minecraft.class_1297::method_5654 (16 bytes)
Event: 6977.286 Thread 0x000001b936eb3290 nmethod 75352 0x000001b93c48ce90 code [0x000001b93c48d080, 0x000001b93c48d6d8]
Event: 6977.353 Thread 0x000001b936eb3290 75353       3       net.minecraft.class_1657::dynamicLightTick (44 bytes)
Event: 6977.354 Thread 0x000001b936eb3290 nmethod 75353 0x000001b93d846610 code [0x000001b93d8467c0, 0x000001b93d846bf8]
Event: 6978.190 Thread 0x000001b936f34a80 75354       4       visuality.util.ParticleUtils::add (14 bytes)
Event: 6978.200 Thread 0x000001b936f34a80 nmethod 75354 0x000001b945622f90 code [0x000001b945623120, 0x000001b9456232e8]
Event: 6980.699 Thread 0x000001b936eb3290 75355       3       net.minecraft.class_4538::method_22345 (144 bytes)
Event: 6980.702 Thread 0x000001b936eb3290 nmethod 75355 0x000001b93c481a10 code [0x000001b93c481cc0, 0x000001b93c482978]
Event: 6983.681 Thread 0x000001b936eb3290 75356       3       net.minecraft.class_636::fabric_fireAttackBlockCallback (90 bytes)
Event: 6983.685 Thread 0x000001b936eb3290 nmethod 75356 0x000001b93f239e10 code [0x000001b93f23a040, 0x000001b93f23a938]
Event: 6987.270 Thread 0x000001b936f34a80 75357   !   4       xaero.map.region.MapRegion::popWriterPause (28 bytes)
Event: 6987.274 Thread 0x000001b936f34a80 nmethod 75357 0x000001b9467a1c10 code [0x000001b9467a1d80, 0x000001b9467a1f98]

GC Heap History (20 events):
Event: 6790.408 GC heap after
{Heap after GC invocations=464 (full 464):
 ZHeap           used 2648M, capacity 4096M, max capacity 4096M
 Metaspace       used 334247K, committed 336576K, reserved 1376256K
  class space    used 57202K, committed 58240K, reserved 1048576K
}
Event: 6818.888 GC heap before
{Heap before GC invocations=464 (full 464):
 ZHeap           used 3720M, capacity 4096M, max capacity 4096M
 Metaspace       used 334247K, committed 336576K, reserved 1376256K
  class space    used 57202K, committed 58240K, reserved 1048576K
}
Event: 6822.829 GC heap after
{Heap after GC invocations=465 (full 465):
 ZHeap           used 2660M, capacity 4096M, max capacity 4096M
 Metaspace       used 334247K, committed 336576K, reserved 1376256K
  class space    used 57202K, committed 58240K, reserved 1048576K
}
Event: 6849.290 GC heap before
{Heap before GC invocations=465 (full 465):
 ZHeap           used 3704M, capacity 4096M, max capacity 4096M
 Metaspace       used 334252K, committed 336576K, reserved 1376256K
  class space    used 57202K, committed 58240K, reserved 1048576K
}
Event: 6852.972 GC heap after
{Heap after GC invocations=466 (full 466):
 ZHeap           used 2636M, capacity 4096M, max capacity 4096M
 Metaspace       used 334252K, committed 336576K, reserved 1376256K
  class space    used 57202K, committed 58240K, reserved 1048576K
}
Event: 6872.389 GC heap before
{Heap before GC invocations=466 (full 466):
 ZHeap           used 3576M, capacity 4096M, max capacity 4096M
 Metaspace       used 334252K, committed 336576K, reserved 1376256K
  class space    used 57202K, committed 58240K, reserved 1048576K
}
Event: 6876.737 GC heap after
{Heap after GC invocations=467 (full 467):
 ZHeap           used 2736M, capacity 4096M, max capacity 4096M
 Metaspace       used 334252K, committed 336576K, reserved 1376256K
  class space    used 57202K, committed 58240K, reserved 1048576K
}
Event: 6893.489 GC heap before
{Heap before GC invocations=467 (full 467):
 ZHeap           used 3548M, capacity 4096M, max capacity 4096M
 Metaspace       used 334261K, committed 336576K, reserved 1376256K
  class space    used 57204K, committed 58240K, reserved 1048576K
}
Event: 6897.781 GC heap after
{Heap after GC invocations=468 (full 468):
 ZHeap           used 2704M, capacity 4096M, max capacity 4096M
 Metaspace       used 334261K, committed 336576K, reserved 1376256K
  class space    used 57204K, committed 58240K, reserved 1048576K
}
Event: 6914.489 GC heap before
{Heap before GC invocations=468 (full 468):
 ZHeap           used 3522M, capacity 4096M, max capacity 4096M
 Metaspace       used 334291K, committed 336576K, reserved 1376256K
  class space    used 57207K, committed 58240K, reserved 1048576K
}
Event: 6921.440 GC heap after
{Heap after GC invocations=469 (full 469):
 ZHeap           used 2826M, capacity 4096M, max capacity 4096M
 Metaspace       used 334294K, committed 336576K, reserved 1376256K
  class space    used 57208K, committed 58240K, reserved 1048576K
}
Event: 6928.688 GC heap before
{Heap before GC invocations=469 (full 469):
 ZHeap           used 3182M, capacity 4096M, max capacity 4096M
 Metaspace       used 334296K, committed 336576K, reserved 1376256K
  class space    used 57208K, committed 58240K, reserved 1048576K
}
Event: 6936.449 GC heap after
{Heap after GC invocations=470 (full 470):
 ZHeap           used 2832M, capacity 4096M, max capacity 4096M
 Metaspace       used 334226K, committed 336576K, reserved 1376256K
  class space    used 57190K, committed 58240K, reserved 1048576K
}
Event: 6944.589 GC heap before
{Heap before GC invocations=470 (full 470):
 ZHeap           used 3156M, capacity 4096M, max capacity 4096M
 Metaspace       used 334226K, committed 336576K, reserved 1376256K
  class space    used 57190K, committed 58240K, reserved 1048576K
}
Event: 6948.841 GC heap after
{Heap after GC invocations=471 (full 471):
 ZHeap           used 2660M, capacity 4096M, max capacity 4096M
 Metaspace       used 334226K, committed 336576K, reserved 1376256K
  class space    used 57190K, committed 58240K, reserved 1048576K
}
Event: 6949.989 GC heap before
{Heap before GC invocations=471 (full 471):
 ZHeap           used 2732M, capacity 4096M, max capacity 4096M
 Metaspace       used 334226K, committed 336576K, reserved 1376256K
  class space    used 57190K, committed 58240K, reserved 1048576K
}
Event: 6954.261 GC heap after
{Heap after GC invocations=472 (full 472):
 ZHeap           used 2672M, capacity 4096M, max capacity 4096M
 Metaspace       used 334226K, committed 336576K, reserved 1376256K
  class space    used 57190K, committed 58240K, reserved 1048576K
}
Event: 6972.489 GC heap before
{Heap before GC invocations=472 (full 472):
 ZHeap           used 3506M, capacity 4096M, max capacity 4096M
 Metaspace       used 334226K, committed 336576K, reserved 1376256K
  class space    used 57190K, committed 58240K, reserved 1048576K
}
Event: 6978.299 GC heap after
{Heap after GC invocations=473 (full 473):
 ZHeap           used 2706M, capacity 4096M, max capacity 4096M
 Metaspace       used 334227K, committed 336576K, reserved 1376256K
  class space    used 57190K, committed 58240K, reserved 1048576K
}
Event: 6991.789 GC heap before
{Heap before GC invocations=473 (full 473):
 ZHeap           used 3378M, capacity 4096M, max capacity 4096M
 Metaspace       used 334227K, committed 336576K, reserved 1376256K
  class space    used 57190K, committed 58240K, reserved 1048576K
}

Dll operation events (18 events):
Event: 0.008 Loaded shared library C:\Users\Surface\AppData\Roaming\ElyPrismLauncher\java\java-runtime-gamma\bin\java.dll
Event: 0.011 Loaded shared library KernelBase
Event: 0.355 Loaded shared library C:\Users\Surface\AppData\Roaming\ElyPrismLauncher\java\java-runtime-gamma\bin\jsvml.dll
Event: 0.506 Loaded shared library C:\Users\Surface\AppData\Roaming\ElyPrismLauncher\java\java-runtime-gamma\bin\net.dll
Event: 0.509 Loaded shared library C:\Users\Surface\AppData\Roaming\ElyPrismLauncher\java\java-runtime-gamma\bin\nio.dll
Event: 0.517 Loaded shared library C:\Users\Surface\AppData\Roaming\ElyPrismLauncher\java\java-runtime-gamma\bin\zip.dll
Event: 0.698 Loaded shared library C:\Users\Surface\AppData\Roaming\ElyPrismLauncher\java\java-runtime-gamma\bin\jimage.dll
Event: 1.445 Loaded shared library C:\Users\Surface\AppData\Roaming\ElyPrismLauncher\java\java-runtime-gamma\bin\management.dll
Event: 1.451 Loaded shared library C:\Users\Surface\AppData\Roaming\ElyPrismLauncher\java\java-runtime-gamma\bin\management_ext.dll
Event: 1.953 Loaded shared library C:\Users\Surface\AppData\Roaming\ElyPrismLauncher\java\java-runtime-gamma\bin\verify.dll
Event: 4.452 Loaded shared library C:\Users\Surface\AppData\Local\Temp\jna--188578675\jna10782995830163806999.dll
Event: 21.266 Loaded shared library C:\Users\Surface\AppData\Local\Temp\lwjglSurface\3.3.1-SNAPSHOT\lwjgl.dll
Event: 40.832 Loaded shared library C:\Users\Surface\AppData\Roaming\ElyPrismLauncher\java\java-runtime-gamma\bin\sunmscapi.dll
Event: 40.888 Loaded shared library C:\Users\Surface\AppData\Roaming\ElyPrismLauncher\java\java-runtime-gamma\bin\extnet.dll
Event: 64.933 Loaded shared library C:\Users\Surface\AppData\Roaming\ElyPrismLauncher\java\java-runtime-gamma\bin\awt.dll
Event: 89.120 Loaded shared library C:\Users\Surface\AppData\Local\Temp\lwjglSurface\3.3.1-SNAPSHOT\lwjgl_opengl.dll
Event: 89.775 Loaded shared library C:\Users\Surface\AppData\Local\Temp\lwjglSurface\3.3.1-SNAPSHOT\lwjgl_stb.dll
Event: 425.790 Loaded shared library C:\Users\Surface\AppData\Local\Temp\e4mc_temp12318082453821951802\iroh_java_windows_x86_64_278c6cb.dll

Deoptimization events (20 events):
Event: 6967.036 Thread 0x000001b9373882f0 DEOPT PACKING pc=0x000001b93f9d5bc7 sp=0x0000008c8e5fe870
Event: 6967.036 Thread 0x000001b9373882f0 DEOPT UNPACKING pc=0x000001b9420cab63 sp=0x0000008c8e5fdfd8 mode 0
Event: 6967.585 Thread 0x000001b9373882f0 DEOPT PACKING pc=0x000001b93f9d5bc7 sp=0x0000008c8e5fe870
Event: 6967.585 Thread 0x000001b9373882f0 DEOPT UNPACKING pc=0x000001b9420cab63 sp=0x0000008c8e5fdfd8 mode 0
Event: 6968.115 Thread 0x000001b9373882f0 DEOPT PACKING pc=0x000001b93f9d5bc7 sp=0x0000008c8e5fe870
Event: 6968.115 Thread 0x000001b9373882f0 DEOPT UNPACKING pc=0x000001b9420cab63 sp=0x0000008c8e5fdfd8 mode 0
Event: 6968.689 Thread 0x000001b9373882f0 DEOPT PACKING pc=0x000001b93f9d5bc7 sp=0x0000008c8e5fe870
Event: 6968.690 Thread 0x000001b9373882f0 DEOPT UNPACKING pc=0x000001b9420cab63 sp=0x0000008c8e5fdfd8 mode 0
Event: 6969.306 Thread 0x000001b9373882f0 DEOPT PACKING pc=0x000001b93f9d5bc7 sp=0x0000008c8e5fe870
Event: 6969.306 Thread 0x000001b9373882f0 DEOPT UNPACKING pc=0x000001b9420cab63 sp=0x0000008c8e5fdfd8 mode 0
Event: 6969.951 Thread 0x000001b9373882f0 DEOPT PACKING pc=0x000001b93f9d5bc7 sp=0x0000008c8e5fe870
Event: 6969.951 Thread 0x000001b9373882f0 DEOPT UNPACKING pc=0x000001b9420cab63 sp=0x0000008c8e5fdfd8 mode 0
Event: 6970.741 Thread 0x000001b9373882f0 DEOPT PACKING pc=0x000001b93f9d5bc7 sp=0x0000008c8e5fe870
Event: 6970.741 Thread 0x000001b9373882f0 DEOPT UNPACKING pc=0x000001b9420cab63 sp=0x0000008c8e5fdfd8 mode 0
Event: 6971.925 Thread 0x000001b9373882f0 DEOPT PACKING pc=0x000001b93f9d5bc7 sp=0x0000008c8e5fe870
Event: 6971.925 Thread 0x000001b9373882f0 DEOPT UNPACKING pc=0x000001b9420cab63 sp=0x0000008c8e5fdfd8 mode 0
Event: 6972.665 Thread 0x000001b9373882f0 DEOPT PACKING pc=0x000001b93f9d5bc7 sp=0x0000008c8e5fe870
Event: 6972.665 Thread 0x000001b9373882f0 DEOPT UNPACKING pc=0x000001b9420cab63 sp=0x0000008c8e5fdfd8 mode 0
Event: 6973.471 Thread 0x000001b9373882f0 DEOPT PACKING pc=0x000001b93f9d5bc7 sp=0x0000008c8e5fe870
Event: 6973.471 Thread 0x000001b9373882f0 DEOPT UNPACKING pc=0x000001b9420cab63 sp=0x0000008c8e5fdfd8 mode 0

Classes loaded (20 events):
Event: 309.167 Loading class sun/nio/ch/DummySocketImpl
Event: 309.168 Loading class sun/nio/ch/DummySocketImpl done
Event: 312.593 Loading class sun/nio/ch/MembershipKeyImpl$Type6
Event: 312.594 Loading class sun/nio/ch/MembershipKeyImpl$Type6 done
Event: 312.595 Loading class sun/nio/ch/MembershipRegistry$ThrowingConsumer
Event: 312.595 Loading class sun/nio/ch/MembershipRegistry$ThrowingConsumer done
Event: 430.769 Loading class com/sun/crypto/provider/AESKeyGenerator
Event: 430.772 Loading class com/sun/crypto/provider/AESKeyGenerator done
Event: 463.078 Loading class java/util/concurrent/ConcurrentLinkedDeque$CLDSpliterator
Event: 463.083 Loading class java/util/concurrent/ConcurrentLinkedDeque$CLDSpliterator done
Event: 472.691 Loading class javax/imageio/ImageTypeSpecifier$Grayscale
Event: 472.694 Loading class javax/imageio/ImageTypeSpecifier$Grayscale done
Event: 545.462 Loading class sun/security/ssl/Alert$AlertMessage
Event: 545.538 Loading class sun/security/ssl/Alert$AlertMessage done
Event: 1740.930 Loading class com/sun/management/internal/Flag
Event: 1740.938 Loading class com/sun/management/internal/Flag done
Event: 1740.938 Loading class com/sun/management/internal/Flag$1
Event: 1740.941 Loading class com/sun/management/internal/Flag$1 done
Event: 2608.817 Loading class sun/net/ConnectionResetException
Event: 2608.823 Loading class sun/net/ConnectionResetException done

Classes unloaded (20 events):
Event: 6932.465 Thread 0x000001b9373bfb90 Unloading class 0x00000000838ee000 'java/lang/invoke/LambdaForm$MH+0x00000000838ee000'
Event: 6932.465 Thread 0x000001b9373bfb90 Unloading class 0x00000000838edc00 'java/lang/invoke/LambdaForm$MH+0x00000000838edc00'
Event: 6932.465 Thread 0x000001b9373bfb90 Unloading class 0x00000000838ed400 'java/lang/invoke/LambdaForm$MH+0x00000000838ed400'
Event: 6932.465 Thread 0x000001b9373bfb90 Unloading class 0x00000000838ed000 'java/lang/invoke/LambdaForm$MH+0x00000000838ed000'
Event: 6932.465 Thread 0x000001b9373bfb90 Unloading class 0x00000000838ecc00 'java/lang/invoke/LambdaForm$MH+0x00000000838ecc00'
Event: 6932.465 Thread 0x000001b9373bfb90 Unloading class 0x00000000838ec800 'java/lang/invoke/LambdaForm$MH+0x00000000838ec800'
Event: 6932.465 Thread 0x000001b9373bfb90 Unloading class 0x00000000838ec400 'java/lang/invoke/LambdaForm$MH+0x00000000838ec400'
Event: 6932.465 Thread 0x000001b9373bfb90 Unloading class 0x00000000838ec000 'java/lang/invoke/LambdaForm$MH+0x00000000838ec000'
Event: 6932.465 Thread 0x000001b9373bfb90 Unloading class 0x00000000838dc800 'java/lang/invoke/LambdaForm$MH+0x00000000838dc800'
Event: 6932.465 Thread 0x000001b9373bfb90 Unloading class 0x00000000838dc400 'java/lang/invoke/LambdaForm$MH+0x00000000838dc400'
Event: 6932.465 Thread 0x000001b9373bfb90 Unloading class 0x00000000838dc000 'java/lang/invoke/LambdaForm$MH+0x00000000838dc000'
Event: 6932.465 Thread 0x000001b9373bfb90 Unloading class 0x0000000083682000 'java/lang/invoke/LambdaForm$MH+0x0000000083682000'
Event: 6932.465 Thread 0x000001b9373bfb90 Unloading class 0x0000000083681400 'java/lang/invoke/LambdaForm$MH+0x0000000083681400'
Event: 6932.465 Thread 0x000001b9373bfb90 Unloading class 0x000000008318e000 'java/lang/invoke/LambdaForm$MH+0x000000008318e000'
Event: 6932.465 Thread 0x000001b9373bfb90 Unloading class 0x000000008318dc00 'java/lang/invoke/LambdaForm$MH+0x000000008318dc00'
Event: 6932.465 Thread 0x000001b9373bfb90 Unloading class 0x00000000813e9000 'java/lang/invoke/LambdaForm$MH+0x00000000813e9000'
Event: 6932.466 Thread 0x000001b9373bfb90 Unloading class 0x000000008307a400 'java/lang/invoke/LambdaForm$MH+0x000000008307a400'
Event: 6932.466 Thread 0x000001b9373bfb90 Unloading class 0x0000000082ea8800 'java/lang/invoke/LambdaForm$MH+0x0000000082ea8800'
Event: 6932.466 Thread 0x000001b9373bfb90 Unloading class 0x0000000082f28000 'java/lang/invoke/LambdaForm$MH+0x0000000082f28000'
Event: 6932.466 Thread 0x000001b9373bfb90 Unloading class 0x0000000082f41000 'java/lang/invoke/LambdaForm$MH+0x0000000082f41000'

Classes redefined (0 events):
No events

Internal exceptions (20 events):
Event: 6985.617 Thread 0x000001b912ccdfd0 Exception <a 'sun/nio/fs/WindowsException'{0x0000100fde0ea598}> (0x0000100fde0ea598) 
thrown [s\src\hotspot\share\prims\jni.cpp, line 516]
Event: 6985.617 Thread 0x000001b912ccdfd0 Exception <a 'sun/nio/fs/WindowsException'{0x0000100fde0eac58}> (0x0000100fde0eac58) 
thrown [s\src\hotspot\share\prims\jni.cpp, line 516]
Event: 6985.618 Thread 0x000001b912ccdfd0 Exception <a 'sun/nio/fs/WindowsException'{0x0000100fde0eb238}> (0x0000100fde0eb238) 
thrown [s\src\hotspot\share\prims\jni.cpp, line 516]
Event: 6985.916 Thread 0x000001b912ccdfd0 Exception <a 'sun/nio/fs/WindowsException'{0x0000100fde0f4608}> (0x0000100fde0f4608) 
thrown [s\src\hotspot\share\prims\jni.cpp, line 516]
Event: 6985.916 Thread 0x000001b912ccdfd0 Exception <a 'sun/nio/fs/WindowsException'{0x0000100fde0f5588}> (0x0000100fde0f5588) 
thrown [s\src\hotspot\share\prims\jni.cpp, line 516]
Event: 6985.917 Thread 0x000001b912ccdfd0 Exception <a 'sun/nio/fs/WindowsException'{0x0000100fde0f5c88}> (0x0000100fde0f5c88) 
thrown [s\src\hotspot\share\prims\jni.cpp, line 516]
Event: 6985.918 Thread 0x000001b912ccdfd0 Exception <a 'sun/nio/fs/WindowsException'{0x0000100fde0f66f0}> (0x0000100fde0f66f0) 
thrown [s\src\hotspot\share\prims\jni.cpp, line 516]
Event: 6985.919 Thread 0x000001b912ccdfd0 Exception <a 'sun/nio/fs/WindowsException'{0x0000100fde0f6dd0}> (0x0000100fde0f6dd0) 
thrown [s\src\hotspot\share\prims\jni.cpp, line 516]
Event: 6985.920 Thread 0x000001b912ccdfd0 Exception <a 'sun/nio/fs/WindowsException'{0x0000100fde0f73f8}> (0x0000100fde0f73f8) 
thrown [s\src\hotspot\share\prims\jni.cpp, line 516]
Event: 6987.080 Thread 0x000001b912ccdfd0 Exception <a 'sun/nio/fs/WindowsException'{0x0000100fd28956d8}> (0x0000100fd28956d8) 
thrown [s\src\hotspot\share\prims\jni.cpp, line 516]
Event: 6987.080 Thread 0x000001b912ccdfd0 Exception <a 'sun/nio/fs/WindowsException'{0x0000100fd2895da8}> (0x0000100fd2895da8) 
thrown [s\src\hotspot\share\prims\jni.cpp, line 516]
Event: 6987.082 Thread 0x000001b912ccdfd0 Exception <a 'sun/nio/fs/WindowsException'{0x0000100fd28967b0}> (0x0000100fd28967b0) 
thrown [s\src\hotspot\share\prims\jni.cpp, line 516]
Event: 6987.082 Thread 0x000001b912ccdfd0 Exception <a 'sun/nio/fs/WindowsException'{0x0000100fd2896e70}> (0x0000100fd2896e70) 
thrown [s\src\hotspot\share\prims\jni.cpp, line 516]
Event: 6987.083 Thread 0x000001b912ccdfd0 Exception <a 'sun/nio/fs/WindowsException'{0x0000100fd2897450}> (0x0000100fd2897450) 
thrown [s\src\hotspot\share\prims\jni.cpp, line 516]
Event: 6987.658 Thread 0x000001b912ccdfd0 Exception <a 'sun/nio/fs/WindowsException'{0x0000100fd2985520}> (0x0000100fd2985520) 
thrown [s\src\hotspot\share\prims\jni.cpp, line 516]
Event: 6987.659 Thread 0x000001b912ccdfd0 Exception <a 'sun/nio/fs/WindowsException'{0x0000100fd29864a0}> (0x0000100fd29864a0) 
thrown [s\src\hotspot\share\prims\jni.cpp, line 516]
Event: 6987.659 Thread 0x000001b912ccdfd0 Exception <a 'sun/nio/fs/WindowsException'{0x0000100fd2986ba0}> (0x0000100fd2986ba0) 
thrown [s\src\hotspot\share\prims\jni.cpp, line 516]
Event: 6987.660 Thread 0x000001b912ccdfd0 Exception <a 'sun/nio/fs/WindowsException'{0x0000100fd2987608}> (0x0000100fd2987608) 
thrown [s\src\hotspot\share\prims\jni.cpp, line 516]
Event: 6987.660 Thread 0x000001b912ccdfd0 Exception <a 'sun/nio/fs/WindowsException'{0x0000100fd2987ce8}> (0x0000100fd2987ce8) 
thrown [s\src\hotspot\share\prims\jni.cpp, line 516]
Event: 6987.661 Thread 0x000001b912ccdfd0 Exception <a 'sun/nio/fs/WindowsException'{0x0000100fd2988310}> (0x0000100fd2988310) 
thrown [s\src\hotspot\share\prims\jni.cpp, line 516]

VM Operations (20 events):
Event: 6974.490 Executing VM operation: Cleanup
Event: 6974.490 Executing VM operation: Cleanup done
Event: 6977.493 Executing VM operation: Cleanup
Event: 6977.493 Executing VM operation: Cleanup done
Event: 6978.081 Executing VM operation: HandshakeAllThreads
Event: 6978.081 Executing VM operation: HandshakeAllThreads done
Event: 6978.083 Executing VM operation: HandshakeAllThreads
Event: 6978.083 Executing VM operation: HandshakeAllThreads done
Event: 6978.083 Executing VM operation: HandshakeAllThreads
Event: 6978.083 Executing VM operation: HandshakeAllThreads done
Event: 6978.084 Executing VM operation: ZMarkEnd
Event: 6978.084 Executing VM operation: ZMarkEnd done
Event: 6978.271 Executing VM operation: HandshakeAllThreads
Event: 6978.271 Executing VM operation: HandshakeAllThreads done
Event: 6978.283 Executing VM operation: ZRelocateStart
Event: 6978.283 Executing VM operation: ZRelocateStart done
Event: 6986.287 Executing VM operation: Cleanup
Event: 6986.287 Executing VM operation: Cleanup done
Event: 6991.789 Executing VM operation: ZMarkStart
Event: 6991.789 Executing VM operation: ZMarkStart done

Memory protections (0 events):
No events

Nmethod flushes (20 events):
Event: 6685.480 Thread 0x000001b936ed3cc0 flushing  nmethod 0x000001b93f06ab90
Event: 6685.480 Thread 0x000001b936ed3cc0 flushing  nmethod 0x000001b93f070f90
Event: 6685.481 Thread 0x000001b936ed3cc0 flushing  nmethod 0x000001b93f154910
Event: 6685.481 Thread 0x000001b936ed3cc0 flushing  nmethod 0x000001b93f177a10
Event: 6685.481 Thread 0x000001b936ed3cc0 flushing  nmethod 0x000001b93f17e710
Event: 6685.482 Thread 0x000001b936ed3cc0 flushing  nmethod 0x000001b93f1a8390
Event: 6685.482 Thread 0x000001b936ed3cc0 flushing  nmethod 0x000001b93f1a9290
Event: 6685.482 Thread 0x000001b936ed3cc0 flushing  nmethod 0x000001b93f1aa290
Event: 6685.482 Thread 0x000001b936ed3cc0 flushing  nmethod 0x000001b93f1c4490
Event: 6685.482 Thread 0x000001b936ed3cc0 flushing  nmethod 0x000001b93f1cf810
Event: 6685.482 Thread 0x000001b936ed3cc0 flushing  nmethod 0x000001b93f239e10
Event: 6685.483 Thread 0x000001b936ed3cc0 flushing  nmethod 0x000001b93f361890
Event: 6685.485 Thread 0x000001b936ed3cc0 flushing  nmethod 0x000001b93f46e390
Event: 6685.485 Thread 0x000001b936ed3cc0 flushing  nmethod 0x000001b93f4b4e90
Event: 6685.486 Thread 0x000001b936ed3cc0 flushing  nmethod 0x000001b93f564e10
Event: 6685.487 Thread 0x000001b936ed3cc0 flushing  nmethod 0x000001b93f612e90
Event: 6685.490 Thread 0x000001b936ed3cc0 flushing  nmethod 0x000001b93f8e9290
Event: 6685.490 Thread 0x000001b936ed3cc0 flushing  nmethod 0x000001b93f945410
Event: 6685.490 Thread 0x000001b936ed3cc0 flushing  nmethod 0x000001b93f945b90
Event: 6685.490 Thread 0x000001b936ed3cc0 flushing  nmethod 0x000001b93f965990

Events (20 events):
Event: 6582.874 Thread 0x000001bb73219a90 Thread added: 0x000001bbf6f950b0
Event: 6582.940 Thread 0x000001bbf6f950b0 Thread added: 0x000001bbd50eb760
Event: 6582.942 Thread 0x000001bbf6f950b0 Thread added: 0x000001bbd50ef930
Event: 6583.217 Thread 0x000001bbf31167a0 Thread added: 0x000001bbd038e210
Event: 6613.704 Thread 0x000001bbd038fb60 Thread exited: 0x000001bbd038fb60
Event: 6642.944 Thread 0x000001bbd50ef930 Thread exited: 0x000001bbd50ef930
Event: 6643.065 Thread 0x000001bbd50eb760 Thread exited: 0x000001bbd50eb760
Event: 6643.220 Thread 0x000001bbd038e210 Thread exited: 0x000001bbd038e210
Event: 6707.643 Thread 0x000001bbf6f94ba0 Thread exited: 0x000001bbf6f94ba0
Event: 6753.914 Thread 0x000001b912ccb750 Thread added: 0x000001bbf6f955c0
Event: 6754.966 Thread 0x000001bbf6f955c0 Thread exited: 0x000001bbf6f955c0
Event: 6882.908 Thread 0x000001b9137c9a70 Thread added: 0x000001bbf2dd4440
Event: 6882.979 Thread 0x000001bbf2dd4440 Thread added: 0x000001bbf37698d0
Event: 6882.982 Thread 0x000001bbf2dd4440 Thread added: 0x000001bbd50eb760
Event: 6883.074 Thread 0x000001bbf6f950b0 Thread added: 0x000001bbdc860b90
Event: 6891.375 Thread 0x000001b9373882f0 Thread added: 0x000001bbd0390580
Event: 6942.986 Thread 0x000001bbd50eb760 Thread exited: 0x000001bbd50eb760
Event: 6943.077 Thread 0x000001bbdc860b90 Thread exited: 0x000001bbdc860b90
Event: 6943.126 Thread 0x000001bbf37698d0 Thread exited: 0x000001bbf37698d0
Event: 6957.441 Thread 0x000001bbd0390580 Thread exited: 0x000001bbd0390580


Dynamic libraries:
0x00007ff7960d0000 - 0x00007ff7960de000 	C:\Users\Surface\AppData\Roaming\ElyPrismLauncher\java\java-runtime-gamma\bin\javaw.exe
0x00007ffca7780000 - 0x00007ffca79e7000 	C:\WINDOWS\SYSTEM32\ntdll.dll
0x00007ffca5990000 - 0x00007ffca5a59000 	C:\WINDOWS\System32\KERNEL32.DLL
0x00007ffca4ce0000 - 0x00007ffca50d7000 	C:\WINDOWS\System32\KERNELBASE.dll
0x00007ffca41b0000 - 0x00007ffca42fb000 	C:\WINDOWS\System32\ucrtbase.dll
0x00007ffc8ffa0000 - 0x00007ffc8ffb7000 	C:\Users\Surface\AppData\Roaming\ElyPrismLauncher\java\java-runtime-gamma\bin\jli.dll
0x00007ffc9c7d0000 - 0x00007ffc9c7ed000 	C:\Users\Surface\AppData\Roaming\ElyPrismLauncher\java\java-runtime-gamma\bin\VCRUNTIME140.dll
0x00007ffca6130000 - 0x00007ffca62f6000 	C:\WINDOWS\System32\USER32.dll
0x00007ffca5170000 - 0x00007ffca5197000 	C:\WINDOWS\System32\win32u.dll
0x00007ffca5500000 - 0x00007ffca552b000 	C:\WINDOWS\System32\GDI32.dll
0x00007ffc8b2a0000 - 0x00007ffc8b532000 	C:\WINDOWS\WinSxS\amd64_microsoft.windows.common-controls_6595b64144ccf1df_6.0.26100.8457_none_3e0b2faee331e92d\COMCTL32.dll
0x00007ffca5320000 - 0x00007ffca544c000 	C:\WINDOWS\System32\gdi32full.dll
0x00007ffca5bc0000 - 0x00007ffca5c69000 	C:\WINDOWS\System32\msvcrt.dll
0x00007ffca5450000 - 0x00007ffca54f3000 	C:\WINDOWS\System32\msvcp_win.dll
0x00007ffca6c20000 - 0x00007ffca6c52000 	C:\WINDOWS\System32\IMM32.DLL
0x00007ffca1490000 - 0x00007ffca149c000 	C:\Users\Surface\AppData\Roaming\ElyPrismLauncher\java\java-runtime-gamma\bin\vcruntime140_1.dll
0x00007ffc70cb0000 - 0x00007ffc70d3d000 	C:\Users\Surface\AppData\Roaming\ElyPrismLauncher\java\java-runtime-gamma\bin\msvcp140.dll
0x00007ffc17680000 - 0x00007ffc182f2000 	C:\Users\Surface\AppData\Roaming\ElyPrismLauncher\java\java-runtime-gamma\bin\server\jvm.dll
0x00007ffca6b60000 - 0x00007ffca6c16000 	C:\WINDOWS\System32\ADVAPI32.dll
0x00007ffca68c0000 - 0x00007ffca6967000 	C:\WINDOWS\System32\sechost.dll
0x00007ffca6c80000 - 0x00007ffca6d98000 	C:\WINDOWS\System32\RPCRT4.dll
0x00007ffca6830000 - 0x00007ffca68b0000 	C:\WINDOWS\System32\WS2_32.dll
0x00007ffca4010000 - 0x00007ffca406e000 	C:\WINDOWS\SYSTEM32\POWRPROF.dll
0x00007ffc901d0000 - 0x00007ffc90206000 	C:\WINDOWS\SYSTEM32\WINMM.dll
0x00007ffc9da10000 - 0x00007ffc9da1b000 	C:\WINDOWS\SYSTEM32\VERSION.dll
0x00007ffca3ff0000 - 0x00007ffca4004000 	C:\WINDOWS\SYSTEM32\UMPDC.dll
0x00007ffca2f40000 - 0x00007ffca2f5b000 	C:\WINDOWS\SYSTEM32\kernel.appcore.dll
0x00007ffc9e0a0000 - 0x00007ffc9e0aa000 	C:\Users\Surface\AppData\Roaming\ElyPrismLauncher\java\java-runtime-gamma\bin\jimage.dll
0x00007ffca1d10000 - 0x00007ffca1f52000 	C:\WINDOWS\SYSTEM32\DBGHELP.DLL
0x00007ffca64a0000 - 0x00007ffca6823000 	C:\WINDOWS\System32\combase.dll
0x00007ffca5740000 - 0x00007ffca5819000 	C:\WINDOWS\System32\OLEAUT32.dll
0x00007ffc928c0000 - 0x00007ffc928fb000 	C:\WINDOWS\SYSTEM32\dbgcore.DLL
0x00007ffca43c0000 - 0x00007ffca4468000 	C:\WINDOWS\System32\bcryptPrimitives.dll
0x00007ffc8d2a0000 - 0x00007ffc8d2c5000 	C:\Users\Surface\AppData\Roaming\ElyPrismLauncher\java\java-runtime-gamma\bin\java.dll
0x00007ffc8e3e0000 - 0x00007ffc8e3f8000 	C:\Users\Surface\AppData\Roaming\ElyPrismLauncher\java\java-runtime-gamma\bin\zip.dll
0x00007ffc67080000 - 0x00007ffc67156000 	C:\Users\Surface\AppData\Roaming\ElyPrismLauncher\java\java-runtime-gamma\bin\jsvml.dll
0x00007ffca6fa0000 - 0x00007ffca770e000 	C:\WINDOWS\System32\SHELL32.dll
0x00007ffca4470000 - 0x00007ffca4cdc000 	C:\WINDOWS\System32\windows.storage.dll
0x00007ffca5640000 - 0x00007ffca5736000 	C:\WINDOWS\System32\SHCORE.dll
0x00007ffca5820000 - 0x00007ffca5886000 	C:\WINDOWS\System32\shlwapi.dll
0x00007ffca40d0000 - 0x00007ffca40f9000 	C:\WINDOWS\SYSTEM32\profapi.dll
0x00007ffc8dce0000 - 0x00007ffc8dcfa000 	C:\Users\Surface\AppData\Roaming\ElyPrismLauncher\java\java-runtime-gamma\bin\net.dll
0x00007ffc9cf90000 - 0x00007ffc9d0b9000 	C:\WINDOWS\SYSTEM32\WINHTTP.dll
0x00007ffca34b0000 - 0x00007ffca351c000 	C:\WINDOWS\system32\mswsock.dll
0x00007ffc8d0c0000 - 0x00007ffc8d0d6000 	C:\Users\Surface\AppData\Roaming\ElyPrismLauncher\java\java-runtime-gamma\bin\nio.dll
0x00007ffc9dfd0000 - 0x00007ffc9dfda000 	C:\Users\Surface\AppData\Roaming\ElyPrismLauncher\java\java-runtime-gamma\bin\management.dll
0x00007ffc9c340000 - 0x00007ffc9c34b000 	C:\Users\Surface\AppData\Roaming\ElyPrismLauncher\java\java-runtime-gamma\bin\management_ext.dll
0x00007ffca7730000 - 0x00007ffca7738000 	C:\WINDOWS\System32\PSAPI.DLL
0x00007ffc3aaa0000 - 0x00007ffc3aab8000 	C:\WINDOWS\system32\napinsp.dll
0x00007ffca2a40000 - 0x00007ffca2b72000 	C:\WINDOWS\SYSTEM32\DNSAPI.dll
0x00007ffca2a00000 - 0x00007ffca2a32000 	C:\WINDOWS\SYSTEM32\IPHLPAPI.DLL
0x00007ffca6b50000 - 0x00007ffca6b5a000 	C:\WINDOWS\System32\NSI.dll
0x00007ffc3aac0000 - 0x00007ffc3aad3000 	C:\WINDOWS\System32\winrnr.dll
0x00007ffc3aae0000 - 0x00007ffc3ab02000 	C:\WINDOWS\system32\nlansp_c.dll
0x00007ffc9b8f0000 - 0x00007ffc9b906000 	C:\WINDOWS\system32\wshbth.dll
0x00007ffc9b4d0000 - 0x00007ffc9b4db000 	C:\Windows\System32\rasadhlp.dll
0x00007ffc9dc80000 - 0x00007ffc9dd06000 	C:\WINDOWS\System32\fwpuclnt.dll
0x00007ffc9c290000 - 0x00007ffc9c2a0000 	C:\Users\Surface\AppData\Roaming\ElyPrismLauncher\java\java-runtime-gamma\bin\verify.dll
0x00007ffca3060000 - 0x00007ffca3096000 	C:\WINDOWS\SYSTEM32\ntmarta.dll
0x00007ffca3790000 - 0x00007ffca37ab000 	C:\WINDOWS\SYSTEM32\CRYPTSP.dll
0x00007ffca2ea0000 - 0x00007ffca2ed9000 	C:\WINDOWS\system32\rsaenh.dll
0x00007ffca3560000 - 0x00007ffca3593000 	C:\WINDOWS\SYSTEM32\USERENV.dll
0x00007ffca40a0000 - 0x00007ffca40ca000 	C:\WINDOWS\SYSTEM32\bcrypt.dll
0x00007ffca37b0000 - 0x00007ffca37bc000 	C:\WINDOWS\SYSTEM32\CRYPTBASE.dll
0x00007ffc9d9b0000 - 0x00007ffc9d9cd000 	C:\WINDOWS\SYSTEM32\dhcpcsvc6.DLL
0x00007ffc9d980000 - 0x00007ffc9d9a5000 	C:\WINDOWS\SYSTEM32\dhcpcsvc.DLL
0x00007ffc83bf0000 - 0x00007ffc83c30000 	C:\Users\Surface\AppData\Local\Temp\jna--188578675\jna10782995830163806999.dll
0x00007ffca6300000 - 0x00007ffca6497000 	C:\WINDOWS\System32\Ole32.dll
0x00007ffca6da0000 - 0x00007ffca6e4e000 	C:\WINDOWS\System32\clbcatq.dll
0x00007ffc92630000 - 0x00007ffc9264d000 	C:\WINDOWS\SYSTEM32\amsi.dll
0x00007ffc83600000 - 0x00007ffc836a3000 	C:\ProgramData\Microsoft\Windows Defender\Platform\4.18.26040.7-0\MpOav.dll
0x00007ffc6c6d0000 - 0x00007ffc6c745000 	C:\Users\Surface\AppData\Local\Temp\lwjglSurface\3.3.1-SNAPSHOT\lwjgl.dll
0x00007ffca1a10000 - 0x00007ffca1a55000 	C:\WINDOWS\SYSTEM32\dxcore.dll
0x00007ffc33750000 - 0x00007ffc339a9000 	C:\Users\Surface\AppData\Local\Temp\lwjglSurface\3.3.1-SNAPSHOT\jemalloc.dll
0x00007ffc87760000 - 0x00007ffc877b6000 	C:\WINDOWS\SYSTEM32\Pdh.dll
0x00007ffc83910000 - 0x00007ffc83921000 	C:\WINDOWS\System32\perfos.dll
0x00007ffca2640000 - 0x00007ffca2652000 	C:\WINDOWS\SYSTEM32\pfclient.dll
0x00007ffc96690000 - 0x00007ffc9669e000 	C:\Users\Surface\AppData\Roaming\ElyPrismLauncher\java\java-runtime-gamma\bin\sunmscapi.dll
0x00007ffca51a0000 - 0x00007ffca5318000 	C:\WINDOWS\System32\CRYPT32.dll
0x00007ffca39b0000 - 0x00007ffca39e0000 	C:\WINDOWS\SYSTEM32\ncrypt.dll
0x00007ffca3960000 - 0x00007ffca399f000 	C:\WINDOWS\SYSTEM32\NTASN1.dll
0x00007ffc8ff70000 - 0x00007ffc8ff79000 	C:\Users\Surface\AppData\Roaming\ElyPrismLauncher\java\java-runtime-gamma\bin\extnet.dll
0x00007ffc3ad60000 - 0x00007ffc3ad68000 	C:\WINDOWS\system32\wshunix.dll
0x00007ffc35c30000 - 0x00007ffc35dc0000 	C:\Users\Surface\AppData\Roaming\ElyPrismLauncher\java\java-runtime-gamma\bin\awt.dll
0x00007ffca1660000 - 0x00007ffca1700000 	C:\WINDOWS\SYSTEM32\apphelp.dll
0x00007ffc72910000 - 0x00007ffc72971000 	C:\Users\Surface\AppData\Local\Temp\lwjglSurface\3.3.1-SNAPSHOT\glfw.dll
0x00007ffca1900000 - 0x00007ffca19aa000 	C:\WINDOWS\system32\uxtheme.dll
0x00007ffca5a60000 - 0x00007ffca5bbc000 	C:\WINDOWS\System32\MSCTF.dll
0x00007ffca1bf0000 - 0x00007ffca1c1f000 	C:\WINDOWS\system32\DWMAPI.DLL
0x00007ffc86230000 - 0x00007ffc86242000 	C:\WINDOWS\System32\perfproc.dll
0x00007ffc7f3f0000 - 0x00007ffc7f43b000 	C:\WINDOWS\SYSTEM32\dinput8.dll
0x00007ffc7a9f0000 - 0x00007ffc7aa0c000 	C:\WINDOWS\SYSTEM32\xinput1_4.dll
0x00007ffca3cf0000 - 0x00007ffca3d1d000 	C:\WINDOWS\SYSTEM32\DEVOBJ.dll
0x00007ffca3d20000 - 0x00007ffca3d71000 	C:\WINDOWS\SYSTEM32\cfgmgr32.dll
0x00007ffc89f10000 - 0x00007ffc8a0f3000 	C:\WINDOWS\SYSTEM32\inputhost.dll
0x00007ffca0ee0000 - 0x00007ffca1007000 	C:\WINDOWS\SYSTEM32\CoreMessaging.dll
0x00007ffc6cd00000 - 0x00007ffc6ce0f000 	C:\WINDOWS\SYSTEM32\opengl32.dll
0x00007ffc6cbf0000 - 0x00007ffc6cc1d000 	C:\WINDOWS\SYSTEM32\GLU32.dll
0x00007ffc9d910000 - 0x00007ffc9d971000 	C:\WINDOWS\SYSTEM32\directxdatabasehelper.dll
0x00007ffc8ee30000 - 0x00007ffc8ee4d000 	C:\WINDOWS\SYSTEM32\windows.staterepositorycore.dll
0x00007ffc251e0000 - 0x00007ffc262fa000 	C:\WINDOWS\System32\DriverStore\FileRepository\iigd_dch.inf_amd64_c7d8ede2ab197971\ig11icd64.dll
0x00007ffca1a60000 - 0x00007ffca1b9e000 	C:\WINDOWS\system32\dxgi.dll
0x00007ffc250b0000 - 0x00007ffc251dc000 	C:\WINDOWS\System32\DriverStore\FileRepository\iigd_dch.inf_amd64_c7d8ede2ab197971\igdml64.dll
0x00007ffc96e30000 - 0x00007ffc97239000 	C:\WINDOWS\System32\DriverStore\FileRepository\iigd_dch.inf_amd64_c7d8ede2ab197971\igdgmm64.dll
0x00007ffc92900000 - 0x00007ffc96094000 	C:\WINDOWS\System32\DriverStore\FileRepository\iigd_dch.inf_amd64_c7d8ede2ab197971\igc64.dll
0x00007ffc8c700000 - 0x00007ffc8c846000 	C:\WINDOWS\SYSTEM32\textinputframework.dll
0x00007ffc765e0000 - 0x00007ffc76656000 	C:\WINDOWS\system32\Oleacc.dll
0x00007ffc3f1b0000 - 0x00007ffc3f20d000 	C:\Users\Surface\AppData\Local\Temp\lwjglSurface\3.3.1-SNAPSHOT\lwjgl_opengl.dll
0x00007ffc36d50000 - 0x00007ffc36dd1000 	C:\Users\Surface\AppData\Local\Temp\lwjglSurface\3.3.1-SNAPSHOT\lwjgl_stb.dll
0x00007ffc9c8a0000 - 0x00007ffc9c95f000 	C:\WINDOWS\SYSTEM32\mscms.dll
0x00007ffc50a00000 - 0x00007ffc50a49000 	C:\WINDOWS\SYSTEM32\icm32.dll
0x00007ffc965d0000 - 0x00007ffc965e2000 	C:\WINDOWS\system32\wbem\wbemprox.dll
0x00007ffc864a0000 - 0x00007ffc8651a000 	C:\WINDOWS\SYSTEM32\wbemcomn.dll
0x00007ffc965b0000 - 0x00007ffc965c5000 	C:\WINDOWS\system32\wbem\wbemsvc.dll
0x00007ffc83810000 - 0x00007ffc83900000 	C:\WINDOWS\system32\wbem\fastprox.dll
0x00007ffc24f10000 - 0x00007ffc250a7000 	C:\Users\Surface\AppData\Local\Temp\lwjglSurface\3.3.1-SNAPSHOT\OpenAL.dll
0x00007ffc9b350000 - 0x00007ffc9b3e9000 	C:\WINDOWS\System32\MMDevApi.dll
0x00007ffc42d30000 - 0x00007ffc42ea3000 	C:\WINDOWS\System32\Speech\Common\sapi.dll
0x00007ffc87e80000 - 0x00007ffc8805d000 	C:\WINDOWS\system32\urlmon.dll
0x00007ffc87a70000 - 0x00007ffc87d34000 	C:\WINDOWS\SYSTEM32\iertutil.dll
0x00007ffca28f0000 - 0x00007ffca28fd000 	C:\WINDOWS\SYSTEM32\netutils.dll
0x00007ffc87a10000 - 0x00007ffc87a39000 	C:\WINDOWS\SYSTEM32\srvcli.dll
0x00007ffc88690000 - 0x00007ffc886ee000 	C:\WINDOWS\system32\ApplicationTargetedFeatureDatabase.dll
0x00007ffc9b0f0000 - 0x00007ffc9b33e000 	C:\Windows\System32\twinapi.appcore.dll
0x00007ffc9e190000 - 0x00007ffc9e2fa000 	C:\Windows\System32\WinTypes.dll
0x00007ffc9d0c0000 - 0x00007ffc9d3a2000 	C:\WINDOWS\SYSTEM32\CoreUIComponents.dll
0x00007ffc91820000 - 0x00007ffc919d3000 	C:\WINDOWS\SYSTEM32\AUDIOSES.DLL
0x00007ffca22d0000 - 0x00007ffca22e4000 	C:\WINDOWS\SYSTEM32\resourcepolicyclient.dll

dbghelp: loaded successfully - version: 4.0.5 - missing functions: none
symbol engine: initialized successfully - sym options: 0x614 - pdb path: .;C:\Users\Surface\AppData\Roaming\ElyPrismLauncher\java\java-runtime-gamma\bin;C:\WINDOWS\SYSTEM32;C:\WINDOWS\WinSxS\amd64_microsoft.windows.common-controls_6595b64144ccf1df_6.0.26100.8457_none_3e0b2faee331e92d;C:\Users\Surface\AppData\Roaming\ElyPrismLauncher\java\java-runtime-gamma\bin\server;C:\Users\Surface\AppData\Local\Temp\jna--188578675;C:\ProgramData\Microsoft\Windows Defender\Platform\4.18.26040.7-0;C:\Users\Surface\AppData\Local\Temp\lwjglSurface\3.3.1-SNAPSHOT;C:\WINDOWS\System32\DriverStore\FileRepository\iigd_dch.inf_amd64_c7d8ede2ab197971;C:\WINDOWS\system32\wbem;C:\WINDOWS\System32\Speech\Common;C:\Users\Surface\AppData\Local\Temp\e4mc_temp12318082453821951802

VM Arguments:
jvm_args: -Duser.language=en -XX:HeapDumpPath=MojangTricksIntelDriversForPerformance_javaw.exe_minecraft.exe.heapdump -Xms512m -Xmx4096m -XX:+ParallelRefProcEnabled -XX:+AlwaysPreTouch -XX:+PerfDisableSharedMem -XX:+UseZGC -XX:-ZUncommit -Djava.library.path=C:/Users/Surface/AppData/Roaming/ElyPrismLauncher/instances/BiotechS/natives 
java_command: org.prismlauncher.EntryPoint
java_class_path (initial): C:/Users/Surface/AppData/Local/Programs/ElyPrismLauncher/jars/NewLaunch.jar;C:/Users/Surface/AppData/Roaming/ElyPrismLauncher/libraries/org/lwjgl/lwjgl-glfw-natives-windows-arm64/3.3.1/lwjgl-glfw-natives-windows-arm64-3.3.1.jar;C:/Users/Surface/AppData/Roaming/ElyPrismLauncher/libraries/org/lwjgl/lwjgl-glfw-natives-windows-x86/3.3.1/lwjgl-glfw-natives-windows-x86-3.3.1.jar;C:/Users/Surface/AppData/Roaming/ElyPrismLauncher/libraries/org/lwjgl/lwjgl-glfw-natives-windows/3.3.1/lwjgl-glfw-natives-windows-3.3.1.jar;C:/Users/Surface/AppData/Roaming/ElyPrismLauncher/libraries/org/lwjgl/lwjgl-glfw/3.3.1/lwjgl-glfw-3.3.1.jar;C:/Users/Surface/AppData/Roaming/ElyPrismLauncher/libraries/org/lwjgl/lwjgl-jemalloc-natives-windows-arm64/3.3.1/lwjgl-jemalloc-natives-windows-arm64-3.3.1.jar;C:/Users/Surface/AppData/Roaming/ElyPrismLauncher/libraries/org/lwjgl/lwjgl-jemalloc-natives-windows-x86/3.3.1/lwjgl-jemalloc-natives-windows-x86-3.3.1.jar;C:/Users/Surface/AppData/Roaming/ElyPrismLauncher/libraries/org/lwjgl/lwjgl-jemalloc-natives-windows/3.3.1/lwjgl-jemalloc-natives-windows-3.3.1.jar;C:/Users/Surface/AppData/Roaming/ElyPrismLauncher/libraries/org/lwjgl/lwjgl-jemalloc/3.3.1/lwjgl-jemalloc-3.3.1.jar;C:/Users/Surface/AppData/Roaming/ElyPrismLauncher/libraries/org/lwjgl/lwjgl-natives-windows-arm64/3.3.1/lwjgl-natives-windows-arm64-3.3.1.jar;C:/Users/Surface/AppData/Roaming/ElyPrismLauncher/libraries/org/lwjgl/lwjgl-natives-windows-x86/3.3.1/lwjgl-natives-windows-x86-3.3.1.jar;C:/Users/Surface/AppData/Roaming/ElyPrismLauncher/libraries/org/lwjgl/lwjgl-natives-windows/3.3.1/lwjgl-natives-windows-3.3.1.jar;C:/Users/Surface/AppData/Roaming/ElyPrismLauncher/libraries/org/lwjgl/lwjgl-openal-natives-windows-arm64/3.3.1/lwjgl-openal-natives-windows-arm64-3.3.1.jar;C:/Users/Surface/AppData/Roaming/ElyPrismLauncher/libraries/org/lwjgl/lwjgl-openal-natives-windows-x86/3.3.1/lwjgl-openal-natives-windows-x86-3.3.1.jar;C:/Users/Surface/AppData/Roaming/ElyPrismLauncher
Launcher Type: SUN_STANDARD

[Global flags]
     bool AlwaysPreTouch                           = true                                      {product} {command line}
     intx CICompilerCount                          = 4                                         {product} {ergonomic}
    ccstr HeapDumpPath                             = MojangTricksIntelDriversForPerformance_javaw.exe_minecraft.exe.heapdump         {manageable} {command line}
   size_t InitialHeapSize                          = 536870912                                 {product} {command line}
   size_t MaxHeapSize                              = 4294967296                                {product} {command line}
   size_t MinHeapDeltaBytes                        = 2097152                                   {product} {ergonomic}
   size_t MinHeapSize                              = 536870912                                 {product} {command line}
    uintx NonNMethodCodeHeapSize                   = 5839372                                {pd product} {ergonomic}
    uintx NonProfiledCodeHeapSize                  = 122909434                              {pd product} {ergonomic}
     bool ParallelRefProcEnabled                   = true                                      {product} {command line}
     bool PerfDisableSharedMem                     = true                                      {product} {command line}
    uintx ProfiledCodeHeapSize                     = 122909434                              {pd product} {ergonomic}
    uintx ReservedCodeCacheSize                    = 251658240                              {pd product} {ergonomic}
     bool SegmentedCodeCache                       = true                                      {product} {ergonomic}
   size_t SoftMaxHeapSize                          = 4294967296                             {manageable} {ergonomic}
     bool UseCompressedClassPointers               = true                           {product lp64_product} {ergonomic}
     bool UseCompressedOops                        = false                          {product lp64_product} {ergonomic}
     bool UseLargePagesIndividualAllocation        = false                                  {pd product} {ergonomic}
     bool UseZGC                                   = true                                      {product} {command line}
     bool ZUncommit                                = false                                     {product} {command line}

Logging:
Log output configuration:
 #0: stdout all=warning uptime,level,tags
 #1: stderr all=off uptime,level,tags

Environment Variables:
PATH=C:\Program Files\Common Files\Oracle\Java\javapath;C:\WINDOWS\system32;C:\WINDOWS;C:\WINDOWS\System32\Wbem;C:\WINDOWS\System32\WindowsPowerShell\v1.0\;C:\WINDOWS\System32\OpenSSH\;C:\Program Files\CMake\bin;C:\Program Files\Tailscale\;C:\Program Files\Git\cmd;C:\Program Files\GitHub CLI\;C:\Program Files\Go\bin;C:\Program Files\Cloudflare\Cloudflare WARP\;C:\Program Files\nodejs\;C:\Users\Surface\.local\bin;C:\Users\Surface\AppData\Local\Microsoft\WindowsApps;C:\ninja;C:\msys64\ucrt64\bin;C:\ProgramData\anaconda3;C:\ProgramData\anaconda3\Scripts;C:\ProgramData\anaconda3\Library\bin;C:\Users\Surface\AppData\Local\Programs\Microsoft VS Code\bin;C:\Users\Surface\AppData\Roaming\Python\Python313\Scripts\;C:\Program Files\JetBrains\IntelliJ IDEA 2026.1\bin;C:\Users\Surface\go\bin;C:\Users\Surface\AppData\Roaming\npm
USERNAME=Surface
OS=Windows_NT
PROCESSOR_IDENTIFIER=Intel64 Family 6 Model 126 Stepping 5, GenuineIntel
TMP=C:\Users\Surface\AppData\Local\Temp
TEMP=C:\Users\Surface\AppData\Local\Temp



Periodic native trim disabled


---------------  S Y S T E M  ---------------

OS:
 Windows 11 , 64 bit Build 26100 (10.0.26100.8328)
OS uptime: 0 days 3:31 hours

CPU: total 8 (initial active 8) (4 cores per cpu, 2 threads per core) family 6 model 126 stepping 5 microcode 0xbc, cx8, cmov, fxsr, ht, mmx, 3dnowpref, sse, sse2, sse3, ssse3, sse4.1, sse4.2, popcnt, lzcnt, tsc, tscinvbit, avx, avx2, aes, erms, clmul, bmi1, bmi2, adx, avx512f, avx512dq, avx512cd, avx512bw, avx512vl, sha, fma, vzeroupper, avx512_vpopcntdq, avx512_vpclmulqdq, avx512_vaes, avx512_vnni, clflush, clflushopt, avx512_vbmi2, avx512_vbmi
Processor Information for the first 8 processors :
  Max Mhz: 1498, Current Mhz: 1198, Mhz Limit: 1198

Memory: 4k page, system-wide physical 7778M (761M free)
TotalPageFile size 17350M (AvailPageFile size 3992M)
current process WorkingSet (physical memory assigned to process): 6880M, peak: 9312M
current process commit charge ("private bytes"): 3001M, peak: 3317M

vm_info: OpenJDK 64-Bit Server VM (17.0.15+6-LTS) for windows-amd64 JRE (17.0.15+6-LTS), built on Apr  9 2025 22:27:25 by "MicrosoftCorporation" with unknown MS VC++:1939

END.
