[17:07:54] [main/INFO]: Loading Minecraft 1.20.1 with Fabric Loader 0.19.2
[17:07:54] [ForkJoinPool-1-worker-7/WARN]: Mod bbb uses the version 2.0pre4 which isn't compatible with Loader's extended semantic version format (Could not parse version number component '0pre4'!), SemVer is recommended for reliably evaluating dependencies and prioritizing newer version
[17:07:54] [ForkJoinPool-1-worker-4/WARN]: The mod "bakery" contains invalid entries in its mod json:
- Unsupported root entry "credits" at line 10 column 12
[17:07:54] [ForkJoinPool-1-worker-2/WARN]: The mod "brewery" contains invalid entries in its mod json:
- Unsupported root entry "credits" at line 10 column 12
[17:07:54] [ForkJoinPool-1-worker-8/WARN]: The mod "lilis_lucky_lures" contains invalid entries in its mod json:
- Unsupported root entry "credits" at line 10 column 12
[17:07:54] [ForkJoinPool-1-worker-1/WARN]: Mod naturalist uses the version 5.0pre3 which isn't compatible with Loader's extended semantic version format (Could not parse version number component '0pre3'!), SemVer is recommended for reliably evaluating dependencies and prioritizing newer version
[17:07:54] [ForkJoinPool-1-worker-1/WARN]: Mod mr_netherweather uses the version 1.1.2_backport which isn't compatible with Loader's extended semantic version format (Could not parse version number component '2_backport'!), SemVer is recommended for reliably evaluating dependencies and prioritizing newer version
[17:07:54] [ForkJoinPool-1-worker-8/WARN]: Mod yaf uses the version 1.0pre3 which isn't compatible with Loader's extended semantic version format (Could not parse version number component '0pre3'!), SemVer is recommended for reliably evaluating dependencies and prioritizing newer version
[17:07:54] [main/INFO]: Dependencies overridden for minecraft, lambdynlights, fabricloader, debugify
[17:07:54] [main/WARN]: Warnings were found!
 - Mod 'Alloy Forgery' (alloy_forgery) 2.1.2+1.20 recommends version 12.0.0 or later of roughlyenoughitems, which is missing!
	 - You should install version 12.0.0 or later of roughlyenoughitems for the optimal experience.
 - 'Minecraft' (minecraft) 1.20.1 recommends any version after 5.4.0 of Fabulously Optimized, which is missing!
	 - You should install any version after 5.4.0 of Fabulously Optimized for the optimal experience.
[17:07:54] [main/INFO]: Loading 419 mods:
	- advancementinfo 1.20-fabric0.83.0-1.4
	- alloy_forgery 2.1.2+1.20
	- almostunified 1.20.1-0.11.0
	- amendments 1.20-2.2.5
	- animatica 0.6.1+1.20.4
	- another_furniture 1.20.1-3.0.5
	- appleskin 2.5.2+mc1.20.1
	- aquamirae 6
	- architectury 9.2.14
	- athena 3.1.2
	- bakery 2.0.6
	- balm 7.3.38
	   \-- kuma_api 20.1.12
	- bbb 2.0pre4
	- beachparty 2.0.3
	- betterdeserttemples 1.20-Fabric-3.0.3
	   \-- org_reflections_reflections 0.10.2
	- betterdungeons 1.20-Fabric-4.0.4
	- betterendisland 1.20-Fabric-2.0.6
	- betterfortresses 1.20-Fabric-2.0.6
	- betterjungletemples 1.20-Fabric-2.0.5
	- bettermineshafts 1.20-Fabric-4.0.4
	- bettermounthud 1.2.2
	- betteroceanmonuments 1.20-Fabric-3.0.4
	- betterstrongholds 1.20-Fabric-4.0.3
	- biome_replacer 2.2-hippo
	   \-- mixinsquared 0.3.3
	- blahaj 0.3.2
	- blazingbamboo 1.20.1-1.0.1
	- blockrunner 8.0.4
	- blockswap 5.0.0.0
	- borderlessmining 1.1.8+1.20.1
	- bosses_of_mass_destruction 1.7.5-1.20.1
	   |-- maelstrom_library 1.6.1-1.20
	   \-- multipart_entities 1.5-1.20
	- bountiful 6.0.4+1.20.1
	- bows 1.1.1
	- brewery 2.0.6
	- brutes_dropscraps_mr 1.1
	- c2me 0.2.0+alpha.11.18
	   |-- c2me-base 0.2.0+alpha.11.18
	   |-- c2me-client-uncapvd 0.2.0+alpha.11.18
	   |-- c2me-fixes-chunkio-threading-issues 0.2.0+alpha.11.18
	   |-- c2me-fixes-general-threading-issues 0.2.0+alpha.11.18
	   |-- c2me-fixes-worldgen-threading-issues 0.2.0+alpha.11.18
	   |-- c2me-fixes-worldgen-vanilla-bugs 0.2.0+alpha.11.18
	   |-- c2me-notickvd 0.2.0+alpha.11.18
	   |-- c2me-opts-allocs 0.2.0+alpha.11.18
	   |-- c2me-opts-chunk-access 0.2.0+alpha.11.18
	   |-- c2me-opts-chunkio 0.2.0+alpha.11.18
	   |-- c2me-opts-math 0.2.0+alpha.11.18
	   |-- c2me-opts-scheduling 0.2.0+alpha.11.18
	   |-- c2me-opts-worldgen-general 0.2.0+alpha.11.18
	   |-- c2me-opts-worldgen-vanilla 0.2.0+alpha.11.18
	   |-- c2me-rewrites-chunk-serializer 0.2.0+alpha.11.18
	   |-- c2me-rewrites-chunkio 0.2.0+alpha.11.18
	   |-- c2me-server-utils 0.2.0+alpha.11.18
	   |-- c2me-threading-chunkio 0.2.0+alpha.11.18
	   |-- c2me-threading-lighting 0.2.0+alpha.11.18
	   |-- c2me-threading-worldgen 0.2.0+alpha.11.18
	   |-- com_ibm_async_asyncutil 0.1.0
	   |-- net_objecthunter_exp4j 0.4.8
	   \-- org_threadly_threadly 7.0
	- capes 1.5.2+1.20
	- cardinal-components 5.2.3
	   |-- cardinal-components-base 5.2.3
	   |-- cardinal-components-block 5.2.3
	   |-- cardinal-components-chunk 5.2.3
	   |-- cardinal-components-entity 5.2.3
	   |-- cardinal-components-item 5.2.3
	   |-- cardinal-components-level 5.2.3
	   |-- cardinal-components-scoreboard 5.2.3
	   \-- cardinal-components-world 5.2.3
	- cherishedworlds 6.1.7+1.20.1
	- chipped 3.0.7
	- citresewn 1.2.2+1.20.1
	   \-- citresewn-defaults 1.2.2+1.20.1
	- cloth-config 11.1.136
	   \-- cloth-basic-math 0.6.1
	- collective 8.22
	- comforts 6.4.0+1.20.1
	   \-- spectrelib 0.13.15+1.20.1
	- continuity 3.0.0+1.20.1
	- cooldown-coordinator 0.6.3
	- craftpresence 2.7.1
	- crash_assistant 1.11.9
	- cratedelight 25.9.22-1.20-fabric
	- creeperoverhaul 3.0.2
	- debugify 1.20.1+2.0
	- diggusmaximus 1.5.9-1.20
	   \-- kyrptconfig 1.5.6-1.20
	- dummmmmmy 1.20-2.0.12
	- dynamic_fps 3.11.4
	   \-- net_lostluma_battery 2.0.0
	- e4mc 6.1.0
	   \-- folk_sisby_kaleido-config 0.3.3+1.3.2
	- earth-and-water 1.0.3
	- effortless 3.4.0
	- elytraslot 6.4.4+1.20.1
	- enchance 1.0.4
	- enchancement 1.20-26
	   \-- step-height-entity-attribute 1.2.0
	- enchancement_unbound 1.0.6+1.20-24+26
	   \-- step-height-entity-attribute 1.2.0
	- endermanoverhaul 1.0.4
	- enhancedblockentities 0.9+1.20
	   \-- advanced_runtime_resource_pack 0.6.7
	- entity_model_features 3.2.4
	- entity_texture_features 7.1
	- entityculling 1.10.2
	   |-- transition 1.0.19
	   \-- trender 1.0.13
	- experienced_crops 1.20.1-1.1.0
	- extractinator 2.3.0
	- fabric-api 0.92.9+1.20.1
	   |-- fabric-api-base 0.4.32+1802ada577
	   |-- fabric-api-lookup-api-v1 1.6.37+1802ada577
	   |-- fabric-biome-api-v1 13.0.15+93aa238b77
	   |-- fabric-block-api-v1 1.0.12+1802ada577
	   |-- fabric-block-view-api-v2 1.0.3+924f046a77
	   |-- fabric-blockrenderlayer-v1 1.1.42+1802ada577
	   |-- fabric-client-tags-api-v1 1.1.3+1802ada577
	   |-- fabric-command-api-v1 1.2.35+f71b366f77
	   |-- fabric-command-api-v2 2.2.14+1802ada577
	   |-- fabric-commands-v0 0.2.52+df3654b377
	   |-- fabric-containers-v0 0.1.68+df3654b377
	   |-- fabric-content-registries-v0 4.0.13+1802ada577
	   |-- fabric-convention-tags-v1 1.5.6+1802ada577
	   |-- fabric-crash-report-info-v1 0.2.20+1802ada577
	   |-- fabric-data-attachment-api-v1 1.0.2+de0fd6d177
	   |-- fabric-data-generation-api-v1 12.3.9+1802ada577
	   |-- fabric-dimensions-v1 2.1.55+1802ada577
	   |-- fabric-entity-events-v1 1.6.1+1c78457f77
	   |-- fabric-events-interaction-v0 0.6.6+13a40c6677
	   |-- fabric-events-lifecycle-v0 0.2.64+df3654b377
	   |-- fabric-game-rule-api-v1 1.0.41+1802ada577
	   |-- fabric-item-api-v1 2.1.29+1802ada577
	   |-- fabric-item-group-api-v1 4.0.14+1802ada577
	   |-- fabric-key-binding-api-v1 1.0.38+1802ada577
	   |-- fabric-keybindings-v0 0.2.36+df3654b377
	   |-- fabric-lifecycle-events-v1 2.2.23+1802ada577
	   |-- fabric-loot-api-v2 1.2.3+1802ada577
	   |-- fabric-loot-tables-v1 1.1.47+9e7660c677
	   |-- fabric-message-api-v1 5.1.10+1802ada577
	   |-- fabric-mining-level-api-v1 2.1.52+1802ada577
	   |-- fabric-model-loading-api-v1 1.0.4+1802ada577
	   |-- fabric-models-v0 0.4.3+9386d8a777
	   |-- fabric-networking-api-v1 1.3.15+0caff8d077
	   |-- fabric-networking-v0 0.3.55+df3654b377
	   |-- fabric-object-builder-api-v1 11.1.5+e35120df77
	   |-- fabric-particles-v1 1.1.3+1802ada577
	   |-- fabric-recipe-api-v1 1.0.25+1802ada577
	   |-- fabric-registry-sync-v0 2.4.1+4c0a70e677
	   |-- fabric-renderer-api-v1 3.2.2+1802ada577
	   |-- fabric-renderer-indigo 1.5.3+85287f9f77
	   |-- fabric-renderer-registries-v1 3.2.47+df3654b377
	   |-- fabric-rendering-data-attachment-v1 0.3.39+92a0d36777
	   |-- fabric-rendering-fluids-v1 3.0.29+1802ada577
	   |-- fabric-rendering-v0 1.1.50+df3654b377
	   |-- fabric-rendering-v1 3.0.9+1802ada577
	   |-- fabric-resource-conditions-api-v1 2.3.9+1802ada577
	   |-- fabric-resource-loader-v0 0.11.12+fb82e9d777
	   |-- fabric-screen-api-v1 2.0.9+1802ada577
	   |-- fabric-screen-handler-api-v1 1.3.34+1802ada577
	   |-- fabric-sound-api-v1 1.0.14+1802ada577
	   |-- fabric-transfer-api-v1 3.3.6+8dd72ea377
	   \-- fabric-transitive-access-wideners-v1 4.3.2+1802ada577
	- fabric-language-kotlin 1.13.11+kotlin.2.3.21
	   |-- org_jetbrains_kotlin_kotlin-reflect 2.3.21
	   |-- org_jetbrains_kotlin_kotlin-stdlib 2.3.21
	   |-- org_jetbrains_kotlin_kotlin-stdlib-jdk7 2.3.21
	   |-- org_jetbrains_kotlin_kotlin-stdlib-jdk8 2.3.21
	   |-- org_jetbrains_kotlinx_atomicfu-jvm 0.32.1
	   |-- org_jetbrains_kotlinx_kotlinx-coroutines-core-jvm 1.10.2
	   |-- org_jetbrains_kotlinx_kotlinx-coroutines-jdk8 1.10.2
	   |-- org_jetbrains_kotlinx_kotlinx-datetime-jvm 0.7.1
	   |-- org_jetbrains_kotlinx_kotlinx-io-bytestring-jvm 0.9.0
	   |-- org_jetbrains_kotlinx_kotlinx-io-core-jvm 0.9.0
	   |-- org_jetbrains_kotlinx_kotlinx-serialization-cbor-jvm 1.11.0
	   |-- org_jetbrains_kotlinx_kotlinx-serialization-core-jvm 1.11.0
	   \-- org_jetbrains_kotlinx_kotlinx-serialization-json-jvm 1.11.0
	- fabricloader 0.19.2
	   \-- mixinextras 0.5.4
	- fabricskyboxes 0.7.3+mc1.20.1
	- fabrishot 1.10.1
	- fadeless 1.0.1
	- fantasy_weapons 0.3.1-1.20.1
	- farm_and_charm 1.0.14
	- farmersdelight 1.20.1-2.4.1+refabricated
	   |-- mm 2.3
	   |-- porting_lib_recipe_book_categories 2.3.8+1.20.1
	   \-- porting_lib_tags 3.0
	- fastquit 3.0.0+1.20+
	- faunify 1.3.1
	- ferritecore 6.0.1
	- forgeconfigapiport 8.0.3
	- friendsandfoes 3.0.9
	   \-- reach-entity-attributes 2.4.0
	- fsb-interop 1.3.6+mc1.20.1-build.50
	- fullbrightnesstoggle 4.4
	- furniture 1.0.4
	- geckolib 4.8.3
	   \-- com_eliotlash_mclib_mclib 20
	- geophilic 3.5
	- golemoverhaul 1.1.0
	- grounded 1.20.1-0.1.1
	- handcrafted 3.0.6
	- hearth_and_home 1.20.1-2.0.3
	- hearths 1.0.5
	- herbalbrews 1.0.12
	- hopobetterunderwaterruins 1.1.5
	- hoppergadgetry 20.1.3
	   \-- extensibleenums 20.1.1
	- hybrid-aquatic 1.5.4
	   \-- reach-entity-attributes 2.4.0
	- illagerinvasion 8.0.7
	- immediatelyfast 1.5.4+1.20.4
	   \-- net_lenni0451_reflect 1.6.1+curseforge
	- immersiveores 1.20.1-0.8
	   \-- playerabilitylib 1.8.0
	- improved_village_placement 1.1.2
	- indium 1.0.36+mc1.20.1
	- iris 1.7.6+mc1.20.1
	   |-- io_github_douira_glsl-transformer 2.0.1
	   |-- org_anarres_jcpp 1.4.14
	   \-- org_antlr_antlr4-runtime 4.13.1
	- isxander-main-menu-credits 1.1.2
	- jade 11.13.1+fabric
	- jadensnetherexpansiondelight 1.0.0-1.20.1-fabric
	- java 17
	- jei 15.20.0.130
	- kambrik 6.1.1+1.20.1
	- keybind_fix 1.0.0
	- lambdynlights 4.4.0+1.20.1
	   |-- lambdynlights_api 4.4.0+1.20.1
	   |    |-- yumi_commons_collections 1.0.0-beta.4
	   |    |-- yumi_commons_core 1.0.0-beta.4
	   |    \-- yumi_commons_event 1.0.0-beta.4
	   |-- pride 1.2.0+1.19.4
	   \-- spruceui 6.2.1+1.20
	- languagereload 1.7.5+1.20.1
	- letsdocompat 2.2.4
	- lilis_lucky_lures 1.0.2
	- lithium 0.11.4
	- lithostitched 1.4.11
	- lootr 0.7.35.86
	- low_fire_reborn 1.0.0
	- mavapi 1.1.4
	- mavm 1.2.6
	- medieval_nether 1.0.2
	- medievalend 1.0.1
	- memoryleakfix 1.1.5
	- mes 2.0.3
	- minecraft 1.20.1
	- mineralchance 3.8
	- mixintrace 1.1.1+1.17
	- mobcaptains 3.1.1
	- modelfix 1.15
	- modern_industrialization 1.8.6
	   |-- magna 1.10.1+1.20.1
	   |    \-- omega-config 1.0.8
	   |-- noindium 1.1.0+1.20
	   |-- patchouli 1.20.1-81-FABRIC
	   |    \-- fiber 0.23.0-2
	   |-- playerabilitylib 1.8.0
	   \-- team_reborn_energy 3.0.0
	- modernfix 5.25.2+mc1.20.1
	- modmenu 7.2.2
	- moogs_structures 1.1.0-1.20-1.20.4
	- moonlight 1.20-2.16.32
	- morechathistory 1.3.0
	- moreculling 1.20.1-0.24.5
	   \-- conditional-mixin 0.3.2
	- moredelight 26.5.7-1.20-fabric
	- moremobvariants 1.3.1
	- mousetweaks 2.26
	- moyai 1.20-2.0.2
	- mr_lukis_grandcapitals 1.1.3
	- mr_netherweather 1.1.2_backport
	- mr_ore_plus 2.15.41.2-x2
	- mr_qraftys_endvillages 1
	- mr_tidal_towns 1.3.4
	- mr_true_ending 1-v1.1.0c
	- mr_ultimate_bosses 1.0.4
	- mr_warden_withloot 2.2
	- mru 1.0.4+1.20.1+fabric
	- mynethersdelight 1.20.1-1.0.4+1.7.6.refabricated
	- mysticsbiomes 3.5.2
	- mythicmetals 0.19.11+1.20.1
	   |-- additionalentityattributes 1.7.3+1.20.0
	   |-- common-protection-api 1.0.0
	   \-- reach-entity-attributes 2.4.0
	- naturalist 5.0pre3
	- naturescompass 1.20.1-2.6.0-fabric
	- nears 2.1.2
	- netherexp 2.1.3
	- nethervinery 1.2.19
	- nochatreports 1.20.1-v2.2.2
	- obscure_api 16
	- omnicrossbow 0.2.1+mc1.20.1
	- omnihopper 2.2.4+1.20
	   \-- cicada 0.5.2+1.20.1-minus
	- optigui 2.3.0-beta.9+1.20
	   |-- org_apache_commons_commons-text 1.11.0
	   \-- org_ini4j_ini4j 0.5.4
	- overweight_farming 1.20.1-2.0.3-fabric
	- owo 0.11.2+1.20
	   \-- blue_endless_jankson 1.2.2
	- platform 1.3.3
	- potionsauce 1.20-1
	- puzzle 2.3.0
	   \-- midnightlib 1.9.2
	- puzzleslib 8.1.33
	   \-- puzzlesaccessapi 20.1.1
	- reeses-sodium-options 1.7.2+mc1.20.1-build.101
	- resourcefulconfig 2.1.3
	- resourcefullib 2.1.29
	   |-- com_teamresourceful_bytecodecs 1.0.2
	   \-- com_teamresourceful_yabn 1.0.3
	- respawnablepets 1.20-1
	- riverredux 0.3.1
	- rottencreatures 1.1.0
	- rrls 4.0.6.1+mc1.20.1-fabric
	- skinlayers3d 1.11.1
	- snowundertrees 2.5.4+1.20.1
	- sodium 0.5.13+mc1.20.1
	- sodium-extra 0.5.9+mc1.20.1
	   \-- caffeineconfig 1.3.0+1.17
	- somemoreblocks 1.0.7-bp
	- sound_physics_remastered 1.20.1-1.5.1
	- sounds 2.2.1+1.20.1+fabric
	- spark 1.10.53
	- spawn 1.0.3-fabric
	- status-effect-bars 1.0.3
	- strongheld 1.20.1
	- structure_layout_optimizer 1.0.11
	- structurecontrol 1.8.5
	   |-- com_electronwill_night-config_core 3.8.1
	   \-- com_electronwill_night-config_toml 3.8.1
	- structurify 2.0.25
	- supplementaries 1.20-3.1.43
	- suppsquared 1.20-1.1.29
	- tconstruct 1.20.1-3.6.4.305
	   |-- com_google_code_findbugs_jsr305 3.0.2
	   |-- dripstone_fluid_lib 3.0.1
	   |-- mantle 1.20.1-1.9.291
	   |    |-- cardinal-components-base 5.2.3
	   |    |-- cardinal-components-entity 5.2.3
	   |    |-- com_google_code_findbugs_jsr305 3.0.2
	   |    \-- star 1.5.2+1.20.1
	   |-- milk 1.2.58
	   |-- porting_lib_accessors 2.3.14+1.20.1
	   |-- porting_lib_attributes 2.3.14+1.20.1
	   |    \-- reach-entity-attributes 2.4.0
	   |-- porting_lib_base 2.3.14+1.20.1
	   |    |-- porting_lib_gui_utils 2.3.14+1.20.1
	   |    |-- porting_lib_mixin_extensions 2.3.14+1.20.1
	   |    \-- reach-entity-attributes 2.4.0
	   |-- porting_lib_brewing 2.3.14+1.20.1
	   |-- porting_lib_client_events 2.3.14+1.20.1
	   |-- porting_lib_common 2.3.14+1.20.1
	   |-- porting_lib_config 2.3.14+1.20.1
	   |-- porting_lib_core 2.3.14+1.20.1
	   |-- porting_lib_data 2.3.14+1.20.1
	   |-- porting_lib_entity 2.3.14+1.20.1
	   |    \-- porting_lib_mixin_extensions 2.3.14+1.20.1
	   |-- porting_lib_extensions 2.3.14+1.20.1
	   |    \-- reach-entity-attributes 2.4.0
	   |-- porting_lib_fluids 2.3.14+1.20.1
	   |-- porting_lib_items 2.3.14+1.20.1
	   |-- porting_lib_lazy_registration 2.3.14+1.20.1
	   |-- porting_lib_loot 2.3.14+1.20.1
	   |-- porting_lib_model_loader 2.3.14+1.20.1
	   |-- porting_lib_models 2.3.14+1.20.1
	   |-- porting_lib_networking 2.3.14+1.20.1
	   |-- porting_lib_tool_actions 2.3.14+1.20.1
	   |-- porting_lib_transfer 2.3.14+1.20.1
	   \-- porting_lib_utility 2.3.14+1.20.1
	- tectonic 3.0.17
	- terrablender 3.0.1.10
	- tooltipfix 1.1.1-1.20
	- travelersbackpack 9.1.53
	   \-- reach-entity-attributes 2.4.0
	- trinkets 3.7.2
	- twigs 3.1.0
	- unilib 1.2.1
	- universal-graves 3.0.3+1.20.1
	   |-- common-protection-api 1.0.0
	   |-- fabric-permissions-api-v0 0.2-SNAPSHOT
	   |-- placeholder-api 2.1.3+1.20.1
	   |-- polymer-core 0.5.19+1.20.1
	   |    |-- polymer-networking 0.5.19+1.20.1
	   |    |    \-- polymer-common 0.5.19+1.20.1
	   |    |         \-- packet_tweaker 0.4.0+1.19.4
	   |    \-- polymer-registry-sync-manipulator 0.5.19+1.20.1
	   |-- polymer-resource-pack 0.5.19+1.20.1
	   |    \-- polymer-common 0.5.19+1.20.1
	   |         \-- packet_tweaker 0.4.0+1.19.4
	   |-- polymer-virtual-entity 0.5.19+1.20.1
	   |    \-- polymer-common 0.5.19+1.20.1
	   |         \-- packet_tweaker 0.4.0+1.19.4
	   |-- predicate-api 0.2.1+1.20.1
	   |-- server_translations_api 2.0.0+1.20
	   |    \-- packet_tweaker 0.4.0+1.19.4
	   \-- sgui 1.2.2+1.20
	- vanillabackport 1.1.7.6
	- villager-pickup 1.1.2
	- villagespawnpoint 4.6
	- vinery 1.4.41
	- visuality 0.7.1+1.20
	- visualworkbench 8.0.1
	- waystones 14.1.20
	- weaponleveling 3.0.1
	- weaponlevelingtransfer 1.0.3
	- wildernature 1.0.6
	- wits 1.1.0+1.20.1-fabric
	- xaerominimap 25.3.12
	   \-- xaerolib 1.1.15
	- xaeroworldmap 1.40.16
	   \-- xaerolib 1.1.15
	- yaf 1.0pre3
	- yet_another_config_lib_v3 3.6.6+1.20.1-fabric
	   |-- com_twelvemonkeys_common_common-image 3.12.0
	   |-- com_twelvemonkeys_common_common-io 3.12.0
	   |-- com_twelvemonkeys_common_common-lang 3.12.0
	   |-- com_twelvemonkeys_imageio_imageio-core 3.12.0
	   |-- com_twelvemonkeys_imageio_imageio-metadata 3.12.0
	   |-- com_twelvemonkeys_imageio_imageio-webp 3.12.0
	   |-- org_quiltmc_parsers_gson 0.2.1
	   \-- org_quiltmc_parsers_json 0.2.1
	- yosbr 0.1.2
	- yungsapi 1.20-Fabric-4.0.6
	   \-- org_javassist_javassist 3.29.2-GA
	- yungsbridges 1.20-Fabric-4.0.3
	- yungscavebiomes 1.20.1-Fabric-2.0.5
	- zfastnoise 1.0.11+1.20
	- zoomify 2.15.2+1.20.1
	   \-- com_akuleshov7_ktoml-core-jvm 0.7.1
[17:07:55] [main/WARN]: Stream injection failed; legacy loggers may retain blocking behavior.
[17:07:55] [main/INFO]: Launching CrashAssistantApp (CrashAssistant-fabric-1.19-1.20.1-1.11.9.jar)
[17:07:56] [main/INFO]: Applying default options... (YOSBR)
[17:07:57] [CrashAssistantApp process logger/INFO]: CrashAssistantApp process successfully started.
[17:07:57] [main/INFO]: SpongePowered MIXIN Subsystem Version=0.8.7 Source=file:/C:/Users/Surface/AppData/Roaming/ElyPrismLauncher/libraries/net/fabricmc/sponge-mixin/0.17.2+mixin.0.8.7/sponge-mixin-0.17.2+mixin.0.8.7.jar Service=Knot/Fabric Env=CLIENT
[17:07:57] [main/INFO]: Compatibility level set to JAVA_17
[17:07:58] [main/INFO]: [BiomeReplacer] TerraBlender detected, biome replacements will be injected into it
[17:07:58] [main/INFO]: Initializing com.ishland.c2me.base.mixin
[17:07:59] [main/INFO]: Initializing com.ishland.c2me.client.uncapvd.mixin
[17:07:59] [main/INFO]: Initializing com.ishland.c2me.fixes.chunkio.threading_issues.mixin
[17:07:59] [main/INFO]: Initializing com.ishland.c2me.fixes.general.threading_issues.mixin
[17:07:59] [main/INFO]: Initializing com.ishland.c2me.fixes.worldgen.threading_issues.mixin
[17:07:59] [main/INFO]: Initializing com.ishland.c2me.fixes.worldgen.vanilla_bugs.mixin
[17:07:59] [main/INFO]: Initializing com.ishland.c2me.notickvd.mixin
[17:07:59] [main/INFO]: Initializing com.ishland.c2me.opts.allocs.mixin
[17:07:59] [main/INFO]: Initializing com.ishland.c2me.opts.chunk_access.mixin
[17:07:59] [main/INFO]: Initializing com.ishland.c2me.opts.chunkio.mixin
[17:07:59] [main/INFO]: Initializing com.ishland.c2me.opts.math.mixin
[17:07:59] [main/INFO]: Initializing com.ishland.c2me.opts.scheduling.mixin
[17:07:59] [main/INFO]: Initializing com.ishland.c2me.opts.worldgen.general.mixin
[17:07:59] [main/INFO]: Initializing com.ishland.c2me.opts.worldgen.vanilla.mixin
[17:07:59] [main/INFO]: Initializing com.ishland.c2me.rewrites.chunk_serializer.mixin
[17:07:59] [main/INFO]: Disabling config ioSystem.gcFreeChunkSerializer: Incompatible with architectury@9.2.14 (*) (defined in c2me)
[17:07:59] [main/INFO]: Disabling com.ishland.c2me.rewrites.chunk_serializer.mixin
[17:07:59] [main/INFO]: Initializing com.ishland.c2me.rewrites.chunkio.mixin
[17:07:59] [main/INFO]: Disabling com.ishland.c2me.rewrites.chunkio.mixin
[17:07:59] [main/INFO]: Initializing com.ishland.c2me.server.utils.mixin
[17:07:59] [main/INFO]: Initializing com.ishland.c2me.threading.chunkio.mixin
[17:07:59] [main/INFO]: Initializing com.ishland.c2me.threading.lighting.mixin
[17:07:59] [main/INFO]: Initializing com.ishland.c2me.threading.worldgen.mixin
[17:07:59] [main/INFO]: Disabling com.ishland.c2me.threading.worldgen.mixin
[17:07:59] [main/INFO]: Preloading Debugify
[17:07:59] [main/WARN]: Reference map 'experienced_crops-fabric-refmap.json' for experienced_crops.mixins.json could not be read. If this is a development environment you can ignore this message
[17:07:59] [main/WARN]: Reference map 'extensibleenums.common.refmap.json' for extensibleenums.common.mixins.json could not be read. If this is a development environment you can ignore this message
[17:07:59] [main/WARN]: Reference map 'hoppergadgetry.fabric.refmap.json' for hoppergadgetry.fabric.mixins.json could not be read. If this is a development environment you can ignore this message
[17:07:59] [main/INFO]: Loaded configuration file for Lithium: 131 options available, 4 override(s) found
[17:07:59] [main/WARN]: Reference map 'memoryleakfix-fabric-1.17+-fabric-refmap.json' for memoryleakfix-fabric.mixins.json could not be read. If this is a development environment you can ignore this message
[17:07:59] [main/INFO]: Loaded configuration file for ModernFix 5.25.2+mc1.20.1: 71 options available, 4 override(s) found
[17:07:59] [main/WARN]: Option 'mixin.bugfix.paper_chunk_patches' overriden (by mods [c2me]) to 'false'
[17:07:59] [main/WARN]: Option 'mixin.perf.dynamic_resources' overriden (by user configuration) to 'true'
[17:07:59] [main/WARN]: Option 'mixin.perf.cache_strongholds' overriden (by mods [c2me]) to 'false'
[17:07:59] [main/WARN]: Option 'mixin.bugfix.chunk_deadlock' overriden (by mods [c2me]) to 'false'
[17:07:59] [main/INFO]: Applying Nashorn fix
[17:07:59] [main/INFO]: Configuring Minecraft's max.bg.threads option with 5 threads
[17:07:59] [main/WARN]: Reference map 'mysticsbiomes.refmap.json' for mysticsbiomes.mixins.json could not be read. If this is a development environment you can ignore this message
[17:07:59] [main/WARN]: Reference map 'nethervinery-common-refmap.json' for nethervinery-common.mixins.json could not be read. If this is a development environment you can ignore this message
[17:07:59] [main/WARN]: Reference map 'puzzlesaccessapi.common.refmap.json' for puzzlesaccessapi.common.mixins.json could not be read. If this is a development environment you can ignore this message
[17:07:59] [main/WARN]: Reference map 'puzzlesaccessapi.fabric.refmap.json' for puzzlesaccessapi.fabric.mixins.json could not be read. If this is a development environment you can ignore this message
[17:07:59] [main/INFO]: Loaded configuration file for Sodium: 42 options available, 3 override(s) found
[17:07:59] [main/INFO]: Loaded configuration file for Sodium Extra: 35 options available, 0 override(s) found
[17:07:59] [main/WARN]: Reference map 'structure_layout_optimizer.refmap.json' for structure_layout_optimizer.mixins.json could not be read. If this is a development environment you can ignore this message
[17:07:59] [main/WARN]: Reference map 'villager-pickup-refmap.json' for villager-pickup.mixins.json could not be read. If this is a development environment you can ignore this message
[17:07:59] [main/WARN]: Reference map 'wildernature.fabric.mixins.refmap.json' for wildernature.fabric.mixins.json could not be read. If this is a development environment you can ignore this message
[17:07:59] [main/WARN]: Reference map 'wits-common-refmap.json' for wits-common.mixins.json could not be read. If this is a development environment you can ignore this message
[17:08:00] [main/WARN]: Error loading class: io/vram/frex/base/renderer/context/render/EntityBlockRenderContext (java.lang.ClassNotFoundException: io/vram/frex/base/renderer/context/render/EntityBlockRenderContext)
[17:08:00] [main/WARN]: @Mixin target io.vram.frex.base.renderer.context.render.EntityBlockRenderContext was not found porting_lib_base.mixins.json:client.frex.EntityBlockRenderContextMixin from mod porting_lib_base
[17:08:01] [main/WARN]: Error loading class: net/caffeinemc/sodium/config/user/UserConfigCategories (java.lang.ClassNotFoundException: net/caffeinemc/sodium/config/user/UserConfigCategories)
[17:08:01] [main/WARN]: Force disabled MC-121772 because it only applies to OS: MAC
[17:08:01] [main/WARN]: Force disabled MC-122477 because it only applies to OS: LINUX
[17:08:01] [main/WARN]: Force disabled MC-59810 because it only applies to OS: MAC
[17:08:02] [main/WARN]: Force-disabling mixin 'alloc.blockstate.StateMixin' as rule 'mixin.alloc.blockstate' (added by mods [ferritecore]) disables it and children
[17:08:02] [main/WARN]: Force-disabling mixin 'block.hopper.AbstractMinecartEntityMixin' as rule 'mixin.block.hopper' (added by mods [cooldown-coordinator, hoppergadgetry]) disables it and children
[17:08:02] [main/WARN]: Force-disabling mixin 'block.hopper.ChestBoatEntityMixin' as rule 'mixin.block.hopper' (added by mods [cooldown-coordinator, hoppergadgetry]) disables it and children
[17:08:02] [main/WARN]: Force-disabling mixin 'block.hopper.ComposterMixin$ComposterBlockComposterInventoryMixin' as rule 'mixin.block.hopper' (added by mods [cooldown-coordinator, hoppergadgetry]) disables it and children
[17:08:02] [main/WARN]: Force-disabling mixin 'block.hopper.ComposterMixin$ComposterBlockDummyInventoryMixin' as rule 'mixin.block.hopper' (added by mods [cooldown-coordinator, hoppergadgetry]) disables it and children
[17:08:02] [main/WARN]: Force-disabling mixin 'block.hopper.ComposterMixin$ComposterBlockFullComposterInventoryMixin' as rule 'mixin.block.hopper' (added by mods [cooldown-coordinator, hoppergadgetry]) disables it and children
[17:08:02] [main/WARN]: Force-disabling mixin 'block.hopper.DefaultedListAccessor' as rule 'mixin.block.hopper' (added by mods [cooldown-coordinator, hoppergadgetry]) disables it and children
[17:08:02] [main/WARN]: Force-disabling mixin 'block.hopper.DoubleInventoryAccessor' as rule 'mixin.block.hopper' (added by mods [cooldown-coordinator, hoppergadgetry]) disables it and children
[17:08:02] [main/WARN]: Force-disabling mixin 'block.hopper.EntityAccessor' as rule 'mixin.block.hopper' (added by mods [cooldown-coordinator, hoppergadgetry]) disables it and children
[17:08:02] [main/WARN]: Force-disabling mixin 'block.hopper.EntityDataObjectMixin' as rule 'mixin.block.hopper' (added by mods [cooldown-coordinator, hoppergadgetry]) disables it and children
[17:08:02] [main/WARN]: Force-disabling mixin 'block.hopper.EntityTrackingSectionAccessor' as rule 'mixin.block.hopper' (added by mods [cooldown-coordinator, hoppergadgetry]) disables it and children
[17:08:02] [main/WARN]: Force-disabling mixin 'block.hopper.HopperBlockEntityMixin' as rule 'mixin.block.hopper' (added by mods [cooldown-coordinator, hoppergadgetry]) disables it and children
[17:08:02] [main/WARN]: Force-disabling mixin 'block.hopper.HopperBlockMixin' as rule 'mixin.block.hopper' (added by mods [cooldown-coordinator, hoppergadgetry]) disables it and children
[17:08:02] [main/WARN]: Force-disabling mixin 'block.hopper.InventoryAccessors$InventoryAccessorAbstractFurnaceBlockEntity' as rule 'mixin.block.hopper' (added by mods [cooldown-coordinator, hoppergadgetry]) disables it and children
[17:08:02] [main/WARN]: Force-disabling mixin 'block.hopper.InventoryAccessors$InventoryAccessorBarrelBlockEntity' as rule 'mixin.block.hopper' (added by mods [cooldown-coordinator, hoppergadgetry]) disables it and children
[17:08:02] [main/WARN]: Force-disabling mixin 'block.hopper.InventoryAccessors$InventoryAccessorBrewingStandBlockEntity' as rule 'mixin.block.hopper' (added by mods [cooldown-coordinator, hoppergadgetry]) disables it and children
[17:08:02] [main/WARN]: Force-disabling mixin 'block.hopper.InventoryAccessors$InventoryAccessorChestBlockEntity' as rule 'mixin.block.hopper' (added by mods [cooldown-coordinator, hoppergadgetry]) disables it and children
[17:08:02] [main/WARN]: Force-disabling mixin 'block.hopper.InventoryAccessors$InventoryAccessorDispenserBlockEntity' as rule 'mixin.block.hopper' (added by mods [cooldown-coordinator, hoppergadgetry]) disables it and children
[17:08:02] [main/WARN]: Force-disabling mixin 'block.hopper.InventoryAccessors$InventoryAccessorHopperBlockEntity' as rule 'mixin.block.hopper' (added by mods [cooldown-coordinator, hoppergadgetry]) disables it and children
[17:08:02] [main/WARN]: Force-disabling mixin 'block.hopper.InventoryAccessors$InventoryAccessorShulkerBoxBlockEntity' as rule 'mixin.block.hopper' (added by mods [cooldown-coordinator, hoppergadgetry]) disables it and children
[17:08:02] [main/WARN]: Force-disabling mixin 'block.hopper.InventoryAccessors$InventoryAccessorStorageMinecartEntity' as rule 'mixin.block.hopper' (added by mods [cooldown-coordinator, hoppergadgetry]) disables it and children
[17:08:02] [main/WARN]: Force-disabling mixin 'block.hopper.InventoryMixin' as rule 'mixin.block.hopper' (added by mods [cooldown-coordinator, hoppergadgetry]) disables it and children
[17:08:02] [main/WARN]: Force-disabling mixin 'block.hopper.ItemStackMixin' as rule 'mixin.block.hopper' (added by mods [cooldown-coordinator, hoppergadgetry]) disables it and children
[17:08:02] [main/WARN]: Force-disabling mixin 'block.hopper.ScreenHandlerMixin' as rule 'mixin.block.hopper' (added by mods [cooldown-coordinator, hoppergadgetry]) disables it and children
[17:08:02] [main/WARN]: Force-disabling mixin 'block.hopper.TypeFilterableListMixin' as rule 'mixin.block.hopper' (added by mods [cooldown-coordinator, hoppergadgetry]) disables it and children
[17:08:02] [main/WARN]: Force-disabling mixin 'block.hopper.WorldMixin' as rule 'mixin.block.hopper' (added by mods [cooldown-coordinator, hoppergadgetry]) disables it and children
[17:08:02] [main/WARN]: Force-disabling mixin 'block.hopper.worldedit_compat.WorldChunkMixin' as rule 'mixin.block.hopper' (added by mods [cooldown-coordinator, hoppergadgetry]) disables it and children
[17:08:02] [main/WARN]: Force-disabling mixin 'block.moving_block_shapes.PistonBlockEntityMixin' as rule 'mixin.block.moving_block_shapes' (added by mods [supplementaries]) disables it and children
[17:08:02] [main/WARN]: Force-disabling mixin 'block.moving_block_shapes.VoxelShapeMixin' as rule 'mixin.block.moving_block_shapes' (added by mods [supplementaries]) disables it and children
[17:08:02] [main/WARN]: Force-disabling mixin 'world.player_chunk_tick.ThreadedAnvilChunkStorageMixin' as rule 'mixin.world.player_chunk_tick' (added by mods [c2me]) disables it and children
[17:08:02] [main/WARN]: Error loading class: net/fabricmc/fabric/impl/client/model/ModelLoadingRegistryImpl$LoaderInstance (java.lang.ClassNotFoundException: net/fabricmc/fabric/impl/client/model/ModelLoadingRegistryImpl$LoaderInstance)
[17:08:02] [main/WARN]: @Mixin target net.fabricmc.fabric.impl.client.model.ModelLoadingRegistryImpl$LoaderInstance was not found modernfix-fabric.mixins.json:perf.dynamic_resources.LoaderInstanceMixin from mod modernfix
[17:08:03] [main/WARN]: Error loading class: fr/catcore/server/translations/api/resource/language/SystemDelegatedLanguage (java.lang.ClassNotFoundException: fr/catcore/server/translations/api/resource/language/SystemDelegatedLanguage)
[17:08:03] [main/WARN]: Force-disabling mixin 'features.render.entity.CuboidMixin' as rule 'mixin.features.render.entity' (added by mods [iris]) disables it and children
[17:08:03] [main/WARN]: Force-disabling mixin 'features.render.entity.ModelPartMixin' as rule 'mixin.features.render.entity' (added by mods [iris]) disables it and children
[17:08:03] [main/WARN]: Force-disabling mixin 'features.render.entity.cull.EntityRendererMixin' as rule 'mixin.features.render.entity' (added by mods [iris]) disables it and children
[17:08:03] [main/WARN]: Force-disabling mixin 'features.render.entity.shadows.EntityRenderDispatcherMixin' as rule 'mixin.features.render.entity' (added by mods [iris]) disables it and children
[17:08:03] [main/WARN]: Force-disabling mixin 'features.render.gui.font.GlyphRendererMixin' as rule 'mixin.features.render.gui.font' (added by mods [iris]) disables it and children
[17:08:03] [main/WARN]: Force-disabling mixin 'features.render.world.sky.BackgroundRendererMixin' as rule 'mixin.features.render.world.sky' (added by mods [iris]) disables it and children
[17:08:03] [main/WARN]: Force-disabling mixin 'features.render.world.sky.ClientWorldMixin' as rule 'mixin.features.render.world.sky' (added by mods [iris]) disables it and children
[17:08:03] [main/WARN]: Force-disabling mixin 'features.render.world.sky.WorldRendererMixin' as rule 'mixin.features.render.world.sky' (added by mods [iris]) disables it and children
[17:08:03] [main/WARN]: Error loading class: dev/emi/emi/screen/EmiScreenManager (java.lang.ClassNotFoundException: dev/emi/emi/screen/EmiScreenManager)
[17:08:03] [main/WARN]: Error loading class: net/strobel/inventive_inventory/features/sorting/SortingHandler (java.lang.ClassNotFoundException: net/strobel/inventive_inventory/features/sorting/SortingHandler)
[17:08:03] [main/WARN]: Error loading class: de/rubixdev/inventorio/player/InventorioScreenHandler (java.lang.ClassNotFoundException: de/rubixdev/inventorio/player/InventorioScreenHandler)
[17:08:03] [main/WARN]: Error loading class: net/blay09/mods/trashslot/client/deletion/DefaultDeletionProvider (java.lang.ClassNotFoundException: net/blay09/mods/trashslot/client/deletion/DefaultDeletionProvider)
[17:08:03] [main/WARN]: Error loading class: io/vram/frex/api/model/fluid/SimpleFluidModel (java.lang.ClassNotFoundException: io/vram/frex/api/model/fluid/SimpleFluidModel)
[17:08:03] [main/WARN]: Error loading class: com/simibubi/create/content/kinetics/base/BlockBreakingKineticBlockEntity (java.lang.ClassNotFoundException: com/simibubi/create/content/kinetics/base/BlockBreakingKineticBlockEntity)
[17:08:03] [main/WARN]: Error loading class: net/mehvahdjukaar/stone_zone/api/set/stone/StoneType (java.lang.ClassNotFoundException: net/mehvahdjukaar/stone_zone/api/set/stone/StoneType)
[17:08:03] [main/WARN]: Error loading class: jeresources/api/util/BiomeHelper (java.lang.ClassNotFoundException: jeresources/api/util/BiomeHelper)
[17:08:03] [main/INFO]: [MemoryLeakFix] Will be applying 3 memory leak fixes!
[17:08:03] [main/INFO]: [MemoryLeakFix] Currently enabled memory leak fixes: [targetEntityLeak, biomeTemperatureLeak, hugeScreenshotLeak]
[17:08:04] [main/INFO]: I used the json to destroy the json
[17:08:04] [main/INFO]: Initializing MixinExtras via com.llamalad7.mixinextras.service.MixinExtrasServiceImpl(version=0.5.4).
[17:08:04] [main/INFO]: Searching for graphics cards...
[17:08:04] [main/INFO]: Found graphics adapter: AdapterInfo{vendor=INTEL, description='Intel(R) Iris(R) Plus Graphics', adapterType=0x0000232B, openglIcdFilePath='C:\WINDOWS\System32\DriverStore\FileRepository\iigd_dch.inf_amd64_c7d8ede2ab197971\ig11icd64.dll', openglIcdVersion=31.0.101.2125}
[17:08:06] [main/INFO]: Mixing client.MixinMinecraft from mixins/common/nochatreports.mixins.json into net.minecraft.class_310
[17:08:06] [main/INFO]: Mixing client.MixinMinecraft from mixins/fabric/nochatreports-fabric.mixins.json into net.minecraft.class_310
[17:08:07] [main/INFO]: Mixing client.MixinTitleScreen from mixins/common/nochatreports.mixins.json into net.minecraft.class_442
[17:08:07] [main/WARN]: Method overwrite conflict for getEntityManager in spark.mixins.json:ClientWorldAccessor from mod spark, previously written by me.jellysquid.mods.lithium.mixin.chunk.entity_class_groups.ClientWorldMixin. Skipping method.
[17:08:07] [main/INFO]: Mixing client.MixinChatScreen from mixins/common/nochatreports.mixins.json into net.minecraft.class_408
[17:08:07] [main/INFO]: Renaming synthetic method lambda$onInit$4()Lnet/minecraft/class_2561; to md64e409$nochatreports$lambda$onInit$4$1 in mixins/common/nochatreports.mixins.json:client.MixinChatScreen from mod nochatreports
[17:08:07] [main/INFO]: Renaming synthetic method lambda$onInit$3(Lnet/minecraft/class_4185;)V to md64e409$nochatreports$lambda$onInit$3$2 in mixins/common/nochatreports.mixins.json:client.MixinChatScreen from mod nochatreports
[17:08:07] [main/INFO]: Renaming synthetic method lambda$onInit$2()Lnet/minecraft/class_2561; to md64e409$nochatreports$lambda$onInit$2$3 in mixins/common/nochatreports.mixins.json:client.MixinChatScreen from mod nochatreports
[17:08:07] [main/INFO]: Renaming synthetic method lambda$onInit$1(Lnet/minecraft/class_4185;)V to md64e409$nochatreports$lambda$onInit$1$4 in mixins/common/nochatreports.mixins.json:client.MixinChatScreen from mod nochatreports
[17:08:07] [main/INFO]: Renaming synthetic method lambda$onBeforeMessage$0(Ljava/lang/String;Lorg/spongepowered/asm/mixin/injection/callback/CallbackInfoReturnable;Lcom/aizistral/nochatreports/common/encryption/Encryptor;)V to md64e409$nochatreports$lambda$onBeforeMessage$0$5 in mixins/common/nochatreports.mixins.json:client.MixinChatScreen from mod nochatreports
[17:08:07] [main/WARN]: @Inject(@At("INVOKE")) Shift.BY=2 on travelersbackpack.mixins.json:AbstractContainerScreenMixin from mod travelersbackpack::handler$kld000$travelersbackpack$mouseClicked exceeds the maximum allowed value: 0. Increase the value of maxShiftBy to suppress this warning.
[17:08:07] [main/INFO]: Mixing common.MixinFriendlyByteBuf from mixins/common/nochatreports.mixins.json into net.minecraft.class_2540
[17:08:07] [main/INFO]: Renaming synthetic method lambda$onWriteJsonWithCodec$1(Ljava/lang/Object;Ljava/lang/String;)Lio/netty/handler/codec/EncoderException; to md64e409$nochatreports$lambda$onWriteJsonWithCodec$1$0 in mixins/common/nochatreports.mixins.json:common.MixinFriendlyByteBuf from mod nochatreports
[17:08:07] [main/INFO]: Renaming synthetic method lambda$onReadJsonWithCodec$0(Ljava/lang/String;)Lio/netty/handler/codec/DecoderException; to md64e409$nochatreports$lambda$onReadJsonWithCodec$0$1 in mixins/common/nochatreports.mixins.json:common.MixinFriendlyByteBuf from mod nochatreports
[17:08:09] [main/INFO]: Injecting BlockStateBase cache population hook into getNeighborPathNodeType from me.jellysquid.mods.lithium.mixin.ai.pathing.AbstractBlockStateMixin
[17:08:09] [main/INFO]: Injecting BlockStateBase cache population hook into getPathNodeType from me.jellysquid.mods.lithium.mixin.ai.pathing.AbstractBlockStateMixin
[17:08:09] [main/INFO]: Injecting BlockStateBase cache population hook into getAllFlags from me.jellysquid.mods.lithium.mixin.util.block_tracking.AbstractBlockStateMixin
[17:08:10] [main/WARN]: @Final field field_8102:Lnet/minecraft/class_1792; in bows.fabric.mixins.json:ItemRegistryMixin from mod bows should be final
[17:08:10] [main/WARN]: @Final field field_8399:Lnet/minecraft/class_1792; in bows.fabric.mixins.json:ItemRegistryMixin from mod bows should be final
[17:08:12] [main/INFO]: Mixing server.MixinServerGamePacketListenerImpl from mixins/common/nochatreports.mixins.json into net.minecraft.class_3244
[17:08:12] [main/WARN]: @Final field field_7548:Lnet/minecraft/class_2371; in weaponleveling-common.mixins.json:InventoryMixin from mod weaponleveling should be final
[17:08:14] [main/WARN]: Static binding violation: PRIVATE @Overwrite method method_21740 in modernfix-common.mixins.json:perf.remove_biome_temperature_cache.BiomeMixin from mod modernfix cannot reduce visibiliy of PUBLIC target method, visibility will be upgraded.
[17:08:14] [main/WARN]: Method overwrite conflict for method_21740 in modernfix-common.mixins.json:perf.remove_biome_temperature_cache.BiomeMixin from mod modernfix, previously written by me.jellysquid.mods.lithium.mixin.world.temperature_cache.BiomeMixin. Skipping method.
[17:08:14] [main/INFO]: Vanilla bootstrap took 6953 milliseconds
[17:08:14] [main/ERROR]: Entity faunify:weasel has no attributes
[17:08:14] [main/ERROR]: Entity faunify:fennec has no attributes
[17:08:14] [main/ERROR]: Entity faunify:chinchilla has no attributes
[17:08:14] [main/ERROR]: Entity faunify:hedgehog has no attributes
[17:08:14] [main/ERROR]: Entity faunify:ringtailcat has no attributes
[17:08:14] [main/ERROR]: Entity faunify:opossum has no attributes
[17:08:14] [main/ERROR]: Entity faunify:mouse has no attributes
[17:08:14] [main/ERROR]: Entity faunify:silkmoth has no attributes
[17:08:14] [main/ERROR]: Entity faunify:silkworm has no attributes
[17:08:14] [main/ERROR]: Entity faunify:beetle has no attributes
[17:08:14] [main/ERROR]: Entity faunify:ladybug has no attributes
[17:08:14] [main/ERROR]: Entity faunify:weevil has no attributes
[17:08:14] [main/ERROR]: Entity faunify:beefly has no attributes
[17:08:14] [main/ERROR]: Entity faunify:mantis has no attributes
[17:08:14] [main/ERROR]: Entity faunify:dragonfly has no attributes
[17:08:14] [main/ERROR]: Entity faunify:lacewing has no attributes
[17:08:14] [main/ERROR]: Entity faunify:stickbug has no attributes
[17:08:14] [main/ERROR]: Entity faunify:leafinsect has no attributes
[17:08:14] [main/ERROR]: Entity faunify:grasshopper has no attributes
[17:08:14] [main/ERROR]: Entity faunify:millipede_head has no attributes
[17:08:14] [main/ERROR]: Entity faunify:rolypoly has no attributes
[17:08:14] [main/ERROR]: Entity faunify:leafsheep has no attributes
[17:08:14] [Render thread/INFO]: Environment: authHost='https://authserver.ely.by/auth', accountsHost='https://account.ely.by/api/mojang', sessionHost='https://account.ely.by/api/authlib-injector/sessionserver', servicesHost='https://account.ely.by/api/mojang/services', name='ELY'
[17:08:14] [Render thread/INFO]: Mixing client.MixinYggdrasilUserApiService from mixins/common/nochatreports.mixins.json into com.mojang.authlib.yggdrasil.YggdrasilUserApiService
[17:08:14] [Render thread/INFO]: Setting user: MashiroLiliac
[17:08:15] [Render thread/INFO]: Bypassed Mojang DFU
[17:08:15] [Render thread/INFO]: Mixing client.MixinToastComponent from mixins/common/nochatreports.mixins.json into net.minecraft.class_374
[17:08:15] [Render thread/INFO]: Mixing client.MixinClientPacketListener from mixins/common/nochatreports.mixins.json into net.minecraft.class_634
[17:08:16] [Render thread/INFO]: Loaded config amendments-common.json
[17:08:16] [Render thread/INFO]: Loaded config amendments-client.json
[17:08:16] [Render thread/INFO]: Loaded config moonlight-client.json
[17:08:17] [Render thread/WARN]: Method overwrite conflict for getPools in porting_lib_tool_actions.mixins.json:BuilderAccessor from mod porting_lib_tool_actions, previously written by com.blackgear.platform.core.mixin.fabric.LootTableBuilderMixin. Skipping method.
[17:08:17] [Render thread/INFO]: Registering C2S receiver with id bakery:set_sign_text
[17:08:18] [Render thread/INFO]: Reflections took 123 ms to scan 1 urls, producing 1 keys and 2 values
[17:08:18] [Render thread/INFO]: Reflections took 3 ms to scan 1 urls, producing 1 keys and 2 values
[17:08:18] [Render thread/INFO]: Reflections took 4 ms to scan 1 urls, producing 1 keys and 3 values
[17:08:18] [Render thread/INFO]: Reflections took 3 ms to scan 1 urls, producing 1 keys and 3 values
[17:08:18] [Render thread/INFO]: Reflections took 1 ms to scan 1 urls, producing 1 keys and 2 values
[17:08:18] [Render thread/INFO]: Reflections took 2 ms to scan 1 urls, producing 1 keys and 2 values
[17:08:18] [Render thread/INFO]: Reflections took 2 ms to scan 1 urls, producing 1 keys and 1 values
[17:08:18] [Render thread/INFO]: Reflections took 1 ms to scan 1 urls, producing 1 keys and 1 values
[17:08:18] [Render thread/INFO]: Reflections took 1 ms to scan 1 urls, producing 1 keys and 3 values
[17:08:18] [Render thread/INFO]: Reflections took 1 ms to scan 1 urls, producing 1 keys and 3 values
[17:08:18] [Render thread/INFO]: Reflections took 3 ms to scan 1 urls, producing 1 keys and 2 values
[17:08:18] [Render thread/INFO]: Reflections took 1 ms to scan 1 urls, producing 1 keys and 2 values
[17:08:18] [Render thread/INFO]: Reflections took 1 ms to scan 1 urls, producing 1 keys and 1 values
[17:08:18] [Render thread/INFO]: Reflections took 2 ms to scan 1 urls, producing 1 keys and 1 values
[17:08:18] [Render thread/INFO]: Reflections took 3 ms to scan 1 urls, producing 1 keys and 2 values
[17:08:18] [Render thread/INFO]: Reflections took 1 ms to scan 1 urls, producing 1 keys and 2 values
[17:08:19] [Render thread/INFO]: Constructing common components for blockrunner:main
[17:08:19] [Render thread/INFO]: Loading client config for blockrunner
[17:08:19] [Render thread/INFO]: Common init
[17:08:19] [Render thread/INFO]: Added some extra bows
[17:08:20] [Render thread/INFO]: Registering C2S receiver with id brewery:alcohol_sync_request
[17:08:20] [Render thread/INFO]: Registering C2S receiver with id brewery:drink_alcohol
[17:08:20] [Render thread/INFO]: Registering C2S receiver with id brewery:set_sign_text
[17:08:20] [Render thread/INFO]: Loading Collective version 8.22.
[17:08:20] [Render thread/INFO]: Cooldown Coordinator library loaded.
[17:08:20] [Render thread/INFO]: Registering Item Groups for cratedelight
[17:08:20] [Render thread/INFO]: Registering mod blocks for cratedelight
[17:08:20] [Render thread/INFO]: Saving config because the loaded bug fixes are different to stored json.
[17:08:20] [Render thread/INFO]: Saving Debugify
[17:08:20] [Render thread/INFO]: Enabled 11 bug fixes: [MC-577, MC-59810, MC-89146, MC-90683, MC-112730, MC-121772, MC-122477, MC-140646, MC-199467, MC-237493, MC-263865]
[17:08:20] [Render thread/INFO]: Successfully Debugify'd your game!
[17:08:20] [Render thread/INFO]: Loaded config dummmmmmy-common.json
[17:08:20] [Render thread/WARN]: Lithium detected. MmmMmmMmmMmm scarecrow mode might not work well due to a lithium bug (the mod doesnt have a way to add goals to new entities)
[17:08:20] [Cicada thread 0/INFO]: [Library Quote of the Day] 'codec good'
[17:08:21] [Render thread/INFO]: Registering Mod Items for earth-and-water
[17:08:21] [Render thread/INFO]: Registering Mod Blocks for earth-and-water
[17:08:21] [Render thread/INFO]: Registering Mod Effects for earth-and-water
[17:08:21] [Render thread/INFO]: Registering Mod Entities for earth-and-water
[17:08:21] [Render thread/INFO]: Registering Block Entities for earth-and-water
[17:08:21] [Render thread/INFO]: Registering Mod Sounds for earth-and-water
[17:08:21] [Render thread/INFO]: Registering Mod Features for earth-and-water
[17:08:21] [Render thread/INFO]: Registering structure types for earth-and-water
[17:08:21] [Render thread/INFO]: Registering structure piece types for earth-and-water
[17:08:21] [Render thread/INFO]: Earth and Water mod initialized!
[17:08:21] [Render thread/INFO]: Initializing Enchancementos - Enchancement Addon
[17:08:21] [Render thread/INFO]: Registering Enchantments for enchance
[17:08:21] [Render thread/INFO]: Registering Mod Items for enchance
[17:08:21] [Render thread/INFO]: Enchancementos initialized successfully!
[17:08:21] [Render thread/INFO]: Fadeless is running
[17:08:21] [Render thread/INFO]: Registering C2S receiver with id farm_and_charm:set_text
[17:08:21] [Render thread/INFO]: Registering S2C receiver with id farm_and_charm:sync_saturation
[17:08:22] [Render thread/INFO]: Initializing Faunify...
[17:08:22] [Render thread/INFO]: Faunify initialized successfully!
[17:08:23] [Render thread/INFO]: Constructing common components for hoppergadgetry:main
[17:08:24] [Render thread/INFO]: Initializing Hybrid Aquatic
[17:08:24] [Render thread/INFO]: Hybrid Aquatic loaded.
[17:08:24] [Render thread/INFO]: Loading Hybrid Aquatic config file
[17:08:24] [Render thread/INFO]: Constructing common components for illagerinvasion:main
[17:08:24] [Render thread/INFO]: Hello Fabric world!
[17:08:24] [Render thread/INFO]: You shall not Json my recipes !
[17:08:25] [Render thread/INFO]: Instantiating Mojang DFU
[17:08:25] [Render thread/INFO]: Definitely not up to no good
[17:08:26] [Datafixer Bootstrap/INFO]: 189 Datafixer optimizations took 204 milliseconds
[17:08:26] [Render thread/INFO]: Modern Industrialization setup done!
[17:08:26] [Render thread/INFO]: Loaded config moonlight-common.json
[17:08:26] [Render thread/INFO]: Giving mobs a fresh coat of paint...
[17:08:26] [Render thread/INFO]: mystic's biomes ~ registering biomes
[17:08:26] [Render thread/INFO]: mystic's biomes ~ registering blocks
[17:08:27] [Render thread/ERROR]: No data fixer registered for butterfly_nest
[17:08:27] [Render thread/ERROR]: No data fixer registered for chrysalis
[17:08:27] [Render thread/INFO]: mystic's biomes ~ registering block entities
[17:08:27] [Render thread/INFO]: mystic's biomes ~ registering entities
[17:08:27] [Render thread/INFO]: mystic's biomes ~ registering entity serializers
[17:08:27] [Render thread/INFO]: mystic's biomes ~ registering entity spawns
[17:08:27] [Render thread/INFO]: mystic's biomes ~ registering modified biome spawns
[17:08:27] [Render thread/INFO]: mystic's biomes ~ registering criterion triggers
[17:08:27] [Render thread/INFO]: mystic's biomes ~ registering features
[17:08:27] [Render thread/INFO]: mystic's biomes ~ registering configured features
[17:08:27] [Render thread/INFO]: mystic's biomes ~ registering placed features
[17:08:27] [Render thread/INFO]: mystic's biomes ~ registering items
[17:08:27] [Render thread/INFO]: mystic's biomes ~ registering loot tables
[17:08:27] [Render thread/INFO]: mystic's biomes ~ registering poi types
[17:08:27] [Render thread/INFO]: mystic's biomes ~ registering sounds
[17:08:27] [Render thread/INFO]: mystic's biomes ~ registering creative tabs
[17:08:27] [Render thread/INFO]: mystic's biomes ~ registering flammables
[17:08:27] [Render thread/INFO]: mystic's biomes ~ registering compostables
[17:08:27] [Render thread/INFO]: mystic's biomes ~ registering strippables
[17:08:27] [Render thread/INFO]: [Mythic Metals] Mythic Metals is now initialized.
[17:08:27] [Render thread/INFO]: KONNICHIWA ZA WARUDO!
[17:08:27] [Render thread/INFO]: Default JVM text encoding is: windows-1252
[17:08:28] [Render thread/INFO]: Reading config file NoChatReports/NCR-Common.json...
[17:08:28] [Render thread/INFO]: Reading config file NoChatReports/NCR-Client.json...
[17:08:28] [Render thread/INFO]: Reading config file NoChatReports/NCR-ServerPreferences.json...
[17:08:28] [Render thread/INFO]: Reading config file NoChatReports/NCR-Encryption.json...
[17:08:28] [Render thread/INFO]: Writing config file NoChatReports/NCR-Common.json...
[17:08:28] [Render thread/INFO]: Writing config file NoChatReports/NCR-Client.json...
[17:08:28] [Render thread/INFO]: Writing config file NoChatReports/NCR-ServerPreferences.json...
[17:08:28] [Render thread/INFO]: Writing config file NoChatReports/NCR-Encryption.json...
[17:08:28] [Render thread/INFO]: Client initialization...
[17:08:28] [Render thread/INFO]: We don't have to worry about people re-inventing Venezuela glisco, that's their problem for integrating the Bourgeoisie into their pack
[17:08:28] [Render thread/INFO]: Constructing common components for puzzleslib:main
[17:08:29] [Render thread/INFO]: Deserializing SnowUnderTreesConfig from 'C:\Users\Surface\AppData\Roaming\ElyPrismLauncher\instances\BiotechS\minecraft\config\snowundertrees.config.json'
[17:08:29] [Render thread/INFO]: Loaded service: net.seface.somemoreblocks.platform.FabricPlatformHelper@58e833a1
[17:08:29] [Render thread/INFO]: *****************************************************
[17:08:29] [Render thread/INFO]: *           Some More Blocks initialized!           *
[17:08:29] [Render thread/INFO]: *          https://sefacestudios.net/links          *
[17:08:29] [Render thread/INFO]: *****************************************************
[17:08:29] [Render thread/INFO]:   > Platform: Fabric
[17:08:29] [Render thread/INFO]:   > Environment: Production
[17:08:29] [Render thread/INFO]:   > Version: 1.20.1-1.0.7-bp
[17:08:29] [Render thread/INFO]: *****************************************************
[17:08:29] [Render thread/INFO]: Hello Fabric world!
[17:08:29] [Render thread/INFO]: Structure Control, Fabric Init
[17:08:29] [Render thread/INFO]: Structure Control, Platform: Fabric, Env: production
[17:08:29] [Render thread/INFO]: Loaded config supplementaries-common.json
[17:08:29] [Render thread/INFO]: Loaded config supplementaries-client.json
[17:08:30] [Render thread/INFO]: Loaded config suppsquared-common.json
[17:08:31] [Render thread/INFO]: Mixing server.MixinPlayerList from mixins/common/nochatreports.mixins.json into net.minecraft.class_3324
[17:08:31] [Render thread/ERROR]: Failed to list path /resourcepacks/tectonic/overlay.mod/assets
java.nio.file.NotDirectoryException: /resourcepacks/tectonic/overlay.mod/assets
	at jdk.nio.zipfs.ZipDirectoryStream.<init>(ZipDirectoryStream.java:58) ~[jdk.zipfs:?]
	at jdk.nio.zipfs.ZipPath.newDirectoryStream(ZipPath.java:755) ~[jdk.zipfs:?]
	at jdk.nio.zipfs.ZipFileSystemProvider.newDirectoryStream(ZipFileSystemProvider.java:245) ~[jdk.zipfs:?]
	at java.nio.file.Files.newDirectoryStream(Files.java:482) ~[?:?]
	at net.minecraft.class_3259.method_14406(class_3259.java:130) ~[client-intermediary.jar:?]
	at net.minecraft.class_3255.handler$bpo000$citresewn$brokenpaths$parseMetadata(class_3255.java:527) ~[client-intermediary.jar:?]
	at net.minecraft.class_3255.method_14407(class_3255.java:35) ~[client-intermediary.jar:?]
	at net.minecraft.class_3288.method_45274(class_3288.java:71) ~[client-intermediary.jar:?]
	at net.minecraft.class_3288.method_45275(class_3288.java:47) ~[client-intermediary.jar:?]
	at dev.worldgen.tectonic.TectonicFabric.addPack(TectonicFabric.java:65) ~[tectonic-3.0.17-fabric-1.20.1.jar:?]
	at dev.worldgen.tectonic.TectonicFabric.onInitialize(TectonicFabric.java:56) ~[tectonic-3.0.17-fabric-1.20.1.jar:?]
	at net.fabricmc.loader.impl.FabricLoaderImpl.invokeEntrypoints(FabricLoaderImpl.java:405) ~[fabric-loader-0.19.2.jar:?]
	at net.fabricmc.loader.impl.game.minecraft.Hooks.startClient(Hooks.java:52) ~[fabric-loader-0.19.2.jar:?]
	at net.minecraft.class_310.<init>(class_310.java:458) ~[client-intermediary.jar:?]
	at net.minecraft.client.main.Main.main(Main.java:211) ~[minecraft-1.20.1-client.jar:?]
	at net.fabricmc.loader.impl.game.minecraft.MinecraftGameProvider.launch(MinecraftGameProvider.java:514) ~[fabric-loader-0.19.2.jar:?]
	at net.fabricmc.loader.impl.launch.knot.Knot.launch(Knot.java:72) ~[fabric-loader-0.19.2.jar:?]
	at net.fabricmc.loader.impl.launch.knot.KnotClient.main(KnotClient.java:23) ~[fabric-loader-0.19.2.jar:?]
	at org.prismlauncher.launcher.impl.StandardLauncher.launch(StandardLauncher.java:115) ~[NewLaunch.jar:?]
	at org.prismlauncher.EntryPoint.listen(EntryPoint.java:129) ~[NewLaunch.jar:?]
	at org.prismlauncher.EntryPoint.main(EntryPoint.java:70) ~[NewLaunch.jar:?]
[17:08:31] [Render thread/INFO]: Registered region minecraft:overworld to index 0 for type OVERWORLD
[17:08:31] [Render thread/INFO]: Registered region minecraft:nether to index 0 for type NETHER
[17:08:31] [Render thread/INFO]: Registered region mysticsbiomes:overworld_provider to index 1 for type OVERWORLD
[17:08:31] [Render thread/INFO]: Registered region riverredux:overworld to index 2 for type OVERWORLD
[17:08:31] [Render thread/INFO]: Registered region vanillabackport:overworld to index 3 for type OVERWORLD
[17:08:31] [Render thread/INFO]: Registered region yungscavebiomes:overworld to index 4 for type OVERWORLD
[17:08:31] [Render thread/INFO]: Registered the FluidEffect with Unique ID of minecraft:water for block.minecraft.water (Fluid Amount Required: 81000) with the ID 0
[17:08:31] [Render thread/INFO]: Registered the FluidEffect with Unique ID of minecraft:lava for block.minecraft.lava (Fluid Amount Required: 81000) with the ID 1
[17:08:31] [Render thread/INFO]: Registered the FluidEffect with Unique ID of travelersbackpack:potion for block.travelersbackpack.potion_still (Fluid Amount Required: 27000) with the ID 2
[17:08:31] [Render thread/INFO]: Registered the FluidEffect with Unique ID of milk:still_milk for block.milk.milk_fluid_block (Fluid Amount Required: 81000) with the ID 3
[17:08:32] [Render thread/WARN]: Early-load attempt at getting custom sound block group failed. Ignoring for now.
[17:08:32] [Render thread/WARN]: Failed initial block fetch.
[17:08:32] [Render thread/WARN]: Early-load attempt at getting custom sound block group failed. Ignoring for now.
[17:08:32] [Render thread/WARN]: Failed initial block fetch.
[17:08:32] [Render thread/WARN]: Early-load attempt at getting custom sound block group failed. Ignoring for now.
[17:08:32] [Render thread/WARN]: Failed initial block fetch.
[17:08:32] [Render thread/WARN]: Early-load attempt at getting custom sound block group failed. Ignoring for now.
[17:08:32] [Render thread/WARN]: Failed initial block fetch.
[17:08:32] [Render thread/WARN]: Early-load attempt at getting custom sound block group failed. Ignoring for now.
[17:08:32] [Render thread/WARN]: Failed initial block fetch.
[17:08:32] [Render thread/WARN]: Early-load attempt at getting custom sound block group failed. Ignoring for now.
[17:08:32] [Render thread/WARN]: Failed initial block fetch.
[17:08:32] [Render thread/WARN]: Early-load attempt at getting custom sound block group failed. Ignoring for now.
[17:08:32] [Render thread/WARN]: Failed initial block fetch.
[17:08:32] [Render thread/WARN]: Early-load attempt at getting custom sound block group failed. Ignoring for now.
[17:08:32] [Render thread/WARN]: Failed initial block fetch.
[17:08:32] [Render thread/WARN]: Early-load attempt at getting custom sound block group failed. Ignoring for now.
[17:08:32] [Render thread/WARN]: Failed initial block fetch.
[17:08:32] [Render thread/WARN]: Early-load attempt at getting custom sound block group failed. Ignoring for now.
[17:08:32] [Render thread/WARN]: Failed initial block fetch.
[17:08:32] [Render thread/INFO]: Constructing common components for visualworkbench:main
[17:08:32] [Render thread/INFO]: Loading client config for visualworkbench
[17:08:33] [Render thread/INFO]: Registering C2S receiver with id wildernature:screen_action
[17:08:33] [Render thread/INFO]: Registering C2S receiver with id yaf:mailbox_sync
[17:08:33] [Render thread/INFO]: Registering C2S receiver with id yaf:switch_lock
[17:08:33] [Render thread/INFO]: Reflections took 3 ms to scan 1 urls, producing 1 keys and 4 values
[17:08:33] [pool-5-thread-1/INFO]: Reloading client config for visualworkbench
[17:08:33] [Render thread/INFO]: Reflections took 3 ms to scan 1 urls, producing 1 keys and 4 values
[17:08:33] [Render thread/INFO]: Reflections took 2 ms to scan 1 urls, producing 1 keys and 2 values
[17:08:33] [Render thread/INFO]: Reflections took 1 ms to scan 1 urls, producing 1 keys and 2 values
[17:08:33] [Render thread/INFO]: Reflections took 24 ms to scan 1 urls, producing 5 keys and 65 values
[17:08:33] [Render thread/INFO]: Reflections took 20 ms to scan 1 urls, producing 5 keys and 65 values
[17:08:33] [Render thread/INFO]: Hello Fabric world!
[17:08:33] [Render thread/INFO]: AdvancementInfo initialized
[17:08:33] [Render thread/INFO]: Registering S2C receiver with id architectury:spawn_entity_packet
[17:08:34] [Render thread/INFO]: Constructing client components for blockrunner:main
[17:08:34] [Render thread/INFO]: Registering S2C receiver with id brewery:alcohol_sync
[17:08:34] [Render thread/INFO]: Registering S2C receiver with id brewery:drink_alcohol
[17:08:34] [Render thread/INFO]: Registering S2C receiver with id brewery:attach_rope
[17:08:34] [Render thread/INFO]: Registering S2C receiver with id brewery:detach_rope
[17:08:34] [Render thread/INFO]: Registering S2C receiver with id brewery:sync_rope
[17:08:34] [Render thread/INFO]: Registering S2C receiver with id brewery:change_hanging_rope
[17:08:34] [Render thread/INFO]: Trying to read config file...
[17:08:34] [Render thread/INFO]: A config file was found, loading it..
[17:08:34] [Render thread/INFO]: Successfully loaded config file.
[17:08:34] [Render thread/INFO]: [citresewn] Registering CIT Conditions
[17:08:34] [Render thread/INFO]: [citresewn] Registering CIT Types
[17:08:34] [UniLib/INFO]: Starting version check for "craftpresence" (MC 1.20.1) at "https://raw.githubusercontent.com/CDAGaming/VersionLibrary/master/CraftPresence/update.json"
[17:08:34] [Render thread/INFO]: Re-caching descriptions because json doesn't match config.
[17:08:34] [Render thread/INFO]: Connecting to 'bugs.mojang.com' to cache bug descriptions!
[17:08:34] [UniLib/INFO]: Starting version check for "unilib" (MC 1.20.1) at "https://raw.githubusercontent.com/CDAGaming/VersionLibrary/master/UniLib/update.json"
[17:08:34] [CraftPresence/INFO]: Configuration settings have been saved and reloaded successfully!
[17:08:34] [CraftPresence/INFO]: Checking for "atlauncher" pack data...
[17:08:34] [CraftPresence/ERROR]: Unable to get "atlauncher" pack data (ignore if not using a "atlauncher" pack)
[17:08:34] [CraftPresence/INFO]: Checking for "curse" pack data...
[17:08:34] [CraftPresence/ERROR]: Unable to get "curse" pack data (ignore if not using a "curse" pack)
[17:08:34] [CraftPresence/INFO]: Checking for "mcupdater" pack data...
[17:08:34] [CraftPresence/ERROR]: Unable to get "mcupdater" pack data (ignore if not using a "mcupdater" pack)
[17:08:34] [CraftPresence/INFO]: Checking for "modrinth" pack data...
[17:08:34] [CraftPresence/ERROR]: Unable to get "modrinth" pack data (ignore if not using a "modrinth" pack)
[17:08:34] [CraftPresence/INFO]: Checking for "multimc" pack data...
[17:08:34] [CraftPresence/INFO]: Found "multimc" pack data! (Name: "BiotechS", Icon: "biotechs")
[17:08:34] [UniLib/INFO]: Received update status for "craftpresence" -> Release (Target version: "")
[17:08:34] [CraftPresence/INFO]: Checking Discord for available assets with Client Id: 450485984333660181
[17:08:34] [CraftPresence/INFO]: Originally coded by paulhobbel - https://github.com/paulhobbel
[17:08:34] [UniLib/INFO]: Received update status for "unilib" -> Release (Target version: "")
[17:08:34] [CraftPresence/INFO]: 153 total assets detected!
[17:08:34] [Render thread/INFO]: [ETF]: Modifying ETF Render State constructor because: for EMF
[17:08:34] [Render thread/INFO]: Loading Entity Model Features, is this 'EPF' in the room with us now?
[17:08:35] [Render thread/INFO]: [ETF]: 6 new ETF Random Properties registered by entity_model_features
[17:08:35] [Render thread/INFO]: Loading Entity Texture Features, hello there!
[17:08:35] [Render thread/INFO]: [Indigo] Different rendering plugin detected; not applying Indigo.
[17:08:35] [ForkJoinPool.commonPool-worker-1/INFO]: [STDERR]: com.google.gson.JsonSyntaxException: Expected a com.google.gson.JsonObject but was com.google.gson.JsonPrimitive; at path $
[17:08:35] [ForkJoinPool.commonPool-worker-1/INFO]: [STDERR]: 	at knot//com.google.gson.internal.bind.TypeAdapters$34$1.read(TypeAdapters.java:1010)
[17:08:35] [ForkJoinPool.commonPool-worker-1/INFO]: [STDERR]: 	at knot//com.google.gson.Gson.fromJson(Gson.java:1214)
[17:08:35] [ForkJoinPool.commonPool-worker-1/INFO]: [STDERR]: 	at knot//com.google.gson.Gson.fromJson(Gson.java:1124)
[17:08:35] [ForkJoinPool.commonPool-worker-1/INFO]: [STDERR]: 	at knot//com.google.gson.Gson.fromJson(Gson.java:1034)
[17:08:35] [ForkJoinPool.commonPool-worker-1/INFO]: [STDERR]: 	at knot//com.google.gson.Gson.fromJson(Gson.java:969)
[17:08:35] [ForkJoinPool.commonPool-worker-1/INFO]: [STDERR]: 	at knot//dev.isxander.debugify.client.utils.BugFixDescriptionCache.lambda$cacheDescriptions$0(BugFixDescriptionCache.java:59)
[17:08:35] [ForkJoinPool.commonPool-worker-1/INFO]: [STDERR]: 	at java.base/java.util.concurrent.CompletableFuture$AsyncRun.run(CompletableFuture.java:1804)
[17:08:35] [ForkJoinPool.commonPool-worker-1/INFO]: [STDERR]: 	at java.base/java.util.concurrent.CompletableFuture$AsyncRun.exec(CompletableFuture.java:1796)
[17:08:35] [ForkJoinPool.commonPool-worker-1/INFO]: [STDERR]: 	at java.base/java.util.concurrent.ForkJoinTask.doExec(ForkJoinTask.java:373)
[17:08:35] [ForkJoinPool.commonPool-worker-1/INFO]: [STDERR]: 	at java.base/java.util.concurrent.ForkJoinPool$WorkQueue.topLevelExec(ForkJoinPool.java:1182)
[17:08:35] [ForkJoinPool.commonPool-worker-1/INFO]: [STDERR]: 	at java.base/java.util.concurrent.ForkJoinPool.scan(ForkJoinPool.java:1655)
[17:08:35] [ForkJoinPool.commonPool-worker-1/INFO]: [STDERR]: 	at java.base/java.util.concurrent.ForkJoinPool.runWorker(ForkJoinPool.java:1622)
[17:08:35] [ForkJoinPool.commonPool-worker-1/INFO]: [STDERR]: 	at java.base/java.util.concurrent.ForkJoinWorkerThread.run(ForkJoinWorkerThread.java:165)
[17:08:35] [Render thread/INFO]: [FastQuit] Initialized
[17:08:35] [ForkJoinPool.commonPool-worker-1/INFO]: [STDERR]: com.google.gson.JsonSyntaxException: Expected a com.google.gson.JsonObject but was com.google.gson.JsonPrimitive; at path $
[17:08:35] [ForkJoinPool.commonPool-worker-1/INFO]: [STDERR]: 	at knot//com.google.gson.internal.bind.TypeAdapters$34$1.read(TypeAdapters.java:1010)
[17:08:35] [ForkJoinPool.commonPool-worker-1/INFO]: [STDERR]: 	at knot//com.google.gson.Gson.fromJson(Gson.java:1214)
[17:08:35] [ForkJoinPool.commonPool-worker-1/INFO]: [STDERR]: 	at knot//com.google.gson.Gson.fromJson(Gson.java:1124)
[17:08:35] [ForkJoinPool.commonPool-worker-1/INFO]: [STDERR]: 	at knot//com.google.gson.Gson.fromJson(Gson.java:1034)
[17:08:35] [ForkJoinPool.commonPool-worker-1/INFO]: [STDERR]: 	at knot//com.google.gson.Gson.fromJson(Gson.java:969)
[17:08:35] [ForkJoinPool.commonPool-worker-1/INFO]: [STDERR]: 	at knot//dev.isxander.debugify.client.utils.BugFixDescriptionCache.lambda$cacheDescriptions$0(BugFixDescriptionCache.java:59)
[17:08:35] [ForkJoinPool.commonPool-worker-1/INFO]: [STDERR]: 	at java.base/java.util.concurrent.CompletableFuture$AsyncRun.run(CompletableFuture.java:1804)
[17:08:35] [ForkJoinPool.commonPool-worker-1/INFO]: [STDERR]: 	at java.base/java.util.concurrent.CompletableFuture$AsyncRun.exec(CompletableFuture.java:1796)
[17:08:35] [ForkJoinPool.commonPool-worker-1/INFO]: [STDERR]: 	at java.base/java.util.concurrent.ForkJoinTask.doExec(ForkJoinTask.java:373)
[17:08:35] [ForkJoinPool.commonPool-worker-1/INFO]: [STDERR]: 	at java.base/java.util.concurrent.ForkJoinPool$WorkQueue.topLevelExec(ForkJoinPool.java:1182)
[17:08:35] [ForkJoinPool.commonPool-worker-1/INFO]: [STDERR]: 	at java.base/java.util.concurrent.ForkJoinPool.scan(ForkJoinPool.java:1655)
[17:08:35] [ForkJoinPool.commonPool-worker-1/INFO]: [STDERR]: 	at java.base/java.util.concurrent.ForkJoinPool.runWorker(ForkJoinPool.java:1622)
[17:08:35] [ForkJoinPool.commonPool-worker-1/INFO]: [STDERR]: 	at java.base/java.util.concurrent.ForkJoinWorkerThread.run(ForkJoinWorkerThread.java:165)
[17:08:35] [ForkJoinPool.commonPool-worker-1/ERROR]: Giving up trying to cache bug descriptions. Consecutive network failures.
[17:08:35] [Render thread/INFO]: Constructing client components for hoppergadgetry:main
[17:08:35] [Render thread/INFO]: Constructing client components for illagerinvasion:main
[17:08:35] [Render thread/INFO]: Sending ConfigManager...
[17:08:36] [Render thread/INFO]: Sending ConfigManager took 9.822 ms
[17:08:36] [Render thread/INFO]: [LambDynLights] Initializing LambDynamicLights...
[17:08:36] [Render thread/INFO]: [LambDynLights] Configuration loaded.
[17:08:36] [CraftPresence/INFO]: Attempting to connect to Discord (1/10)...
[17:08:36] [Render thread/INFO]: Modern Industrialization client setup done!
[17:08:36] [Render thread/ERROR]: Mod experienced_crops provides a broken implementation of ModMenuApi
net.fabricmc.loader.api.EntrypointException: Exception while loading entries for entrypoint 'modmenu' provided by 'experienced_crops'
	at net.fabricmc.loader.impl.entrypoint.EntrypointContainerImpl.getEntrypoint(EntrypointContainerImpl.java:56) ~[fabric-loader-0.19.2.jar:?]
	at com.terraformersmc.modmenu.ModMenu.lambda$onInitializeClient$1(ModMenu.java:74) ~[modmenu-7.2.2.jar:?]
	at java.util.ArrayList.forEach(ArrayList.java:1511) ~[?:?]
	at com.terraformersmc.modmenu.ModMenu.onInitializeClient(ModMenu.java:70) ~[modmenu-7.2.2.jar:?]
	at net.fabricmc.loader.impl.FabricLoaderImpl.invokeEntrypoints(FabricLoaderImpl.java:405) ~[fabric-loader-0.19.2.jar:?]
	at net.fabricmc.loader.impl.game.minecraft.Hooks.startClient(Hooks.java:53) ~[fabric-loader-0.19.2.jar:?]
	at net.minecraft.class_310.<init>(class_310.java:458) ~[client-intermediary.jar:?]
	at net.minecraft.client.main.Main.main(Main.java:211) ~[minecraft-1.20.1-client.jar:?]
	at net.fabricmc.loader.impl.game.minecraft.MinecraftGameProvider.launch(MinecraftGameProvider.java:514) ~[fabric-loader-0.19.2.jar:?]
	at net.fabricmc.loader.impl.launch.knot.Knot.launch(Knot.java:72) ~[fabric-loader-0.19.2.jar:?]
	at net.fabricmc.loader.impl.launch.knot.KnotClient.main(KnotClient.java:23) ~[fabric-loader-0.19.2.jar:?]
	at org.prismlauncher.launcher.impl.StandardLauncher.launch(StandardLauncher.java:115) ~[NewLaunch.jar:?]
	at org.prismlauncher.EntryPoint.listen(EntryPoint.java:129) ~[NewLaunch.jar:?]
	at org.prismlauncher.EntryPoint.main(EntryPoint.java:70) ~[NewLaunch.jar:?]
Caused by: net.fabricmc.loader.api.LanguageAdapterException: java.lang.ClassNotFoundException: com.ordana.experienced_crops.integration.fabric.ModMenuCompat
	at net.fabricmc.loader.impl.util.DefaultLanguageAdapter.create(DefaultLanguageAdapter.java:52) ~[fabric-loader-0.19.2.jar:?]
	at net.fabricmc.loader.impl.entrypoint.EntrypointStorage$NewEntry.getOrCreate(EntrypointStorage.java:124) ~[fabric-loader-0.19.2.jar:?]
	at net.fabricmc.loader.impl.entrypoint.EntrypointContainerImpl.getEntrypoint(EntrypointContainerImpl.java:53) ~[fabric-loader-0.19.2.jar:?]
	... 13 more
Caused by: java.lang.ClassNotFoundException: com.ordana.experienced_crops.integration.fabric.ModMenuCompat
	at jdk.internal.loader.BuiltinClassLoader.loadClass(BuiltinClassLoader.java:641) ~[?:?]
	at java.lang.ClassLoader.loadClass(ClassLoader.java:525) ~[?:?]
	at net.fabricmc.loader.impl.launch.knot.KnotClassDelegate.loadClass(KnotClassDelegate.java:239) ~[fabric-loader-0.19.2.jar:?]
	at net.fabricmc.loader.impl.launch.knot.KnotClassLoader.loadClass(KnotClassLoader.java:119) ~[fabric-loader-0.19.2.jar:?]
	at java.lang.ClassLoader.loadClass(ClassLoader.java:525) ~[?:?]
	at java.lang.Class.forName0(Native Method) ~[?:?]
	at java.lang.Class.forName(Class.java:467) ~[?:?]
	at net.fabricmc.loader.impl.util.DefaultLanguageAdapter.create(DefaultLanguageAdapter.java:50) ~[fabric-loader-0.19.2.jar:?]
	at net.fabricmc.loader.impl.entrypoint.EntrypointStorage$NewEntry.getOrCreate(EntrypointStorage.java:124) ~[fabric-loader-0.19.2.jar:?]
	at net.fabricmc.loader.impl.entrypoint.EntrypointContainerImpl.getEntrypoint(EntrypointContainerImpl.java:53) ~[fabric-loader-0.19.2.jar:?]
	... 13 more
[17:08:36] [Render thread/ERROR]: Mod overweight_farming provides a broken implementation of ModMenuApi
java.lang.NoSuchFieldError: configClass
	at net.orcinus.overweightfarming.client.compat.OFModMenu.getProvidedConfigScreenFactories(OFModMenu.java:24) ~[overweightfarming-1.20.1-2.0.3-fabric.jar:?]
	at com.terraformersmc.modmenu.ModMenu.lambda$onInitializeClient$1(ModMenu.java:76) ~[modmenu-7.2.2.jar:?]
	at java.util.ArrayList.forEach(ArrayList.java:1511) ~[?:?]
	at com.terraformersmc.modmenu.ModMenu.onInitializeClient(ModMenu.java:70) ~[modmenu-7.2.2.jar:?]
	at net.fabricmc.loader.impl.FabricLoaderImpl.invokeEntrypoints(FabricLoaderImpl.java:405) ~[fabric-loader-0.19.2.jar:?]
	at net.fabricmc.loader.impl.game.minecraft.Hooks.startClient(Hooks.java:53) ~[fabric-loader-0.19.2.jar:?]
	at net.minecraft.class_310.<init>(class_310.java:458) ~[client-intermediary.jar:?]
	at net.minecraft.client.main.Main.main(Main.java:211) ~[minecraft-1.20.1-client.jar:?]
	at net.fabricmc.loader.impl.game.minecraft.MinecraftGameProvider.launch(MinecraftGameProvider.java:514) ~[fabric-loader-0.19.2.jar:?]
	at net.fabricmc.loader.impl.launch.knot.Knot.launch(Knot.java:72) ~[fabric-loader-0.19.2.jar:?]
	at net.fabricmc.loader.impl.launch.knot.KnotClient.main(KnotClient.java:23) ~[fabric-loader-0.19.2.jar:?]
	at org.prismlauncher.launcher.impl.StandardLauncher.launch(StandardLauncher.java:115) ~[NewLaunch.jar:?]
	at org.prismlauncher.EntryPoint.listen(EntryPoint.java:129) ~[NewLaunch.jar:?]
	at org.prismlauncher.EntryPoint.main(EntryPoint.java:70) ~[NewLaunch.jar:?]
[17:08:36] [Render thread/WARN]: Using Cloth Config GUI
[17:08:36] [Render thread/INFO]: Registering config screens for mod comforts with 1 config(s)
[17:08:36] [CraftPresence/INFO]: Loaded display data with Client Id: 450485984333660181 (Logged in as Mochi Mieshi)
[17:08:37] [Render thread/INFO]: Initialized block sets in 135ms
[17:08:37] [Render thread/WARN]: Early-load attempt at getting custom sound block group failed. Ignoring for now.
[17:08:37] [Render thread/WARN]: Failed initial block fetch.
[17:08:37] [Render thread/WARN]: Early-load attempt at getting custom sound block group failed. Ignoring for now.
[17:08:37] [Render thread/WARN]: Failed initial block fetch.
[17:08:37] [Render thread/WARN]: Early-load attempt at getting custom sound block group failed. Ignoring for now.
[17:08:37] [Render thread/WARN]: Failed initial block fetch.
[17:08:37] [Render thread/WARN]: Early-load attempt at getting custom sound block group failed. Ignoring for now.
[17:08:37] [Render thread/WARN]: Failed initial block fetch.
[17:08:37] [Render thread/WARN]: Early-load attempt at getting custom sound block group failed. Ignoring for now.
[17:08:37] [Render thread/WARN]: Failed initial block fetch.
[17:08:37] [Render thread/WARN]: Early-load attempt at getting custom sound block group failed. Ignoring for now.
[17:08:37] [Render thread/WARN]: Failed initial block fetch.
[17:08:37] [Render thread/WARN]: Early-load attempt at getting custom sound block group failed. Ignoring for now.
[17:08:37] [Render thread/WARN]: Failed initial block fetch.
[17:08:37] [Render thread/WARN]: Early-load attempt at getting custom sound block group failed. Ignoring for now.
[17:08:37] [Render thread/WARN]: Failed initial block fetch.
[17:08:37] [Render thread/WARN]: Early-load attempt at getting custom sound block group failed. Ignoring for now.
[17:08:37] [Render thread/WARN]: Failed initial block fetch.
[17:08:37] [Render thread/WARN]: Early-load attempt at getting custom sound block group failed. Ignoring for now.
[17:08:37] [Render thread/WARN]: Failed initial block fetch.
[17:08:37] [Render thread/WARN]: Early-load attempt at getting custom sound block group failed. Ignoring for now.
[17:08:37] [Render thread/WARN]: Failed initial block fetch.
[17:08:37] [Render thread/WARN]: Early-load attempt at getting custom sound block group failed. Ignoring for now.
[17:08:37] [Render thread/WARN]: Failed initial block fetch.
[17:08:37] [Render thread/WARN]: Early-load attempt at getting custom sound block group failed. Ignoring for now.
[17:08:37] [Render thread/WARN]: Failed initial block fetch.
[17:08:37] [Render thread/WARN]: Early-load attempt at getting custom sound block group failed. Ignoring for now.
[17:08:37] [Render thread/WARN]: Failed initial block fetch.
[17:08:37] [Render thread/WARN]: Early-load attempt at getting custom sound block group failed. Ignoring for now.
[17:08:37] [Render thread/WARN]: Failed initial block fetch.
[17:08:37] [Render thread/WARN]: Early-load attempt at getting custom sound block group failed. Ignoring for now.
[17:08:37] [Render thread/WARN]: Failed initial block fetch.
[17:08:37] [Render thread/WARN]: Early-load attempt at getting custom sound block group failed. Ignoring for now.
[17:08:37] [Render thread/WARN]: Failed initial block fetch.
[17:08:37] [Render thread/WARN]: Early-load attempt at getting custom sound block group failed. Ignoring for now.
[17:08:37] [Render thread/WARN]: Failed initial block fetch.
[17:08:37] [Render thread/WARN]: Early-load attempt at getting custom sound block group failed. Ignoring for now.
[17:08:37] [Render thread/WARN]: Failed initial block fetch.
[17:08:37] [Render thread/WARN]: Early-load attempt at getting custom sound block group failed. Ignoring for now.
[17:08:37] [Render thread/WARN]: Failed initial block fetch.
[17:08:37] [Render thread/WARN]: Early-load attempt at getting custom sound block group failed. Ignoring for now.
[17:08:37] [Render thread/WARN]: Failed initial block fetch.
[17:08:37] [Render thread/WARN]: Early-load attempt at getting custom sound block group failed. Ignoring for now.
[17:08:37] [Render thread/WARN]: Failed initial block fetch.
[17:08:37] [Render thread/WARN]: Early-load attempt at getting custom sound block group failed. Ignoring for now.
[17:08:37] [Render thread/WARN]: Failed initial block fetch.
[17:08:37] [Render thread/WARN]: Early-load attempt at getting custom sound block group failed. Ignoring for now.
[17:08:37] [Render thread/WARN]: Failed initial block fetch.
[17:08:37] [Render thread/WARN]: Early-load attempt at getting custom sound block group failed. Ignoring for now.
[17:08:37] [Render thread/WARN]: Failed initial block fetch.
[17:08:37] [Render thread/WARN]: Early-load attempt at getting custom sound block group failed. Ignoring for now.
[17:08:37] [Render thread/WARN]: Failed initial block fetch.
[17:08:37] [Render thread/WARN]: Early-load attempt at getting custom sound block group failed. Ignoring for now.
[17:08:37] [Render thread/WARN]: Failed initial block fetch.
[17:08:37] [Render thread/WARN]: Early-load attempt at getting custom sound block group failed. Ignoring for now.
[17:08:37] [Render thread/WARN]: Failed initial block fetch.
[17:08:37] [Render thread/WARN]: Early-load attempt at getting custom sound block group failed. Ignoring for now.
[17:08:37] [Render thread/WARN]: Failed initial block fetch.
[17:08:37] [Render thread/WARN]: Early-load attempt at getting custom sound block group failed. Ignoring for now.
[17:08:37] [Render thread/WARN]: Failed initial block fetch.
[17:08:38] [Render thread/INFO]: Loaded config dummmmmmy-client.json
[17:08:38] [CraftPresence/ERROR]: Asset name "biotechs" does not exist, attempting to use an alternative icon "prism"...
[17:08:38] [CraftPresence/INFO]: To add support for this icon, please request for this icon to be added to the default Client ID or add the icon under the following name: "biotechs".
[17:08:38] [CraftPresence/INFO]: Fallback icon for "biotechs" found! Using a fallback icon with the name "prism"!
[17:08:38] [Render thread/INFO]: Initialized color sets in 281ms
[17:08:38] [Render thread/INFO]: Finished mod setup in: [0, 1, 0, 1, 0, 0, 39, 0] ms
[17:08:39] [Render thread/INFO]: mystic's biomes ~ registering entity models
[17:08:39] [Render thread/INFO]: mystic's biomes ~ registering entity renderers
[17:08:39] [Render thread/INFO]: mystic's biomes ~ registering block render layers
[17:08:39] [Render thread/INFO]: mystic's biomes ~ registering particles
[17:08:39] [Render thread/INFO]: Trying to read config file...
[17:08:39] [Render thread/INFO]: A config file was found, loading it..
[17:08:39] [Render thread/INFO]: Successfully loaded config file.
[17:08:39] [Render thread/INFO]: Constructing client components for puzzleslib:main
[17:08:40] [Render thread/INFO]: Reloading reverb parameters
[17:08:40] [Render thread/INFO]: Unknown sound in sound rate config: betterend:betterend.ambient.amber_land
[17:08:40] [Render thread/INFO]: Unknown sound in sound rate config: betterend:betterend.ambient.blossoming_spires
[17:08:40] [Render thread/INFO]: Unknown sound in sound rate config: betterend:betterend.ambient.caves
[17:08:40] [Render thread/INFO]: Unknown sound in sound rate config: betterend:betterend.ambient.chorus_forest
[17:08:40] [Render thread/INFO]: Unknown sound in sound rate config: betterend:betterend.ambient.dust_wastelands
[17:08:40] [Render thread/INFO]: Unknown sound in sound rate config: betterend:betterend.ambient.foggy_mushroomland
[17:08:40] [Render thread/INFO]: Unknown sound in sound rate config: betterend:betterend.ambient.glowing_grasslands
[17:08:40] [Render thread/INFO]: Unknown sound in sound rate config: betterend:betterend.ambient.megalake
[17:08:40] [Render thread/INFO]: Unknown sound in sound rate config: betterend:betterend.ambient.megalake_grove
[17:08:40] [Render thread/INFO]: Unknown sound in sound rate config: betterend:betterend.ambient.sulphur_springs
[17:08:40] [Render thread/INFO]: Unknown sound in sound rate config: betterend:betterend.ambient.umbra_valley
[17:08:40] [Render thread/INFO]: Unknown sound in sound rate config: betterend:betterend.ambient.umbrella_jungle
[17:08:40] [Render thread/INFO]: Unknown sound in sound rate config: betterend:betterend.entity.dragonfly
[17:08:40] [Render thread/INFO]: Unknown sound in sound rate config: betterend:betterend.entity.shadow_walker
[17:08:40] [Render thread/INFO]: Unknown sound in sound rate config: betterend:betterend.entity.shadow_walker_damage
[17:08:40] [Render thread/INFO]: Unknown sound in sound rate config: betterend:betterend.entity.shadow_walker_death
[17:08:40] [Render thread/INFO]: Unknown sound in sound rate config: betterend:betterend.music.caves
[17:08:40] [Render thread/INFO]: Unknown sound in sound rate config: betterend:betterend.music.dark
[17:08:40] [Render thread/INFO]: Unknown sound in sound rate config: betterend:betterend.music.forest
[17:08:40] [Render thread/INFO]: Unknown sound in sound rate config: betterend:betterend.music.openspace
[17:08:40] [Render thread/INFO]: Unknown sound in sound rate config: betterend:betterend.music.water
[17:08:40] [Render thread/INFO]: Unknown sound in sound rate config: betterend:betterend.record.endseeker
[17:08:40] [Render thread/INFO]: Unknown sound in sound rate config: betterend:betterend.record.eo_dracona
[17:08:40] [Render thread/INFO]: Unknown sound in sound rate config: betterend:betterend.record.grasping_at_stars
[17:08:40] [Render thread/INFO]: Unknown sound in sound rate config: betterend:betterend.record.strange_and_alien
[17:08:40] [Render thread/INFO]: Unknown sound in sound rate config: naturalist:entity.alligator.ambient
[17:08:40] [Render thread/INFO]: Unknown sound in sound rate config: naturalist:entity.alligator.ambient_baby
[17:08:40] [Render thread/INFO]: Unknown sound in sound rate config: naturalist:entity.alligator.death
[17:08:40] [Render thread/INFO]: Unknown sound in sound rate config: naturalist:entity.alligator.egg_break
[17:08:40] [Render thread/INFO]: Unknown sound in sound rate config: naturalist:entity.alligator.egg_crack
[17:08:40] [Render thread/INFO]: Unknown sound in sound rate config: naturalist:entity.alligator.egg_hatch
[17:08:40] [Render thread/INFO]: Unknown sound in sound rate config: naturalist:entity.alligator.hurt
[17:08:40] [Render thread/INFO]: Unknown sound in sound rate config: naturalist:entity.bass.flop
[17:08:40] [Render thread/INFO]: Unknown sound in sound rate config: naturalist:entity.bear.ambient
[17:08:40] [Render thread/INFO]: Unknown sound in sound rate config: naturalist:entity.bear.ambient_baby
[17:08:40] [Render thread/INFO]: Unknown sound in sound rate config: naturalist:entity.bear.death
[17:08:40] [Render thread/INFO]: Unknown sound in sound rate config: naturalist:entity.bear.eat
[17:08:40] [Render thread/INFO]: Unknown sound in sound rate config: naturalist:entity.bear.hurt
[17:08:40] [Render thread/INFO]: Unknown sound in sound rate config: naturalist:entity.bear.hurt_baby
[17:08:40] [Render thread/INFO]: Unknown sound in sound rate config: naturalist:entity.bear.sleep
[17:08:40] [Render thread/INFO]: Unknown sound in sound rate config: naturalist:entity.bear.sniff
[17:08:40] [Render thread/INFO]: Unknown sound in sound rate config: naturalist:entity.bear.spit
[17:08:40] [Render thread/INFO]: Unknown sound in sound rate config: naturalist:entity.bird.ambient_bluejay
[17:08:40] [Render thread/INFO]: Unknown sound in sound rate config: naturalist:entity.bird.ambient_canary
[17:08:40] [Render thread/INFO]: Unknown sound in sound rate config: naturalist:entity.bird.ambient_cardinal
[17:08:40] [Render thread/INFO]: Unknown sound in sound rate config: naturalist:entity.bird.ambient_finch
[17:08:40] [Render thread/INFO]: Unknown sound in sound rate config: naturalist:entity.bird.ambient_robin
[17:08:40] [Render thread/INFO]: Unknown sound in sound rate config: naturalist:entity.bird.ambient_sparrow
[17:08:40] [Render thread/INFO]: Unknown sound in sound rate config: naturalist:entity.bird.death
[17:08:40] [Render thread/INFO]: Unknown sound in sound rate config: naturalist:entity.bird.eat
[17:08:40] [Render thread/INFO]: Unknown sound in sound rate config: naturalist:entity.bird.fly
[17:08:40] [Render thread/INFO]: Unknown sound in sound rate config: naturalist:entity.bird.hurt
[17:08:40] [Render thread/INFO]: Unknown sound in sound rate config: naturalist:entity.boar.ambient
[17:08:40] [Render thread/INFO]: Unknown sound in sound rate config: naturalist:entity.boar.death
[17:08:40] [Render thread/INFO]: Unknown sound in sound rate config: naturalist:entity.boar.hurt
[17:08:40] [Render thread/INFO]: Unknown sound in sound rate config: naturalist:entity.catfish.flop
[17:08:40] [Render thread/INFO]: Unknown sound in sound rate config: naturalist:entity.deer.ambient
[17:08:40] [Render thread/INFO]: Unknown sound in sound rate config: naturalist:entity.deer.ambient_baby
[17:08:40] [Render thread/INFO]: Unknown sound in sound rate config: naturalist:entity.deer.hurt
[17:08:40] [Render thread/INFO]: Unknown sound in sound rate config: naturalist:entity.deer.hurt_baby
[17:08:40] [Render thread/INFO]: Unknown sound in sound rate config: naturalist:entity.dragonfly.loop
[17:08:40] [Render thread/INFO]: Unknown sound in sound rate config: naturalist:entity.duck.ambient
[17:08:40] [Render thread/INFO]: Unknown sound in sound rate config: naturalist:entity.duck.death
[17:08:40] [Render thread/INFO]: Unknown sound in sound rate config: naturalist:entity.duck.hurt
[17:08:40] [Render thread/INFO]: Unknown sound in sound rate config: naturalist:entity.duck.step
[17:08:40] [Render thread/INFO]: Unknown sound in sound rate config: naturalist:entity.elephant.ambient
[17:08:40] [Render thread/INFO]: Unknown sound in sound rate config: naturalist:entity.elephant.hurt
[17:08:40] [Render thread/INFO]: Unknown sound in sound rate config: naturalist:entity.firefly.death
[17:08:40] [Render thread/INFO]: Unknown sound in sound rate config: naturalist:entity.firefly.hide
[17:08:40] [Render thread/INFO]: Unknown sound in sound rate config: naturalist:entity.firefly.hurt
[17:08:40] [Render thread/INFO]: Unknown sound in sound rate config: naturalist:entity.giraffe.ambient
[17:08:40] [Render thread/INFO]: Unknown sound in sound rate config: naturalist:entity.hippo.ambient
[17:08:40] [Render thread/INFO]: Unknown sound in sound rate config: naturalist:entity.hippo.hurt
[17:08:40] [Render thread/INFO]: Unknown sound in sound rate config: naturalist:entity.lion.ambient
[17:08:40] [Render thread/INFO]: Unknown sound in sound rate config: naturalist:entity.lion.hurt
[17:08:40] [Render thread/INFO]: Unknown sound in sound rate config: naturalist:entity.lion.roar
[17:08:40] [Render thread/INFO]: Unknown sound in sound rate config: naturalist:entity.rhino.ambient
[17:08:40] [Render thread/INFO]: Unknown sound in sound rate config: naturalist:entity.rhino.ambient_baby
[17:08:40] [Render thread/INFO]: Unknown sound in sound rate config: naturalist:entity.rhino.scrape
[17:08:40] [Render thread/INFO]: Unknown sound in sound rate config: naturalist:entity.rubber_ducky.ambient
[17:08:40] [Render thread/INFO]: Unknown sound in sound rate config: naturalist:entity.rubber_ducky.death
[17:08:40] [Render thread/INFO]: Unknown sound in sound rate config: naturalist:entity.rubber_ducky.hurt
[17:08:40] [Render thread/INFO]: Unknown sound in sound rate config: naturalist:entity.snail.back
[17:08:40] [Render thread/INFO]: Unknown sound in sound rate config: naturalist:entity.snail.crush
[17:08:40] [Render thread/INFO]: Unknown sound in sound rate config: naturalist:entity.snail.forward
[17:08:40] [Render thread/INFO]: Unknown sound in sound rate config: naturalist:entity.snake.hiss
[17:08:40] [Render thread/INFO]: Unknown sound in sound rate config: naturalist:entity.snake.hurt
[17:08:40] [Render thread/INFO]: Unknown sound in sound rate config: naturalist:entity.snake.rattle
[17:08:40] [Render thread/INFO]: Unknown sound in sound rate config: naturalist:entity.tortoise.death
[17:08:40] [Render thread/INFO]: Unknown sound in sound rate config: naturalist:entity.tortoise.egg_break
[17:08:40] [Render thread/INFO]: Unknown sound in sound rate config: naturalist:entity.tortoise.egg_crack
[17:08:40] [Render thread/INFO]: Unknown sound in sound rate config: naturalist:entity.tortoise.egg_hatch
[17:08:40] [Render thread/INFO]: Unknown sound in sound rate config: naturalist:entity.tortoise.hide
[17:08:40] [Render thread/INFO]: Unknown sound in sound rate config: naturalist:entity.tortoise.hurt
[17:08:40] [Render thread/INFO]: Unknown sound in sound rate config: naturalist:entity.tortoise.thud
[17:08:40] [Render thread/INFO]: Unknown sound in sound rate config: naturalist:entity.vulture.ambient
[17:08:40] [Render thread/INFO]: Unknown sound in sound rate config: naturalist:entity.vulture.death
[17:08:40] [Render thread/INFO]: Unknown sound in sound rate config: naturalist:entity.vulture.hurt
[17:08:40] [Render thread/INFO]: Unknown sound in sound rate config: naturalist:entity.zebra.ambient
[17:08:40] [Render thread/INFO]: Unknown sound in sound rate config: naturalist:entity.zebra.angry
[17:08:40] [Render thread/INFO]: Unknown sound in sound rate config: naturalist:entity.zebra.breathe
[17:08:40] [Render thread/INFO]: Unknown sound in sound rate config: naturalist:entity.zebra.death
[17:08:40] [Render thread/INFO]: Unknown sound in sound rate config: naturalist:entity.zebra.eat
[17:08:40] [Render thread/INFO]: Unknown sound in sound rate config: naturalist:entity.zebra.hurt
[17:08:40] [Render thread/INFO]: Unknown sound in sound rate config: naturalist:entity.zebra.jump
[17:08:40] [Render thread/INFO]: Unknown sound in sound rate config: naturalist:item.bucket.empty_snail
[17:08:40] [Render thread/INFO]: Unknown sound in sound rate config: naturalist:item.bucket.fill_snail
[17:08:40] [Render thread/INFO]: Unknown sound in sound rate config: mythicmetals:music_disc.dog4
[17:08:40] [Render thread/INFO]: Deserializing WorldSoundsConfig from 'C:\Users\Surface\AppData\Roaming\ElyPrismLauncher\instances\BiotechS\minecraft\config\sounds\world.json'
[17:08:40] [Render thread/INFO]: Deserializing ChatSoundsConfig from 'C:\Users\Surface\AppData\Roaming\ElyPrismLauncher\instances\BiotechS\minecraft\config\sounds\chat.json'
[17:08:40] [Render thread/INFO]: Deserializing UISoundsConfig from 'C:\Users\Surface\AppData\Roaming\ElyPrismLauncher\instances\BiotechS\minecraft\config\sounds\ui.json'
[17:08:40] [Render thread/INFO]: Deserializing EventSoundsConfig from 'C:\Users\Surface\AppData\Roaming\ElyPrismLauncher\instances\BiotechS\minecraft\config\sounds\event.json'
[17:08:40] [Render thread/INFO]: Deserializing ModConfig from 'C:\Users\Surface\AppData\Roaming\ElyPrismLauncher\instances\BiotechS\minecraft\config\sounds\mod_utils.json'
[17:08:40] [Render thread/INFO]: Serializing class dev.imb11.sounds.config.ChatSoundsConfig to 'C:\Users\Surface\AppData\Roaming\ElyPrismLauncher\instances\BiotechS\minecraft\config\sounds\chat.json'
[17:08:41] [Render thread/WARN]: Method overwrite conflict for getModel in fabric-model-loading-api-v1.mixins.json:BakedModelManagerMixin from mod fabric-model-loading-api-v1, previously written by foundationgames.enhancedblockentities.mixin.BakedModelManagerMixin. Skipping method.
[17:08:41] [Render thread/INFO]: Constructing client components for visualworkbench:main
[17:08:41] [Render thread/INFO]: Registering S2C receiver with id weaponleveling:toast_packet
[17:08:41] [Render thread/INFO]: Registering S2C receiver with id weaponleveling:sync_config_packet
[17:08:41] [Render thread/INFO]: Registering S2C receiver with id weaponleveling:sync_data_packet
[17:08:41] [Render thread/INFO]: Registering S2C receiver with id wildernature:screen_update
[17:08:42] [Render thread/INFO]: Registering common data for channel xaerolib:main!
[17:08:42] [Render thread/INFO]: Registering client data for channel xaerolib:main!
[17:08:42] [Render thread/INFO]: Loading primary common config for channel xaerolib:main!
[17:08:42] [Render thread/INFO]: Loading server config profiles for channel xaerolib:main!
[17:08:42] [Render thread/INFO]: Loading primary client config for channel xaerolib:main!
[17:08:42] [Render thread/INFO]: Loading client config profiles for channel xaerolib:main!
[17:08:42] [Render thread/INFO]: Loading XaeroLib common 1/2!
[17:08:42] [Render thread/INFO]: Loading XaeroLib client 1/2!
[17:08:43] [Render thread/WARN]: io exception while checking patreon: Online mod data expired! Date: Sat May 23 15:44:16 ICT 2026
[17:08:43] [Render thread/INFO]: Registering common data for channel xaerominimap:main!
[17:08:43] [Render thread/INFO]: Registering client data for channel xaerominimap:main!
[17:08:43] [Render thread/INFO]: Loading primary common config for channel xaerominimap:main!
[17:08:43] [Render thread/INFO]: Loading server config profiles for channel xaerominimap:main!
[17:08:43] [Render thread/INFO]: Loading primary client config for channel xaerominimap:main!
[17:08:43] [Render thread/INFO]: Loading client config profiles for channel xaerominimap:main!
[17:08:43] [Render thread/INFO]: Loading Xaero's Minimap - Stage 1/2
[17:08:43] [Render thread/INFO]: Registering common data for channel xaeroworldmap:main!
[17:08:43] [Render thread/INFO]: Registering client data for channel xaeroworldmap:main!
[17:08:43] [Render thread/INFO]: Loading primary common config for channel xaeroworldmap:main!
[17:08:43] [Render thread/INFO]: Loading server config profiles for channel xaeroworldmap:main!
[17:08:43] [Render thread/INFO]: Loading primary client config for channel xaeroworldmap:main!
[17:08:43] [Render thread/INFO]: Loading client config profiles for channel xaeroworldmap:main!
[17:08:43] [Render thread/INFO]: Loading Xaero's World Map - Stage 1/2
[17:08:43] [Render thread/INFO]: Registering S2C receiver with id yaf:sync_mailbox_fail
[17:08:43] [Render thread/INFO]: Registering S2C receiver with id yaf:sync_mailbox_text_reset
[17:08:43] [Render thread/INFO]: Deserializing YACLConfig from 'C:\Users\Surface\AppData\Roaming\ElyPrismLauncher\instances\BiotechS\minecraft\config\yacl.json5'
[17:08:43] [Render thread/INFO]: Mixing client.MixinOptions from mixins/common/nochatreports.mixins.json into net.minecraft.class_315
[17:08:43] [Render thread/INFO]: Renaming synthetic method lambda$onlyShowSecureChat$0(Ljava/lang/Boolean;)V to md64e409$nochatreports$lambda$onlyShowSecureChat$0$2 in mixins/common/nochatreports.mixins.json:client.MixinOptions from mod nochatreports
[17:08:43] [Render thread/INFO]: Mixing client.MixinChatComponent from mixins/common/nochatreports.mixins.json into net.minecraft.class_338
[17:08:43] [Render thread/INFO]: Renaming synthetic method lambda$modifyGUIMessage$1()V to md64e409$nochatreports$lambda$modifyGUIMessage$1$0 in mixins/common/nochatreports.mixins.json:client.MixinChatComponent from mod nochatreports
[17:08:43] [Render thread/INFO]: Renaming synthetic method lambda$modifyGUIMessage$0(Lnet/minecraft/class_5348;Lnet/minecraft/class_2561;)V to md64e409$nochatreports$lambda$modifyGUIMessage$0$1 in mixins/common/nochatreports.mixins.json:client.MixinChatComponent from mod nochatreports
[17:08:43] [Render thread/INFO]: Mixing client.MixinGuiMessageTagIcon from mixins/common/nochatreports.mixins.json into net.minecraft.class_7591$class_7592
[17:08:43] [Render thread/INFO]: Renaming @Invoker method create(Ljava/lang/String;IIIII)Lnet/minecraft/class_7591$class_7592; to create$nochatreports_$md$64e409$0 in mixins/common/nochatreports.mixins.json:client.MixinGuiMessageTagIcon from mod nochatreports
[17:08:43] [Render thread/INFO]: Backend library: LWJGL version 3.3.1 SNAPSHOT
[17:08:44] [Render thread/INFO]: OpenGL Vendor: Intel
[17:08:44] [Render thread/INFO]: OpenGL Renderer: Intel(R) Iris(R) Plus Graphics
[17:08:44] [Render thread/INFO]: OpenGL Version: 3.2.0 - Build 31.0.101.2125
[17:08:44] [Render thread/INFO]: Initializing ImmediatelyFast 1.5.4+1.20.4 on Intel(R) Iris(R) Plus Graphics (Intel) with OpenGL 3.2.0 - Build 31.0.101.2125
[17:08:44] [Render thread/INFO]: Found Iris/Oculus 1.7.6+mc1.20.1. Enabling compatibility.
[17:08:44] [Render thread/INFO]: Debug functionality is disabled.
[17:08:44] [Render thread/INFO]: ARB_direct_state_access detected, enabling DSA.
[17:08:44] [Render thread/INFO]: Shaders are disabled because enableShaders is set to false in iris.properties
[17:08:44] [Render thread/INFO]: ARRP register - before vanilla
[17:08:44] [Render thread/INFO]: ARRP register - after vanilla
[17:08:44] [Render thread/INFO]: ARRP register - before user
[17:08:45] [Render thread/INFO]: Block minecraft:water_cauldron had its color provider replaced with net.mehvahdjukaar.amendments.AmendmentsClient$$Lambda$21644/0x00000000828dafa8@78cf2063 and will not use per-vertex coloring
[17:08:45] [Render thread/INFO]: Hardware information:
[17:08:45] [Render thread/INFO]: CPU: 8x Intel(R) Core(TM) i5-1035G7 CPU @ 1.20GHz
[17:08:45] [Render thread/INFO]: GPU: Intel(R) Iris(R) Plus Graphics (Supports OpenGL 3.2.0 - Build 31.0.101.2125)
[17:08:45] [Render thread/INFO]: OS: Windows 11 (10.0)
[17:08:46] [Render thread/INFO]: Replacing search trees with 'JEI' provider
[17:08:46] [Render thread/INFO]: Mixing client.MixinChatListener from mixins/common/nochatreports.mixins.json into net.minecraft.class_7594
[17:08:46] [Render thread/INFO]: Reloading ResourceManager: vanilla, fabric (additionalentityattributes, advanced_runtime_resource_pack, advancementinfo, alloy_forgery, almostunified, amendments, animatica, another_furniture, appleskin, aquamirae, bakery, balm, bbb, beachparty, betterdeserttemples, betterdungeons, betterendisland, betterfortresses, betterjungletemples, bettermineshafts, bettermounthud, betteroceanmonuments, betterstrongholds, blahaj, blazingbamboo, blockrunner, blockswap, borderlessmining, bosses_of_mass_destruction, bountiful, bows, brewery, c2me, caffeineconfig, capes, cardinal-components, cardinal-components-base, cardinal-components-block, cardinal-components-chunk, cardinal-components-entity, cardinal-components-item, cardinal-components-level, cardinal-components-scoreboard, cardinal-components-world, cherishedworlds, chipped, cicada, citresewn, citresewn-defaults, cloth-config, comforts, conditional-mixin, continuity, cooldown-coordinator, craftpresence, cratedelight, creeperoverhaul, debugify, diggusmaximus, dripstone_fluid_lib, dummmmmmy, dynamic_fps, e4mc, earth-and-water, effortless, enchance, enchancement, enchancement_unbound, endermanoverhaul, enhancedblockentities, entity_model_features, entity_texture_features, entityculling, experienced_crops, extractinator, fabric-api, fabric-api-base, fabric-api-lookup-api-v1, fabric-biome-api-v1, fabric-block-api-v1, fabric-block-view-api-v2, fabric-blockrenderlayer-v1, fabric-client-tags-api-v1, fabric-command-api-v1, fabric-command-api-v2, fabric-commands-v0, fabric-containers-v0, fabric-content-registries-v0, fabric-convention-tags-v1, fabric-crash-report-info-v1, fabric-data-attachment-api-v1, fabric-data-generation-api-v1, fabric-dimensions-v1, fabric-entity-events-v1, fabric-events-interaction-v0, fabric-events-lifecycle-v0, fabric-game-rule-api-v1, fabric-item-api-v1, fabric-item-group-api-v1, fabric-key-binding-api-v1, fabric-keybindings-v0, fabric-language-kotlin, fabric-lifecycle-events-v1, fabric-loot-api-v2, fabric-loot-tables-v1, fabric-message-api-v1, fabric-mining-level-api-v1, fabric-model-loading-api-v1, fabric-models-v0, fabric-networking-api-v1, fabric-networking-v0, fabric-object-builder-api-v1, fabric-particles-v1, fabric-recipe-api-v1, fabric-registry-sync-v0, fabric-renderer-api-v1, fabric-renderer-indigo, fabric-renderer-registries-v1, fabric-rendering-data-attachment-v1, fabric-rendering-fluids-v1, fabric-rendering-v0, fabric-rendering-v1, fabric-resource-conditions-api-v1, fabric-resource-loader-v0, fabric-screen-api-v1, fabric-screen-handler-api-v1, fabric-sound-api-v1, fabric-transfer-api-v1, fabric-transitive-access-wideners-v1, fabricloader, fabricskyboxes, fabrishot, fadeless, fantasy_weapons, farm_and_charm, farmersdelight, fastquit, faunify, forgeconfigapiport, friendsandfoes, fsb-interop, fullbrightnesstoggle, furniture, geckolib, golemoverhaul, grounded, handcrafted, hearth_and_home, herbalbrews, hoppergadgetry, hybrid-aquatic, illagerinvasion, immediatelyfast, immersiveores, indium, iris, jade, jadensnetherexpansiondelight, jei, keybind_fix, kyrptconfig, lambdynlights, lambdynlights_api, languagereload, letsdocompat, lilis_lucky_lures, lithium, lootr, low_fire_reborn, maelstrom_library, magna, mantle, mavapi, mavm, mes, midnightlib, milk, mixintrace, mm, modern_industrialization, modernfix, modmenu, moogs_structures, moonlight, morechathistory, moreculling, moredelight, moremobvariants, moyai, mr_true_ending, mr_ultimate_bosses, mru, mynethersdelight, mysticsbiomes, mythicmetals, naturalist, naturescompass, nears, netherexp, nethervinery, nochatreports, noindium, obscure_api, omnicrossbow, omnihopper, optigui, overweight_farming, owo, patchouli, playerabilitylib, polymer-core, polymer-resource-pack, porting_lib_accessors, porting_lib_attributes, porting_lib_base, porting_lib_brewing, porting_lib_client_events, porting_lib_common, porting_lib_config, porting_lib_core, porting_lib_data, porting_lib_entity, porting_lib_extensions, porting_lib_fluids, porting_lib_gui_utils, porting_lib_items, porting_lib_lazy_registration, porting_lib_loot, porting_lib_mixin_extensions, porting_lib_model_loader, porting_lib_models, porting_lib_networking, porting_lib_recipe_book_categories, porting_lib_tags, porting_lib_tool_actions, porting_lib_transfer, porting_lib_utility, potionsauce, pride, puzzle, reach-entity-attributes, reeses-sodium-options, respawnablepets, riverredux, rottencreatures, rrls, skinlayers3d, snowundertrees, sodium, sodium-extra, somemoreblocks, sound_physics_remastered, sounds, spark, spawn, spruceui, status-effect-bars, step-height-entity-attribute, strongheld, structure_layout_optimizer, structurecontrol, structurify, supplementaries, suppsquared, tconstruct, team_reborn_energy, tectonic, terrablender, tooltipfix, travelersbackpack, trender, trinkets, twigs, universal-graves, vanillabackport, villager-pickup, vinery, visuality, waystones, weaponleveling, weaponlevelingtransfer, wildernature, wits, xaerolib, xaerominimap, xaeroworldmap, yaf, yet_another_config_lib_v3, yosbr, yungscavebiomes, zfastnoise, zoomify), mi_generated_pack, continuity:glass_pane_culling_fix, continuity:default, file/SodiumTranslations.zip, file/Mod Menu Helper.zip, file/Chat Reporting Helper.zip, file/Fast Better Grass.zip, netherexp:jne_retextures, Moonlight Mods Dynamic Assets
[17:08:46] [Render thread/INFO]: closing rrp ebe:base_resources
[17:08:46] [Render thread/INFO]: ARRP register - before vanilla
[17:08:46] [Render thread/INFO]: ARRP register - after vanilla
[17:08:46] [Render thread/ERROR]: [citresewn] Caution! Broken paths is enabled!
[17:08:46] [Worker-ResourceReload-0/INFO]: Starting runtime resource generation for pack type CLIENT_RESOURCES with generators from mods [moonlight, suppsquared, amendments, supplementaries, suppsquared, supplementaries]: [net.mehvahdjukaar.moonlight.core.MoonlightClient$MLDynamicClientResources@4848ae59, net.mehvahdjukaar.amendments.client.ClientResourceGenerator@80949d1, net.mehvahdjukaar.supplementaries.dynamicpack.ClientDynamicResourcesGenerator@4547bdfd, net.mehvahdjukaar.suppsquared.client.ClientPackProvider@6ffcb8c0]
[17:08:46] [Worker-ResourceReload-0/INFO]: Generating runtime assets for pack Moonlight Mods Dynamic Assets (moonlight)
[17:08:46] [Worker-ResourceReload-0/INFO]: Generated runtime CLIENT_RESOURCES for pack Moonlight Mods Dynamic Assets (moonlight) in: 9 ms (multithreaded)
[17:08:46] [Worker-ResourceReload-0/INFO]: Generating runtime assets for pack Moonlight Mods Dynamic Assets (amendments)
[17:08:46] [Render thread/INFO]: Mixing client.MixinJoinMultiplayerScreen from mixins/common/nochatreports.mixins.json into net.minecraft.class_500
[17:08:46] [Render thread/INFO]: Renaming synthetic method lambda$onInit$2()Lnet/minecraft/class_2561; to md64e409$nochatreports$lambda$onInit$2$0 in mixins/common/nochatreports.mixins.json:client.MixinJoinMultiplayerScreen from mod nochatreports
[17:08:46] [Render thread/INFO]: Renaming synthetic method lambda$onInit$1(Lnet/minecraft/class_4185;)V to md64e409$nochatreports$lambda$onInit$1$1 in mixins/common/nochatreports.mixins.json:client.MixinJoinMultiplayerScreen from mod nochatreports
[17:08:46] [Render thread/INFO]: Renaming synthetic method lambda$onInit$0(Lnet/minecraft/class_4185;)V to md64e409$nochatreports$lambda$onInit$0$2 in mixins/common/nochatreports.mixins.json:client.MixinJoinMultiplayerScreen from mod nochatreports
[17:08:47] [pool-4-thread-2/ERROR]: Failed to generate model for double cake mynethersdelight:magma_cake,
java.io.FileNotFoundException: Could not find any texture associated to the given block mynethersdelight:magma_cake
	at net.mehvahdjukaar.moonlight.api.resources.RPUtils.findFirstBlockTextureLocation(RPUtils.java:101) ~[moonlight-1.20-2.16.32-fabric.jar:?]
	at net.mehvahdjukaar.amendments.client.ClientResourceGenerator.generateDoubleCakesAssets(ClientResourceGenerator.java:436) ~[amendments-1.20-2.2.5-fabric.jar:?]
	at net.mehvahdjukaar.moonlight.api.resources.pack.DynResourceGenerator.lambda$regenerateDynamicAssets$0(DynResourceGenerator.java:100) ~[moonlight-1.20-2.16.32-fabric.jar:?]
	at java.util.concurrent.CompletableFuture$AsyncSupply.run(CompletableFuture.java:1768) ~[?:?]
	at java.util.concurrent.ThreadPoolExecutor.runWorker(ThreadPoolExecutor.java:1136) ~[?:?]
	at java.util.concurrent.ThreadPoolExecutor$Worker.run(ThreadPoolExecutor.java:635) ~[?:?]
	at java.lang.Thread.run(Thread.java:840) ~[?:?]
[17:08:47] [pool-4-thread-1/ERROR]: fromAnimatedImage - Palette mask mythicmetals:item/tools/doge needs to be at least as large as the target image amendments:block/music_discs/music_disc_mask and have the same frame count. You must alter the mask's 16x16 to match the texture size's 32x32
[17:08:47] [Worker-ResourceReload-0/INFO]: Generated runtime CLIENT_RESOURCES for pack Moonlight Mods Dynamic Assets (amendments) in: 247 ms (multithreaded)
[17:08:47] [Worker-ResourceReload-0/INFO]: Generating runtime assets for pack Moonlight Mods Dynamic Assets (supplementaries)
[17:08:47] [Realms Notification Availability checker #1/INFO]: Could not authorize you against Realms server: java.lang.NullPointerException
[17:08:47] [Render thread/INFO]: Creating pipeline for dimension minecraft:overworld
[17:08:47] [Worker-ResourceReload-0/INFO]: Generated runtime CLIENT_RESOURCES for pack Moonlight Mods Dynamic Assets (supplementaries) in: 551 ms (multithreaded)
[17:08:47] [Worker-ResourceReload-0/INFO]: Generating runtime assets for pack Moonlight Mods Dynamic Assets (suppsquared)
[17:08:47] [Render thread/INFO]: Cached all modded block culling states
[17:08:47] [Render thread/INFO]: Game entered main loop!
[17:08:47] [Worker-ResourceReload-0/INFO]: Generated runtime CLIENT_RESOURCES for pack Moonlight Mods Dynamic Assets (suppsquared) in: 92 ms (multithreaded)
[17:08:47] [Worker-ResourceReload-0/INFO]: Finished runtime resources generation for 6 packs in a total of 903 ms
[17:08:48] [Render thread/INFO]: Start loading plugin from Balm
[17:08:48] [Render thread/INFO]: Start loading plugin from Jade
[17:08:48] [Render thread/INFO]: Start loading plugin from Jade
[17:08:48] [Render thread/INFO]: Start loading plugin from Jade
[17:08:48] [Render thread/INFO]: Start loading plugin from Polymer (Core)
[17:08:48] [Render thread/INFO]: Start loading plugin from Supplementaries
[17:08:48] [Render thread/INFO]: Start loading plugin from Waystones
[17:08:48] [Render thread/ERROR]: Registry 'minecraft:wolf_sound_variant' was empty after loading
[17:08:48] [Render thread/ERROR]: Registry 'minecraft:cow_variant' was empty after loading
[17:08:48] [Render thread/ERROR]: Registry 'minecraft:chicken_variant' was empty after loading
[17:08:48] [Render thread/ERROR]: Registry 'minecraft:pig_variant' was empty after loading
[17:08:48] [Render thread/ERROR]: Registry 'minecraft:wolf_variant' was empty after loading
[17:08:48] [Render thread/ERROR]: Registry 'vanillabackport:frog_variant' was empty after loading
[17:08:48] [Render thread/ERROR]: Registry 'vanillabackport:cat_variant' was empty after loading
[17:08:48] [Render thread/ERROR]: Registry 'vanillabackport:sulfur_cube_archetypes' was empty after loading
[17:08:48] [Render thread/INFO]: Loading Xaero's World Map - Stage 2/2
[17:08:48] [Render thread/INFO]: New world map region cache hash code: 1035715420
[17:08:49] [Render thread/ERROR]: io exception while checking versions: Online mod data expired! Date: Sat May 23 15:44:16 ICT 2026
[17:08:49] [Render thread/INFO]: Registered player tracker system: map_synced
[17:08:49] [Render thread/INFO]: Xaero's WorldMap Mod: Xaero's minimap found!
[17:08:49] [Render thread/INFO]: Registered player tracker system: minimap_synced
[17:08:49] [Render thread/INFO]: No Optifine!
[17:08:49] [Render thread/INFO]: Xaero's World Map: No Vivecraft!
[17:08:49] [Render thread/INFO]: Xaero's World Map: Iris found!
[17:08:49] [Worker-ResourceReload-4/INFO]: Found unifont_all_no_pua-15.0.06.hex, loading
[17:08:49] [Worker-ResourceReload-6/WARN]: File supplementaries:sounds/item/awning_bounce_1.ogg does not exist, cannot add it to event supplementaries:block.awning.bounce
[17:08:49] [Worker-ResourceReload-6/WARN]: File supplementaries:sounds/item/awning_bounce_2.ogg does not exist, cannot add it to event supplementaries:block.awning.bounce
[17:08:49] [Worker-ResourceReload-6/WARN]: File supplementaries:sounds/item/awning_bounce_3.ogg does not exist, cannot add it to event supplementaries:block.awning.bounce
[17:08:49] [Worker-ResourceReload-6/WARN]: Invalid sounds.json in resourcepack: 'enchance'
com.google.gson.JsonSyntaxException: Expected entry to be a JsonObject, was "All...ed"
	at net.minecraft.class_3518.method_15295(class_3518.java:413) ~[client-intermediary.jar:?]
	at net.minecraft.class_1115.method_4791(class_1115.java:23) ~[client-intermediary.jar:?]
	at net.minecraft.class_1115.deserialize(class_1115.java:18) ~[client-intermediary.jar:?]
	at com.google.gson.internal.bind.TreeTypeAdapter.read(TreeTypeAdapter.java:76) ~[gson-2.10.jar:?]
	at com.google.gson.internal.bind.TypeAdapterRuntimeTypeWrapper.read(TypeAdapterRuntimeTypeWrapper.java:40) ~[gson-2.10.jar:?]
	at com.google.gson.internal.bind.MapTypeAdapterFactory$Adapter.read(MapTypeAdapterFactory.java:186) ~[gson-2.10.jar:?]
	at com.google.gson.internal.bind.MapTypeAdapterFactory$Adapter.read(MapTypeAdapterFactory.java:144) ~[gson-2.10.jar:?]
	at net.minecraft.class_3518.method_47992(class_3518.java:543) ~[client-intermediary.jar:?]
	at net.minecraft.class_3518.method_15273(class_3518.java:550) ~[client-intermediary.jar:?]
	at net.minecraft.class_3518.method_15297(class_3518.java:572) ~[client-intermediary.jar:?]
	at net.minecraft.class_1144.method_18180(class_1144.java:81) ~[client-intermediary.jar:?]
	at net.minecraft.class_1144.method_18789(class_1144.java:40) ~[client-intermediary.jar:?]
	at net.minecraft.class_4080.method_18791(class_4080.java:11) ~[client-intermediary.jar:?]
	at java.util.concurrent.CompletableFuture$AsyncSupply.run(CompletableFuture.java:1768) ~[?:?]
	at java.util.concurrent.CompletableFuture$AsyncSupply.exec(CompletableFuture.java:1760) ~[?:?]
	at java.util.concurrent.ForkJoinTask.doExec(ForkJoinTask.java:373) ~[?:?]
	at java.util.concurrent.ForkJoinPool$WorkQueue.topLevelExec(ForkJoinPool.java:1182) ~[?:?]
	at java.util.concurrent.ForkJoinPool.scan(ForkJoinPool.java:1655) ~[?:?]
	at java.util.concurrent.ForkJoinPool.runWorker(ForkJoinPool.java:1622) ~[?:?]
	at java.util.concurrent.ForkJoinWorkerThread.run(ForkJoinWorkerThread.java:165) ~[?:?]
[17:08:49] [Worker-ResourceReload-6/WARN]: File earth-and-water:sounds/block/trial_spawner/step6.ogg does not exist, cannot add it to event earth-and-water:block.trial_spawner.step
[17:08:49] [Worker-ResourceReload-6/WARN]: File earth-and-water:sounds/block/trial_spawner/step6.ogg does not exist, cannot add it to event earth-and-water:block.trial_spawner.fall
[17:08:49] [Worker-ResourceReload-6/WARN]: File earth-and-water:sounds/block/trial_spawner/eject_item.ogg does not exist, cannot add it to event earth-and-water:block.trial_spawner.eject_item
[17:08:49] [Worker-ResourceReload-6/WARN]: File minecraft:sounds/music/sound2.ogg does not exist, cannot add it to event minecraft:music.sound2
[17:08:49] [Worker-ResourceReload-6/WARN]: File minecraft:sounds/music/sound3.ogg does not exist, cannot add it to event minecraft:music.sound3
[17:08:49] [Worker-ResourceReload-6/WARN]: File minecraft:sounds/music/sound4.ogg does not exist, cannot add it to event minecraft:music.sound4
[17:08:49] [Worker-ResourceReload-6/WARN]: File minecraft:sounds/music/sound5.ogg does not exist, cannot add it to event minecraft:music.sound5
[17:08:49] [Worker-ResourceReload-6/WARN]: File minecraft:sounds/music/sound6.ogg does not exist, cannot add it to event minecraft:music.sound6
[17:08:49] [Worker-ResourceReload-6/WARN]: File minecraft:sounds/music/sound7.ogg does not exist, cannot add it to event minecraft:music.sound7
[17:08:49] [Worker-ResourceReload-6/WARN]: File minecraft:sounds/music/sound8.ogg does not exist, cannot add it to event minecraft:music.sound8
[17:08:49] [Worker-ResourceReload-6/WARN]: File minecraft:sounds/music/sound9.ogg does not exist, cannot add it to event minecraft:music.sound9
[17:08:49] [Worker-ResourceReload-6/WARN]: File minecraft:sounds/music/sound10.ogg does not exist, cannot add it to event minecraft:music.sound10
[17:08:49] [Worker-ResourceReload-6/WARN]: File minecraft:sounds/music/sound11.ogg does not exist, cannot add it to event minecraft:music.sound11
[17:08:49] [Worker-ResourceReload-6/WARN]: File minecraft:sounds/music/sound12.ogg does not exist, cannot add it to event minecraft:music.sound12
[17:08:49] [Worker-ResourceReload-6/WARN]: File minecraft:sounds/music/sound13.ogg does not exist, cannot add it to event minecraft:music.sound13
[17:08:49] [Worker-ResourceReload-6/WARN]: File minecraft:sounds/music/sound14.ogg does not exist, cannot add it to event minecraft:music.sound14
[17:08:49] [Worker-ResourceReload-6/WARN]: File minecraft:sounds/music/sound15.ogg does not exist, cannot add it to event minecraft:music.sound15
[17:08:49] [Worker-ResourceReload-6/WARN]: File minecraft:sounds/music/sound16.ogg does not exist, cannot add it to event minecraft:music.sound16
[17:08:49] [Worker-ResourceReload-6/WARN]: File minecraft:sounds/music/sound17.ogg does not exist, cannot add it to event minecraft:music.sound17
[17:08:49] [Worker-ResourceReload-6/WARN]: File minecraft:sounds/music/sound18.ogg does not exist, cannot add it to event minecraft:music.sound18
[17:08:49] [Worker-ResourceReload-6/WARN]: File minecraft:sounds/music/sound19.ogg does not exist, cannot add it to event minecraft:music.sound19
[17:08:49] [Worker-ResourceReload-6/WARN]: File minecraft:sounds/music/sound20.ogg does not exist, cannot add it to event minecraft:music.sound20
[17:08:49] [Worker-ResourceReload-6/WARN]: File minecraft:sounds/music/sound21.ogg does not exist, cannot add it to event minecraft:music.sound21
[17:08:49] [Worker-ResourceReload-6/WARN]: File minecraft:sounds/music/sound22.ogg does not exist, cannot add it to event minecraft:music.sound22
[17:08:49] [Worker-ResourceReload-6/WARN]: File minecraft:sounds/music/sound23.ogg does not exist, cannot add it to event minecraft:music.sound23
[17:08:49] [Worker-ResourceReload-6/WARN]: File minecraft:sounds/music/sound24.ogg does not exist, cannot add it to event minecraft:music.sound24
[17:08:49] [Worker-ResourceReload-6/WARN]: File minecraft:sounds/music/sound25.ogg does not exist, cannot add it to event minecraft:music.sound25
[17:08:49] [Worker-ResourceReload-6/WARN]: File minecraft:sounds/music/sound26.ogg does not exist, cannot add it to event minecraft:music.sound26
[17:08:49] [Worker-ResourceReload-6/WARN]: File minecraft:sounds/music/sound27.ogg does not exist, cannot add it to event minecraft:music.sound27
[17:08:49] [Worker-ResourceReload-6/WARN]: File minecraft:sounds/music/sound28.ogg does not exist, cannot add it to event minecraft:music.sound28
[17:08:49] [Worker-ResourceReload-6/WARN]: File minecraft:sounds/music/sound29.ogg does not exist, cannot add it to event minecraft:music.sound29
[17:08:49] [Worker-ResourceReload-6/WARN]: File minecraft:sounds/music/sound30.ogg does not exist, cannot add it to event minecraft:music.sound30
[17:08:49] [Worker-ResourceReload-6/WARN]: File minecraft:sounds/music/sound31.ogg does not exist, cannot add it to event minecraft:music.sound31
[17:08:49] [Worker-ResourceReload-6/WARN]: File naturalist:sounds/mob/giraffe/idle.ogg does not exist, cannot add it to event naturalist:entity.giraffe.ambient
[17:08:50] [Render thread/INFO]: Loading Xaero's Minimap - Stage 2/2
[17:08:50] [Worker-ResourceReload-1/INFO]: 91 material render infos loaded
[17:08:51] [Render thread/WARN]: io exception while checking versions: Online mod data expired! Date: Sat May 23 15:44:16 ICT 2026
[17:08:51] [Render thread/INFO]: Registered player tracker system: minimap_synced
[17:08:51] [Render thread/INFO]: Xaero's Minimap: World Map found!
[17:08:51] [Render thread/INFO]: No Optifine!
[17:08:51] [Render thread/INFO]: Xaero's Minimap: No Vivecraft!
[17:08:51] [Render thread/INFO]: Xaero's Minimap: Iris found!
[17:08:51] [Worker-ResourceReload-5/WARN]: Failed to find block entries for tag key: minecraft:cauldrons
[17:08:52] [Render thread/INFO]: Parsed 217 mod(s) metadata in 1539 ms
[17:08:52] [Render thread/INFO]: Modlist saved to config\crash_assistant\modlist.json
[17:08:52] [Render thread/INFO]: Loading XaeroLib common 2/2!
[17:08:52] [Render thread/INFO]: Loading XaeroLib client 2/2!
[17:08:53] [Finalizer/WARN]: One or more BufferBuilders have been leaked, ModernFix will attempt to correct this.
[17:09:05] [Worker-ResourceReload-5/INFO]: Early baking 496 models
[17:09:09] [Render thread/WARN]: Missing sound for event: minecraft:item.goat_horn.play
[17:09:09] [Render thread/WARN]: Missing sound for event: minecraft:entity.goat.screaming.horn_break
[17:09:09] [Render thread/WARN]: Missing sound for event: naturalist:tortoise_hurt
[17:09:09] [Render thread/WARN]: Missing sound for event: naturalist:tortoise_death
[17:09:09] [Render thread/WARN]: Missing sound for event: naturalist:rubber_ducky_death
[17:09:09] [Render thread/WARN]: Missing sound for event: netherexp:block.suspicious_soul_sand.step
[17:09:09] [Render thread/WARN]: Missing sound for event: netherexp:block.suspicious_soul_sand.hit
[17:09:09] [Render thread/WARN]: Missing sound for event: netherexp:block.suspicious_soul_sand.fall
[17:09:09] [Render thread/WARN]: Missing sound for event: netherexp:item.brush.brushing_soul_sand_complete
[17:09:09] [Render thread/WARN]: Missing sound for event: spawn:entity.fish.swim
[17:09:09] [Render thread/WARN]: Missing sound for event: minecraft:block.potent_sulfur.geyser_continuous_eruption_start
[17:09:09] [Render thread/WARN]: Missing sound for event: minecraft:item.ominous_bottle.dispose
[17:09:09] [Render thread/WARN]: Missing sound for event: sounds:item.hard_metal.hold
[17:09:09] [Render thread/WARN]: Missing sound for event: sounds:item.shiny_metal.hold
[17:09:09] [Render thread/INFO]: OpenAL initialized on device OpenAL Soft on Speakers (Realtek High Definition Audio(SST))
[17:09:09] [Render thread/INFO]: Initializing Sound Physics
[17:09:09] [Render thread/INFO]: EFX Extension recognized
[17:09:09] [Render thread/INFO]: Max auxiliary sends: 4
[17:09:09] [Render thread/INFO]: Aux slot 1 created
[17:09:09] [Render thread/INFO]: Aux slot 2 created
[17:09:09] [Render thread/INFO]: Aux slot 3 created
[17:09:09] [Render thread/INFO]: Aux slot 4 created
[17:09:09] [Render thread/INFO]: EFX ready
[17:09:09] [Render thread/INFO]: Sound engine started
[17:09:10] [Render thread/INFO]: Created: 8192x4096x0 minecraft:textures/atlas/blocks.png-atlas
[17:09:27] [Render thread/INFO]: Created: 512x512x0 minecraft:textures/atlas/signs.png-atlas
[17:09:27] [Render thread/INFO]: Created: 512x512x0 minecraft:textures/atlas/shield_patterns.png-atlas
[17:09:27] [Render thread/INFO]: Created: 512x512x0 minecraft:textures/atlas/banner_patterns.png-atlas
[17:09:27] [Render thread/INFO]: Created: 2048x1024x0 minecraft:textures/atlas/armor_trims.png-atlas
[17:09:27] [Render thread/INFO]: Created: 128x128x0 minecraft:textures/atlas/decorated_pot.png-atlas
[17:09:27] [Render thread/INFO]: Created: 512x256x0 minecraft:textures/atlas/chest.png-atlas
[17:09:27] [Render thread/INFO]: Created: 512x256x0 minecraft:textures/atlas/shulker_boxes.png-atlas
[17:09:27] [Render thread/INFO]: Created: 512x256x0 minecraft:textures/atlas/beds.png-atlas
[17:09:33] [Render thread/INFO]: OpenGL debug message: id=1, source=SHADER COMPILER, type=ERROR, severity=HIGH, message='SHADER_ID_LINK error has been generated. GLSL link failed for program 59, "": The  shader uses varying frag_IViewRotMat, but previous shader does not write to it.
Out of resource error.
'
[17:09:33] [Render thread/WARN]: Error encountered when linking program containing VS supplementaries:spherify and FS supplementaries:spherify. Log output:
[17:09:33] [Render thread/WARN]: The  shader uses varying frag_IViewRotMat, but previous shader does not write to it.
Out of resource error.

[17:09:33] [Render thread/INFO]: OpenGL debug message: id=1282, source=API, type=ERROR, severity=HIGH, message='Error has been generated. GL error GL_INVALID_OPERATION in (null): (ID: 3891749976) glGetUniformLocation- program 59, "" is not linked'
[17:09:33] [Render thread/INFO]: OpenGL debug message: id=1282, source=API, type=ERROR, severity=HIGH, message='Error has been generated. GL error GL_INVALID_OPERATION in (null): (ID: 3891749976) glGetUniformLocation- program 59, "" is not linked'
[17:09:33] [Render thread/INFO]: OpenGL debug message: id=1282, source=API, type=ERROR, severity=HIGH, message='Error has been generated. GL error GL_INVALID_OPERATION in (null): (ID: 3891749976) glGetUniformLocation- program 59, "" is not linked'
[17:09:33] [Render thread/INFO]: OpenGL debug message: id=1282, source=API, type=ERROR, severity=HIGH, message='Error has been generated. GL error GL_INVALID_OPERATION in (null): (ID: 3891749976) glGetUniformLocation- program 59, "" is not linked'
[17:09:33] [Render thread/WARN]: Shader supplementaries:spherify could not find sampler named Sampler0 in the specified shader program.
[17:09:33] [Render thread/INFO]: OpenGL debug message: id=1282, source=API, type=ERROR, severity=HIGH, message='Error has been generated. GL error GL_INVALID_OPERATION in (null): (ID: 3891749976) glGetUniformLocation- program 59, "" is not linked'
[17:09:33] [Render thread/WARN]: Shader supplementaries:spherify could not find sampler named Sampler1 in the specified shader program.
[17:09:33] [Render thread/INFO]: OpenGL debug message: id=1282, source=API, type=ERROR, severity=HIGH, message='Error has been generated. GL error GL_INVALID_OPERATION in (null): (ID: 3891749976) glGetUniformLocation- program 59, "" is not linked'
[17:09:33] [Render thread/WARN]: Shader supplementaries:spherify could not find sampler named Sampler2 in the specified shader program.
[17:09:33] [Render thread/INFO]: OpenGL debug message: id=1282, source=API, type=ERROR, severity=HIGH, message='Error has been generated. GL error GL_INVALID_OPERATION in (null): (ID: 3891749976) glGetUniformLocation- program 59, "" is not linked'
[17:09:33] [Render thread/WARN]: Shader supplementaries:spherify could not find uniform named ModelViewMat in the specified shader program.
[17:09:33] [Render thread/INFO]: OpenGL debug message: id=1282, source=API, type=ERROR, severity=HIGH, message='Error has been generated. GL error GL_INVALID_OPERATION in (null): (ID: 3891749976) glGetUniformLocation- program 59, "" is not linked'
[17:09:33] [Render thread/WARN]: Shader supplementaries:spherify could not find uniform named ProjMat in the specified shader program.
[17:09:33] [Render thread/INFO]: OpenGL debug message: id=1282, source=API, type=ERROR, severity=HIGH, message='Error has been generated. GL error GL_INVALID_OPERATION in (null): (ID: 3891749976) glGetUniformLocation- program 59, "" is not linked'
[17:09:33] [Render thread/WARN]: Shader supplementaries:spherify could not find uniform named IViewRotMat in the specified shader program.
[17:09:33] [Render thread/INFO]: OpenGL debug message: id=1282, source=API, type=ERROR, severity=HIGH, message='Error has been generated. GL error GL_INVALID_OPERATION in (null): (ID: 3891749976) glGetUniformLocation- program 59, "" is not linked'
[17:09:33] [Render thread/WARN]: Shader supplementaries:spherify could not find uniform named ColorModulator in the specified shader program.
[17:09:33] [Render thread/INFO]: OpenGL debug message: id=1282, source=API, type=ERROR, severity=HIGH, message='Error has been generated. GL error GL_INVALID_OPERATION in (null): (ID: 3891749976) glGetUniformLocation- program 59, "" is not linked'
[17:09:33] [Render thread/WARN]: Shader supplementaries:spherify could not find uniform named Light0_Direction in the specified shader program.
[17:09:33] [Render thread/INFO]: OpenGL debug message: id=1282, source=API, type=ERROR, severity=HIGH, message='Error has been generated. GL error GL_INVALID_OPERATION in (null): (ID: 3891749976) glGetUniformLocation- program 59, "" is not linked'
[17:09:33] [Render thread/WARN]: Shader supplementaries:spherify could not find uniform named Light1_Direction in the specified shader program.
[17:09:33] [Render thread/INFO]: OpenGL debug message: id=1282, source=API, type=ERROR, severity=HIGH, message='Error has been generated. GL error GL_INVALID_OPERATION in (null): (ID: 3891749976) glGetUniformLocation- program 59, "" is not linked'
[17:09:33] [Render thread/WARN]: Shader supplementaries:spherify could not find uniform named FogStart in the specified shader program.
[17:09:33] [Render thread/INFO]: OpenGL debug message: id=1282, source=API, type=ERROR, severity=HIGH, message='Error has been generated. GL error GL_INVALID_OPERATION in (null): (ID: 3891749976) glGetUniformLocation- program 59, "" is not linked'
[17:09:33] [Render thread/WARN]: Shader supplementaries:spherify could not find uniform named FogEnd in the specified shader program.
[17:09:33] [Render thread/INFO]: OpenGL debug message: id=1282, source=API, type=ERROR, severity=HIGH, message='Error has been generated. GL error GL_INVALID_OPERATION in (null): (ID: 3891749976) glGetUniformLocation- program 59, "" is not linked'
[17:09:33] [Render thread/WARN]: Shader supplementaries:spherify could not find uniform named FogColor in the specified shader program.
[17:09:33] [Render thread/INFO]: OpenGL debug message: id=1282, source=API, type=ERROR, severity=HIGH, message='Error has been generated. GL error GL_INVALID_OPERATION in (null): (ID: 3891749976) glGetUniformLocation- program 59, "" is not linked'
[17:09:33] [Render thread/WARN]: Shader supplementaries:spherify could not find uniform named FogShape in the specified shader program.
[17:09:33] [Render thread/INFO]: OpenGL debug message: id=1282, source=API, type=ERROR, severity=HIGH, message='Error has been generated. GL error GL_INVALID_OPERATION in (null): (ID: 3891749976) glGetUniformLocation- program 59, "" is not linked'
[17:09:33] [Render thread/WARN]: Shader supplementaries:spherify could not find uniform named NoiseSpeed in the specified shader program.
[17:09:33] [Render thread/INFO]: OpenGL debug message: id=1282, source=API, type=ERROR, severity=HIGH, message='Error has been generated. GL error GL_INVALID_OPERATION in (null): (ID: 3891749976) glGetUniformLocation- program 59, "" is not linked'
[17:09:33] [Render thread/WARN]: Shader supplementaries:spherify could not find uniform named NoiseScale in the specified shader program.
[17:09:33] [Render thread/INFO]: OpenGL debug message: id=1282, source=API, type=ERROR, severity=HIGH, message='Error has been generated. GL error GL_INVALID_OPERATION in (null): (ID: 3891749976) glGetUniformLocation- program 59, "" is not linked'
[17:09:33] [Render thread/WARN]: Shader supplementaries:spherify could not find uniform named Intensity in the specified shader program.
[17:09:33] [Render thread/INFO]: OpenGL debug message: id=1282, source=API, type=ERROR, severity=HIGH, message='Error has been generated. GL error GL_INVALID_OPERATION in (null): (ID: 3891749976) glGetUniformLocation- program 59, "" is not linked'
[17:09:33] [Render thread/WARN]: Shader supplementaries:spherify could not find uniform named CameraPos in the specified shader program.
[17:09:33] [Render thread/INFO]: OpenGL debug message: id=1, source=SHADER COMPILER, type=ERROR, severity=HIGH, message='SHADER_ID_LINK error has been generated. GLSL link failed for program 71, "": The  shader uses varying frag_IViewRotMat, but previous shader does not write to it.
Out of resource error.
'
[17:09:33] [Render thread/WARN]: Error encountered when linking program containing VS supplementaries:spherify and FS supplementaries:spherify. Log output:
[17:09:33] [Render thread/WARN]: The  shader uses varying frag_IViewRotMat, but previous shader does not write to it.
Out of resource error.

[17:09:33] [Render thread/INFO]: OpenGL debug message: id=1282, source=API, type=ERROR, severity=HIGH, message='Error has been generated. GL error GL_INVALID_OPERATION in (null): (ID: 3891749976) glGetUniformLocation- program 71, "" is not linked'
[17:09:33] [Render thread/INFO]: OpenGL debug message: id=1282, source=API, type=ERROR, severity=HIGH, message='Error has been generated. GL error GL_INVALID_OPERATION in (null): (ID: 3891749976) glGetUniformLocation- program 71, "" is not linked'
[17:09:33] [Render thread/INFO]: OpenGL debug message: id=1282, source=API, type=ERROR, severity=HIGH, message='Error has been generated. GL error GL_INVALID_OPERATION in (null): (ID: 3891749976) glGetUniformLocation- program 71, "" is not linked'
[17:09:33] [Render thread/INFO]: OpenGL debug message: id=1282, source=API, type=ERROR, severity=HIGH, message='Error has been generated. GL error GL_INVALID_OPERATION in (null): (ID: 3891749976) glGetUniformLocation- program 71, "" is not linked'
[17:09:33] [Render thread/WARN]: Shader supplementaries:spherify could not find sampler named Sampler0 in the specified shader program.
[17:09:33] [Render thread/INFO]: OpenGL debug message: id=1282, source=API, type=ERROR, severity=HIGH, message='Error has been generated. GL error GL_INVALID_OPERATION in (null): (ID: 3891749976) glGetUniformLocation- program 71, "" is not linked'
[17:09:33] [Render thread/WARN]: Shader supplementaries:spherify could not find sampler named Sampler1 in the specified shader program.
[17:09:33] [Render thread/INFO]: OpenGL debug message: id=1282, source=API, type=ERROR, severity=HIGH, message='Error has been generated. GL error GL_INVALID_OPERATION in (null): (ID: 3891749976) glGetUniformLocation- program 71, "" is not linked'
[17:09:33] [Render thread/WARN]: Shader supplementaries:spherify could not find sampler named Sampler2 in the specified shader program.
[17:09:33] [Render thread/INFO]: OpenGL debug message: id=1282, source=API, type=ERROR, severity=HIGH, message='Error has been generated. GL error GL_INVALID_OPERATION in (null): (ID: 3891749976) glGetUniformLocation- program 71, "" is not linked'
[17:09:33] [Render thread/WARN]: Shader supplementaries:spherify could not find uniform named ModelViewMat in the specified shader program.
[17:09:33] [Render thread/INFO]: OpenGL debug message: id=1282, source=API, type=ERROR, severity=HIGH, message='Error has been generated. GL error GL_INVALID_OPERATION in (null): (ID: 3891749976) glGetUniformLocation- program 71, "" is not linked'
[17:09:33] [Render thread/WARN]: Shader supplementaries:spherify could not find uniform named ProjMat in the specified shader program.
[17:09:33] [Render thread/INFO]: OpenGL debug message: id=1282, source=API, type=ERROR, severity=HIGH, message='Error has been generated. GL error GL_INVALID_OPERATION in (null): (ID: 3891749976) glGetUniformLocation- program 71, "" is not linked'
[17:09:33] [Render thread/WARN]: Shader supplementaries:spherify could not find uniform named IViewRotMat in the specified shader program.
[17:09:33] [Render thread/INFO]: OpenGL debug message: id=1282, source=API, type=ERROR, severity=HIGH, message='Error has been generated. GL error GL_INVALID_OPERATION in (null): (ID: 3891749976) glGetUniformLocation- program 71, "" is not linked'
[17:09:33] [Render thread/WARN]: Shader supplementaries:spherify could not find uniform named ColorModulator in the specified shader program.
[17:09:33] [Render thread/INFO]: OpenGL debug message: id=1282, source=API, type=ERROR, severity=HIGH, message='Error has been generated. GL error GL_INVALID_OPERATION in (null): (ID: 3891749976) glGetUniformLocation- program 71, "" is not linked'
[17:09:33] [Render thread/WARN]: Shader supplementaries:spherify could not find uniform named Light0_Direction in the specified shader program.
[17:09:33] [Render thread/INFO]: OpenGL debug message: id=1282, source=API, type=ERROR, severity=HIGH, message='Error has been generated. GL error GL_INVALID_OPERATION in (null): (ID: 3891749976) glGetUniformLocation- program 71, "" is not linked'
[17:09:33] [Render thread/WARN]: Shader supplementaries:spherify could not find uniform named Light1_Direction in the specified shader program.
[17:09:33] [Render thread/INFO]: OpenGL debug message: id=1282, source=API, type=ERROR, severity=HIGH, message='Error has been generated. GL error GL_INVALID_OPERATION in (null): (ID: 3891749976) glGetUniformLocation- program 71, "" is not linked'
[17:09:33] [Render thread/WARN]: Shader supplementaries:spherify could not find uniform named FogStart in the specified shader program.
[17:09:33] [Render thread/INFO]: OpenGL debug message: id=1282, source=API, type=ERROR, severity=HIGH, message='Error has been generated. GL error GL_INVALID_OPERATION in (null): (ID: 3891749976) glGetUniformLocation- program 71, "" is not linked'
[17:09:33] [Render thread/WARN]: Shader supplementaries:spherify could not find uniform named FogEnd in the specified shader program.
[17:09:33] [Render thread/INFO]: OpenGL debug message: id=1282, source=API, type=ERROR, severity=HIGH, message='Error has been generated. GL error GL_INVALID_OPERATION in (null): (ID: 3891749976) glGetUniformLocation- program 71, "" is not linked'
[17:09:33] [Render thread/WARN]: Shader supplementaries:spherify could not find uniform named FogColor in the specified shader program.
[17:09:34] [Render thread/INFO]: OpenGL debug message: id=1282, source=API, type=ERROR, severity=HIGH, message='Error has been generated. GL error GL_INVALID_OPERATION in (null): (ID: 3891749976) glGetUniformLocation- program 71, "" is not linked'
[17:09:34] [Render thread/WARN]: Shader supplementaries:spherify could not find uniform named FogShape in the specified shader program.
[17:09:34] [Render thread/INFO]: OpenGL debug message: id=1282, source=API, type=ERROR, severity=HIGH, message='Error has been generated. GL error GL_INVALID_OPERATION in (null): (ID: 3891749976) glGetUniformLocation- program 71, "" is not linked'
[17:09:34] [Render thread/WARN]: Shader supplementaries:spherify could not find uniform named NoiseSpeed in the specified shader program.
[17:09:34] [Render thread/INFO]: OpenGL debug message: id=1282, source=API, type=ERROR, severity=HIGH, message='Error has been generated. GL error GL_INVALID_OPERATION in (null): (ID: 3891749976) glGetUniformLocation- program 71, "" is not linked'
[17:09:34] [Render thread/WARN]: Shader supplementaries:spherify could not find uniform named NoiseScale in the specified shader program.
[17:09:34] [Render thread/INFO]: OpenGL debug message: id=1282, source=API, type=ERROR, severity=HIGH, message='Error has been generated. GL error GL_INVALID_OPERATION in (null): (ID: 3891749976) glGetUniformLocation- program 71, "" is not linked'
[17:09:34] [Render thread/WARN]: Shader supplementaries:spherify could not find uniform named Intensity in the specified shader program.
[17:09:34] [Render thread/INFO]: OpenGL debug message: id=1282, source=API, type=ERROR, severity=HIGH, message='Error has been generated. GL error GL_INVALID_OPERATION in (null): (ID: 3891749976) glGetUniformLocation- program 71, "" is not linked'
[17:09:34] [Render thread/WARN]: Shader supplementaries:spherify could not find uniform named CameraPos in the specified shader program.
[17:09:34] [Render thread/INFO]: OpenGL debug message: id=1, source=SHADER COMPILER, type=ERROR, severity=HIGH, message='SHADER_ID_LINK error has been generated. GLSL link failed for program 79, "": The  shader uses varying frag_IViewRotMat, but previous shader does not write to it.
Out of resource error.
'
[17:09:34] [Render thread/WARN]: Error encountered when linking program containing VS supplementaries:spherify and FS supplementaries:spherify. Log output:
[17:09:34] [Render thread/WARN]: The  shader uses varying frag_IViewRotMat, but previous shader does not write to it.
Out of resource error.

[17:09:34] [Render thread/INFO]: OpenGL debug message: id=1282, source=API, type=ERROR, severity=HIGH, message='Error has been generated. GL error GL_INVALID_OPERATION in (null): (ID: 3891749976) glGetUniformLocation- program 79, "" is not linked'
[17:09:34] [Render thread/INFO]: OpenGL debug message: id=1282, source=API, type=ERROR, severity=HIGH, message='Error has been generated. GL error GL_INVALID_OPERATION in (null): (ID: 3891749976) glGetUniformLocation- program 79, "" is not linked'
[17:09:34] [Render thread/INFO]: OpenGL debug message: id=1282, source=API, type=ERROR, severity=HIGH, message='Error has been generated. GL error GL_INVALID_OPERATION in (null): (ID: 3891749976) glGetUniformLocation- program 79, "" is not linked'
[17:09:34] [Render thread/INFO]: OpenGL debug message: id=1282, source=API, type=ERROR, severity=HIGH, message='Error has been generated. GL error GL_INVALID_OPERATION in (null): (ID: 3891749976) glGetUniformLocation- program 79, "" is not linked'
[17:09:34] [Render thread/WARN]: Shader supplementaries:spherify could not find sampler named Sampler0 in the specified shader program.
[17:09:34] [Render thread/INFO]: OpenGL debug message: id=1282, source=API, type=ERROR, severity=HIGH, message='Error has been generated. GL error GL_INVALID_OPERATION in (null): (ID: 3891749976) glGetUniformLocation- program 79, "" is not linked'
[17:09:34] [Render thread/WARN]: Shader supplementaries:spherify could not find sampler named Sampler1 in the specified shader program.
[17:09:34] [Render thread/INFO]: OpenGL debug message: id=1282, source=API, type=ERROR, severity=HIGH, message='Error has been generated. GL error GL_INVALID_OPERATION in (null): (ID: 3891749976) glGetUniformLocation- program 79, "" is not linked'
[17:09:34] [Render thread/WARN]: Shader supplementaries:spherify could not find sampler named Sampler2 in the specified shader program.
[17:09:34] [Render thread/INFO]: OpenGL debug message: id=1282, source=API, type=ERROR, severity=HIGH, message='Error has been generated. GL error GL_INVALID_OPERATION in (null): (ID: 3891749976) glGetUniformLocation- program 79, "" is not linked'
[17:09:34] [Render thread/WARN]: Shader supplementaries:spherify could not find uniform named ModelViewMat in the specified shader program.
[17:09:34] [Render thread/INFO]: OpenGL debug message: id=1282, source=API, type=ERROR, severity=HIGH, message='Error has been generated. GL error GL_INVALID_OPERATION in (null): (ID: 3891749976) glGetUniformLocation- program 79, "" is not linked'
[17:09:34] [Render thread/WARN]: Shader supplementaries:spherify could not find uniform named ProjMat in the specified shader program.
[17:09:34] [Render thread/INFO]: OpenGL debug message: id=1282, source=API, type=ERROR, severity=HIGH, message='Error has been generated. GL error GL_INVALID_OPERATION in (null): (ID: 3891749976) glGetUniformLocation- program 79, "" is not linked'
[17:09:34] [Render thread/WARN]: Shader supplementaries:spherify could not find uniform named IViewRotMat in the specified shader program.
[17:09:34] [Render thread/INFO]: OpenGL debug message: id=1282, source=API, type=ERROR, severity=HIGH, message='Error has been generated. GL error GL_INVALID_OPERATION in (null): (ID: 3891749976) glGetUniformLocation- program 79, "" is not linked'
[17:09:34] [Render thread/WARN]: Shader supplementaries:spherify could not find uniform named ColorModulator in the specified shader program.
[17:09:34] [Render thread/INFO]: OpenGL debug message: id=1282, source=API, type=ERROR, severity=HIGH, message='Error has been generated. GL error GL_INVALID_OPERATION in (null): (ID: 3891749976) glGetUniformLocation- program 79, "" is not linked'
[17:09:34] [Render thread/WARN]: Shader supplementaries:spherify could not find uniform named Light0_Direction in the specified shader program.
[17:09:34] [Render thread/INFO]: OpenGL debug message: id=1282, source=API, type=ERROR, severity=HIGH, message='Error has been generated. GL error GL_INVALID_OPERATION in (null): (ID: 3891749976) glGetUniformLocation- program 79, "" is not linked'
[17:09:34] [Render thread/WARN]: Shader supplementaries:spherify could not find uniform named Light1_Direction in the specified shader program.
[17:09:34] [Render thread/INFO]: OpenGL debug message: id=1282, source=API, type=ERROR, severity=HIGH, message='Error has been generated. GL error GL_INVALID_OPERATION in (null): (ID: 3891749976) glGetUniformLocation- program 79, "" is not linked'
[17:09:34] [Render thread/WARN]: Shader supplementaries:spherify could not find uniform named FogStart in the specified shader program.
[17:09:34] [Render thread/INFO]: OpenGL debug message: id=1282, source=API, type=ERROR, severity=HIGH, message='Error has been generated. GL error GL_INVALID_OPERATION in (null): (ID: 3891749976) glGetUniformLocation- program 79, "" is not linked'
[17:09:34] [Render thread/WARN]: Shader supplementaries:spherify could not find uniform named FogEnd in the specified shader program.
[17:09:34] [Render thread/INFO]: OpenGL debug message: id=1282, source=API, type=ERROR, severity=HIGH, message='Error has been generated. GL error GL_INVALID_OPERATION in (null): (ID: 3891749976) glGetUniformLocation- program 79, "" is not linked'
[17:09:34] [Render thread/WARN]: Shader supplementaries:spherify could not find uniform named FogColor in the specified shader program.
[17:09:34] [Render thread/INFO]: OpenGL debug message: id=1282, source=API, type=ERROR, severity=HIGH, message='Error has been generated. GL error GL_INVALID_OPERATION in (null): (ID: 3891749976) glGetUniformLocation- program 79, "" is not linked'
[17:09:34] [Render thread/WARN]: Shader supplementaries:spherify could not find uniform named FogShape in the specified shader program.
[17:09:34] [Render thread/INFO]: OpenGL debug message: id=1282, source=API, type=ERROR, severity=HIGH, message='Error has been generated. GL error GL_INVALID_OPERATION in (null): (ID: 3891749976) glGetUniformLocation- program 79, "" is not linked'
[17:09:34] [Render thread/WARN]: Shader supplementaries:spherify could not find uniform named NoiseSpeed in the specified shader program.
[17:09:34] [Render thread/INFO]: OpenGL debug message: id=1282, source=API, type=ERROR, severity=HIGH, message='Error has been generated. GL error GL_INVALID_OPERATION in (null): (ID: 3891749976) glGetUniformLocation- program 79, "" is not linked'
[17:09:34] [Render thread/WARN]: Shader supplementaries:spherify could not find uniform named NoiseScale in the specified shader program.
[17:09:34] [Render thread/INFO]: OpenGL debug message: id=1282, source=API, type=ERROR, severity=HIGH, message='Error has been generated. GL error GL_INVALID_OPERATION in (null): (ID: 3891749976) glGetUniformLocation- program 79, "" is not linked'
[17:09:34] [Render thread/WARN]: Shader supplementaries:spherify could not find uniform named Intensity in the specified shader program.
[17:09:34] [Render thread/INFO]: OpenGL debug message: id=1282, source=API, type=ERROR, severity=HIGH, message='Error has been generated. GL error GL_INVALID_OPERATION in (null): (ID: 3891749976) glGetUniformLocation- program 79, "" is not linked'
[17:09:34] [Render thread/WARN]: Shader supplementaries:spherify could not find uniform named CameraPos in the specified shader program.
[17:09:34] [Render thread/INFO]: OpenGL debug message: id=1, source=SHADER COMPILER, type=ERROR, severity=HIGH, message='SHADER_ID_LINK error has been generated. GLSL link failed for program 88, "": The  shader uses varying frag_IViewRotMat, but previous shader does not write to it.
Out of resource error.
'
[17:09:34] [Render thread/WARN]: Error encountered when linking program containing VS supplementaries:spherify and FS supplementaries:spherify. Log output:
[17:09:34] [Render thread/WARN]: The  shader uses varying frag_IViewRotMat, but previous shader does not write to it.
Out of resource error.

[17:09:34] [Render thread/INFO]: OpenGL debug message: id=1282, source=API, type=ERROR, severity=HIGH, message='Error has been generated. GL error GL_INVALID_OPERATION in (null): (ID: 3891749976) glGetUniformLocation- program 88, "" is not linked'
[17:09:34] [Render thread/INFO]: OpenGL debug message: id=1282, source=API, type=ERROR, severity=HIGH, message='Error has been generated. GL error GL_INVALID_OPERATION in (null): (ID: 3891749976) glGetUniformLocation- program 88, "" is not linked'
[17:09:34] [Render thread/INFO]: OpenGL debug message: id=1282, source=API, type=ERROR, severity=HIGH, message='Error has been generated. GL error GL_INVALID_OPERATION in (null): (ID: 3891749976) glGetUniformLocation- program 88, "" is not linked'
[17:09:34] [Render thread/INFO]: OpenGL debug message: id=1282, source=API, type=ERROR, severity=HIGH, message='Error has been generated. GL error GL_INVALID_OPERATION in (null): (ID: 3891749976) glGetUniformLocation- program 88, "" is not linked'
[17:09:34] [Render thread/WARN]: Shader supplementaries:spherify could not find sampler named Sampler0 in the specified shader program.
[17:09:34] [Render thread/INFO]: OpenGL debug message: id=1282, source=API, type=ERROR, severity=HIGH, message='Error has been generated. GL error GL_INVALID_OPERATION in (null): (ID: 3891749976) glGetUniformLocation- program 88, "" is not linked'
[17:09:34] [Render thread/WARN]: Shader supplementaries:spherify could not find sampler named Sampler1 in the specified shader program.
[17:09:34] [Render thread/INFO]: OpenGL debug message: id=1282, source=API, type=ERROR, severity=HIGH, message='Error has been generated. GL error GL_INVALID_OPERATION in (null): (ID: 3891749976) glGetUniformLocation- program 88, "" is not linked'
[17:09:34] [Render thread/WARN]: Shader supplementaries:spherify could not find sampler named Sampler2 in the specified shader program.
[17:09:34] [Render thread/INFO]: OpenGL debug message: id=1282, source=API, type=ERROR, severity=HIGH, message='Error has been generated. GL error GL_INVALID_OPERATION in (null): (ID: 3891749976) glGetUniformLocation- program 88, "" is not linked'
[17:09:34] [Render thread/WARN]: Shader supplementaries:spherify could not find uniform named ModelViewMat in the specified shader program.
[17:09:34] [Render thread/INFO]: OpenGL debug message: id=1282, source=API, type=ERROR, severity=HIGH, message='Error has been generated. GL error GL_INVALID_OPERATION in (null): (ID: 3891749976) glGetUniformLocation- program 88, "" is not linked'
[17:09:34] [Render thread/WARN]: Shader supplementaries:spherify could not find uniform named ProjMat in the specified shader program.
[17:09:34] [Render thread/INFO]: OpenGL debug message: id=1282, source=API, type=ERROR, severity=HIGH, message='Error has been generated. GL error GL_INVALID_OPERATION in (null): (ID: 3891749976) glGetUniformLocation- program 88, "" is not linked'
[17:09:34] [Render thread/WARN]: Shader supplementaries:spherify could not find uniform named IViewRotMat in the specified shader program.
[17:09:34] [Render thread/INFO]: OpenGL debug message: id=1282, source=API, type=ERROR, severity=HIGH, message='Error has been generated. GL error GL_INVALID_OPERATION in (null): (ID: 3891749976) glGetUniformLocation- program 88, "" is not linked'
[17:09:34] [Render thread/WARN]: Shader supplementaries:spherify could not find uniform named ColorModulator in the specified shader program.
[17:09:34] [Render thread/INFO]: OpenGL debug message: id=1282, source=API, type=ERROR, severity=HIGH, message='Error has been generated. GL error GL_INVALID_OPERATION in (null): (ID: 3891749976) glGetUniformLocation- program 88, "" is not linked'
[17:09:34] [Render thread/WARN]: Shader supplementaries:spherify could not find uniform named Light0_Direction in the specified shader program.
[17:09:34] [Render thread/INFO]: OpenGL debug message: id=1282, source=API, type=ERROR, severity=HIGH, message='Error has been generated. GL error GL_INVALID_OPERATION in (null): (ID: 3891749976) glGetUniformLocation- program 88, "" is not linked'
[17:09:34] [Render thread/WARN]: Shader supplementaries:spherify could not find uniform named Light1_Direction in the specified shader program.
[17:09:34] [Render thread/INFO]: OpenGL debug message: id=1282, source=API, type=ERROR, severity=HIGH, message='Error has been generated. GL error GL_INVALID_OPERATION in (null): (ID: 3891749976) glGetUniformLocation- program 88, "" is not linked'
[17:09:34] [Render thread/WARN]: Shader supplementaries:spherify could not find uniform named FogStart in the specified shader program.
[17:09:34] [Render thread/INFO]: OpenGL debug message: id=1282, source=API, type=ERROR, severity=HIGH, message='Error has been generated. GL error GL_INVALID_OPERATION in (null): (ID: 3891749976) glGetUniformLocation- program 88, "" is not linked'
[17:09:34] [Render thread/WARN]: Shader supplementaries:spherify could not find uniform named FogEnd in the specified shader program.
[17:09:34] [Render thread/INFO]: OpenGL debug message: id=1282, source=API, type=ERROR, severity=HIGH, message='Error has been generated. GL error GL_INVALID_OPERATION in (null): (ID: 3891749976) glGetUniformLocation- program 88, "" is not linked'
[17:09:34] [Render thread/WARN]: Shader supplementaries:spherify could not find uniform named FogColor in the specified shader program.
[17:09:34] [Render thread/INFO]: OpenGL debug message: id=1282, source=API, type=ERROR, severity=HIGH, message='Error has been generated. GL error GL_INVALID_OPERATION in (null): (ID: 3891749976) glGetUniformLocation- program 88, "" is not linked'
[17:09:34] [Render thread/WARN]: Shader supplementaries:spherify could not find uniform named FogShape in the specified shader program.
[17:09:34] [Render thread/INFO]: OpenGL debug message: id=1282, source=API, type=ERROR, severity=HIGH, message='Error has been generated. GL error GL_INVALID_OPERATION in (null): (ID: 3891749976) glGetUniformLocation- program 88, "" is not linked'
[17:09:34] [Render thread/WARN]: Shader supplementaries:spherify could not find uniform named NoiseSpeed in the specified shader program.
[17:09:34] [Render thread/INFO]: OpenGL debug message: id=1282, source=API, type=ERROR, severity=HIGH, message='Error has been generated. GL error GL_INVALID_OPERATION in (null): (ID: 3891749976) glGetUniformLocation- program 88, "" is not linked'
[17:09:34] [Render thread/WARN]: Shader supplementaries:spherify could not find uniform named NoiseScale in the specified shader program.
[17:09:34] [Render thread/INFO]: OpenGL debug message: id=1282, source=API, type=ERROR, severity=HIGH, message='Error has been generated. GL error GL_INVALID_OPERATION in (null): (ID: 3891749976) glGetUniformLocation- program 88, "" is not linked'
[17:09:34] [Render thread/WARN]: Shader supplementaries:spherify could not find uniform named Intensity in the specified shader program.
[17:09:34] [Render thread/INFO]: OpenGL debug message: id=1282, source=API, type=ERROR, severity=HIGH, message='Error has been generated. GL error GL_INVALID_OPERATION in (null): (ID: 3891749976) glGetUniformLocation- program 88, "" is not linked'
[17:09:34] [Render thread/WARN]: Shader supplementaries:spherify could not find uniform named CameraPos in the specified shader program.
[17:09:34] [Render thread/INFO]: OpenGL debug message: id=1, source=SHADER COMPILER, type=ERROR, severity=HIGH, message='SHADER_ID_LINK error has been generated. GLSL link failed for program 97, "": The  shader uses varying frag_IViewRotMat, but previous shader does not write to it.
Out of resource error.
'
[17:09:34] [Render thread/WARN]: Error encountered when linking program containing VS supplementaries:spherify and FS supplementaries:spherify. Log output:
[17:09:34] [Render thread/WARN]: The  shader uses varying frag_IViewRotMat, but previous shader does not write to it.
Out of resource error.

[17:09:34] [Render thread/INFO]: OpenGL debug message: id=1282, source=API, type=ERROR, severity=HIGH, message='Error has been generated. GL error GL_INVALID_OPERATION in (null): (ID: 3891749976) glGetUniformLocation- program 97, "" is not linked'
[17:09:34] [Render thread/INFO]: OpenGL debug message: id=1282, source=API, type=ERROR, severity=HIGH, message='Error has been generated. GL error GL_INVALID_OPERATION in (null): (ID: 3891749976) glGetUniformLocation- program 97, "" is not linked'
[17:09:34] [Render thread/INFO]: OpenGL debug message: id=1282, source=API, type=ERROR, severity=HIGH, message='Error has been generated. GL error GL_INVALID_OPERATION in (null): (ID: 3891749976) glGetUniformLocation- program 97, "" is not linked'
[17:09:34] [Render thread/INFO]: OpenGL debug message: id=1282, source=API, type=ERROR, severity=HIGH, message='Error has been generated. GL error GL_INVALID_OPERATION in (null): (ID: 3891749976) glGetUniformLocation- program 97, "" is not linked'
[17:09:34] [Render thread/WARN]: Shader supplementaries:spherify could not find sampler named Sampler0 in the specified shader program.
[17:09:34] [Render thread/INFO]: OpenGL debug message: id=1282, source=API, type=ERROR, severity=HIGH, message='Error has been generated. GL error GL_INVALID_OPERATION in (null): (ID: 3891749976) glGetUniformLocation- program 97, "" is not linked'
[17:09:34] [Render thread/WARN]: Shader supplementaries:spherify could not find sampler named Sampler1 in the specified shader program.
[17:09:34] [Render thread/INFO]: OpenGL debug message: id=1282, source=API, type=ERROR, severity=HIGH, message='Error has been generated. GL error GL_INVALID_OPERATION in (null): (ID: 3891749976) glGetUniformLocation- program 97, "" is not linked'
[17:09:34] [Render thread/WARN]: Shader supplementaries:spherify could not find sampler named Sampler2 in the specified shader program.
[17:09:34] [Render thread/INFO]: OpenGL debug message: id=1282, source=API, type=ERROR, severity=HIGH, message='Error has been generated. GL error GL_INVALID_OPERATION in (null): (ID: 3891749976) glGetUniformLocation- program 97, "" is not linked'
[17:09:34] [Render thread/WARN]: Shader supplementaries:spherify could not find uniform named ModelViewMat in the specified shader program.
[17:09:34] [Render thread/INFO]: OpenGL debug message: id=1282, source=API, type=ERROR, severity=HIGH, message='Error has been generated. GL error GL_INVALID_OPERATION in (null): (ID: 3891749976) glGetUniformLocation- program 97, "" is not linked'
[17:09:34] [Render thread/WARN]: Shader supplementaries:spherify could not find uniform named ProjMat in the specified shader program.
[17:09:34] [Render thread/INFO]: OpenGL debug message: id=1282, source=API, type=ERROR, severity=HIGH, message='Error has been generated. GL error GL_INVALID_OPERATION in (null): (ID: 3891749976) glGetUniformLocation- program 97, "" is not linked'
[17:09:34] [Render thread/WARN]: Shader supplementaries:spherify could not find uniform named IViewRotMat in the specified shader program.
[17:09:34] [Render thread/INFO]: OpenGL debug message: id=1282, source=API, type=ERROR, severity=HIGH, message='Error has been generated. GL error GL_INVALID_OPERATION in (null): (ID: 3891749976) glGetUniformLocation- program 97, "" is not linked'
[17:09:34] [Render thread/WARN]: Shader supplementaries:spherify could not find uniform named ColorModulator in the specified shader program.
[17:09:34] [Render thread/INFO]: OpenGL debug message: id=1282, source=API, type=ERROR, severity=HIGH, message='Error has been generated. GL error GL_INVALID_OPERATION in (null): (ID: 3891749976) glGetUniformLocation- program 97, "" is not linked'
[17:09:34] [Render thread/WARN]: Shader supplementaries:spherify could not find uniform named Light0_Direction in the specified shader program.
[17:09:34] [Render thread/INFO]: OpenGL debug message: id=1282, source=API, type=ERROR, severity=HIGH, message='Error has been generated. GL error GL_INVALID_OPERATION in (null): (ID: 3891749976) glGetUniformLocation- program 97, "" is not linked'
[17:09:34] [Render thread/WARN]: Shader supplementaries:spherify could not find uniform named Light1_Direction in the specified shader program.
[17:09:34] [Render thread/INFO]: OpenGL debug message: id=1282, source=API, type=ERROR, severity=HIGH, message='Error has been generated. GL error GL_INVALID_OPERATION in (null): (ID: 3891749976) glGetUniformLocation- program 97, "" is not linked'
[17:09:34] [Render thread/WARN]: Shader supplementaries:spherify could not find uniform named FogStart in the specified shader program.
[17:09:34] [Render thread/INFO]: OpenGL debug message: id=1282, source=API, type=ERROR, severity=HIGH, message='Error has been generated. GL error GL_INVALID_OPERATION in (null): (ID: 3891749976) glGetUniformLocation- program 97, "" is not linked'
[17:09:34] [Render thread/WARN]: Shader supplementaries:spherify could not find uniform named FogEnd in the specified shader program.
[17:09:34] [Render thread/INFO]: OpenGL debug message: id=1282, source=API, type=ERROR, severity=HIGH, message='Error has been generated. GL error GL_INVALID_OPERATION in (null): (ID: 3891749976) glGetUniformLocation- program 97, "" is not linked'
[17:09:34] [Render thread/WARN]: Shader supplementaries:spherify could not find uniform named FogColor in the specified shader program.
[17:09:34] [Render thread/INFO]: OpenGL debug message: id=1282, source=API, type=ERROR, severity=HIGH, message='Error has been generated. GL error GL_INVALID_OPERATION in (null): (ID: 3891749976) glGetUniformLocation- program 97, "" is not linked'
[17:09:34] [Render thread/WARN]: Shader supplementaries:spherify could not find uniform named FogShape in the specified shader program.
[17:09:34] [Render thread/INFO]: OpenGL debug message: id=1282, source=API, type=ERROR, severity=HIGH, message='Error has been generated. GL error GL_INVALID_OPERATION in (null): (ID: 3891749976) glGetUniformLocation- program 97, "" is not linked'
[17:09:34] [Render thread/WARN]: Shader supplementaries:spherify could not find uniform named NoiseSpeed in the specified shader program.
[17:09:34] [Render thread/INFO]: OpenGL debug message: id=1282, source=API, type=ERROR, severity=HIGH, message='Error has been generated. GL error GL_INVALID_OPERATION in (null): (ID: 3891749976) glGetUniformLocation- program 97, "" is not linked'
[17:09:34] [Render thread/WARN]: Shader supplementaries:spherify could not find uniform named NoiseScale in the specified shader program.
[17:09:34] [Render thread/INFO]: OpenGL debug message: id=1282, source=API, type=ERROR, severity=HIGH, message='Error has been generated. GL error GL_INVALID_OPERATION in (null): (ID: 3891749976) glGetUniformLocation- program 97, "" is not linked'
[17:09:34] [Render thread/WARN]: Shader supplementaries:spherify could not find uniform named Intensity in the specified shader program.
[17:09:34] [Render thread/INFO]: OpenGL debug message: id=1282, source=API, type=ERROR, severity=HIGH, message='Error has been generated. GL error GL_INVALID_OPERATION in (null): (ID: 3891749976) glGetUniformLocation- program 97, "" is not linked'
[17:09:34] [Render thread/WARN]: Shader supplementaries:spherify could not find uniform named CameraPos in the specified shader program.
[17:09:35] [Render thread/INFO]: OpenGL debug message: id=1, source=SHADER COMPILER, type=ERROR, severity=HIGH, message='SHADER_ID_LINK error has been generated. GLSL link failed for program 106, "": The  shader uses varying frag_IViewRotMat, but previous shader does not write to it.
Out of resource error.
'
[17:09:35] [Render thread/WARN]: Error encountered when linking program containing VS supplementaries:spherify and FS supplementaries:spherify. Log output:
[17:09:35] [Render thread/WARN]: The  shader uses varying frag_IViewRotMat, but previous shader does not write to it.
Out of resource error.

[17:09:35] [Render thread/INFO]: OpenGL debug message: id=1282, source=API, type=ERROR, severity=HIGH, message='Error has been generated. GL error GL_INVALID_OPERATION in (null): (ID: 3891749976) glGetUniformLocation- program 106, "" is not linked'
[17:09:35] [Render thread/INFO]: OpenGL debug message: id=1282, source=API, type=ERROR, severity=HIGH, message='Error has been generated. GL error GL_INVALID_OPERATION in (null): (ID: 3891749976) glGetUniformLocation- program 106, "" is not linked'
[17:09:35] [Render thread/INFO]: OpenGL debug message: id=1282, source=API, type=ERROR, severity=HIGH, message='Error has been generated. GL error GL_INVALID_OPERATION in (null): (ID: 3891749976) glGetUniformLocation- program 106, "" is not linked'
[17:09:35] [Render thread/INFO]: OpenGL debug message: id=1282, source=API, type=ERROR, severity=HIGH, message='Error has been generated. GL error GL_INVALID_OPERATION in (null): (ID: 3891749976) glGetUniformLocation- program 106, "" is not linked'
[17:09:35] [Render thread/WARN]: Shader supplementaries:spherify could not find sampler named Sampler0 in the specified shader program.
[17:09:35] [Render thread/INFO]: OpenGL debug message: id=1282, source=API, type=ERROR, severity=HIGH, message='Error has been generated. GL error GL_INVALID_OPERATION in (null): (ID: 3891749976) glGetUniformLocation- program 106, "" is not linked'
[17:09:35] [Render thread/WARN]: Shader supplementaries:spherify could not find sampler named Sampler1 in the specified shader program.
[17:09:35] [Render thread/INFO]: OpenGL debug message: id=1282, source=API, type=ERROR, severity=HIGH, message='Error has been generated. GL error GL_INVALID_OPERATION in (null): (ID: 3891749976) glGetUniformLocation- program 106, "" is not linked'
[17:09:35] [Render thread/WARN]: Shader supplementaries:spherify could not find sampler named Sampler2 in the specified shader program.
[17:09:35] [Render thread/INFO]: OpenGL debug message: id=1282, source=API, type=ERROR, severity=HIGH, message='Error has been generated. GL error GL_INVALID_OPERATION in (null): (ID: 3891749976) glGetUniformLocation- program 106, "" is not linked'
[17:09:35] [Render thread/WARN]: Shader supplementaries:spherify could not find uniform named ModelViewMat in the specified shader program.
[17:09:35] [Render thread/INFO]: OpenGL debug message: id=1282, source=API, type=ERROR, severity=HIGH, message='Error has been generated. GL error GL_INVALID_OPERATION in (null): (ID: 3891749976) glGetUniformLocation- program 106, "" is not linked'
[17:09:35] [Render thread/WARN]: Shader supplementaries:spherify could not find uniform named ProjMat in the specified shader program.
[17:09:35] [Render thread/INFO]: OpenGL debug message: id=1282, source=API, type=ERROR, severity=HIGH, message='Error has been generated. GL error GL_INVALID_OPERATION in (null): (ID: 3891749976) glGetUniformLocation- program 106, "" is not linked'
[17:09:35] [Render thread/WARN]: Shader supplementaries:spherify could not find uniform named IViewRotMat in the specified shader program.
[17:09:35] [Render thread/INFO]: OpenGL debug message: id=1282, source=API, type=ERROR, severity=HIGH, message='Error has been generated. GL error GL_INVALID_OPERATION in (null): (ID: 3891749976) glGetUniformLocation- program 106, "" is not linked'
[17:09:35] [Render thread/WARN]: Shader supplementaries:spherify could not find uniform named ColorModulator in the specified shader program.
[17:09:35] [Render thread/INFO]: OpenGL debug message: id=1282, source=API, type=ERROR, severity=HIGH, message='Error has been generated. GL error GL_INVALID_OPERATION in (null): (ID: 3891749976) glGetUniformLocation- program 106, "" is not linked'
[17:09:35] [Render thread/WARN]: Shader supplementaries:spherify could not find uniform named Light0_Direction in the specified shader program.
[17:09:35] [Render thread/INFO]: OpenGL debug message: id=1282, source=API, type=ERROR, severity=HIGH, message='Error has been generated. GL error GL_INVALID_OPERATION in (null): (ID: 3891749976) glGetUniformLocation- program 106, "" is not linked'
[17:09:35] [Render thread/WARN]: Shader supplementaries:spherify could not find uniform named Light1_Direction in the specified shader program.
[17:09:35] [Render thread/INFO]: OpenGL debug message: id=1282, source=API, type=ERROR, severity=HIGH, message='Error has been generated. GL error GL_INVALID_OPERATION in (null): (ID: 3891749976) glGetUniformLocation- program 106, "" is not linked'
[17:09:35] [Render thread/WARN]: Shader supplementaries:spherify could not find uniform named FogStart in the specified shader program.
[17:09:35] [Render thread/INFO]: OpenGL debug message: id=1282, source=API, type=ERROR, severity=HIGH, message='Error has been generated. GL error GL_INVALID_OPERATION in (null): (ID: 3891749976) glGetUniformLocation- program 106, "" is not linked'
[17:09:35] [Render thread/WARN]: Shader supplementaries:spherify could not find uniform named FogEnd in the specified shader program.
[17:09:35] [Render thread/INFO]: OpenGL debug message: id=1282, source=API, type=ERROR, severity=HIGH, message='Error has been generated. GL error GL_INVALID_OPERATION in (null): (ID: 3891749976) glGetUniformLocation- program 106, "" is not linked'
[17:09:35] [Render thread/WARN]: Shader supplementaries:spherify could not find uniform named FogColor in the specified shader program.
[17:09:35] [Render thread/INFO]: OpenGL debug message: id=1282, source=API, type=ERROR, severity=HIGH, message='Error has been generated. GL error GL_INVALID_OPERATION in (null): (ID: 3891749976) glGetUniformLocation- program 106, "" is not linked'
[17:09:35] [Render thread/WARN]: Shader supplementaries:spherify could not find uniform named FogShape in the specified shader program.
[17:09:35] [Render thread/INFO]: OpenGL debug message: id=1282, source=API, type=ERROR, severity=HIGH, message='Error has been generated. GL error GL_INVALID_OPERATION in (null): (ID: 3891749976) glGetUniformLocation- program 106, "" is not linked'
[17:09:35] [Render thread/WARN]: Shader supplementaries:spherify could not find uniform named NoiseSpeed in the specified shader program.
[17:09:35] [Render thread/INFO]: OpenGL debug message: id=1282, source=API, type=ERROR, severity=HIGH, message='Error has been generated. GL error GL_INVALID_OPERATION in (null): (ID: 3891749976) glGetUniformLocation- program 106, "" is not linked'
[17:09:35] [Render thread/WARN]: Shader supplementaries:spherify could not find uniform named NoiseScale in the specified shader program.
[17:09:35] [Render thread/INFO]: OpenGL debug message: id=1282, source=API, type=ERROR, severity=HIGH, message='Error has been generated. GL error GL_INVALID_OPERATION in (null): (ID: 3891749976) glGetUniformLocation- program 106, "" is not linked'
[17:09:35] [Render thread/WARN]: Shader supplementaries:spherify could not find uniform named Intensity in the specified shader program.
[17:09:35] [Render thread/INFO]: OpenGL debug message: id=1282, source=API, type=ERROR, severity=HIGH, message='Error has been generated. GL error GL_INVALID_OPERATION in (null): (ID: 3891749976) glGetUniformLocation- program 106, "" is not linked'
[17:09:35] [Render thread/WARN]: Shader supplementaries:spherify could not find uniform named CameraPos in the specified shader program.
[17:09:35] [Render thread/INFO]: OpenGL debug message: id=1, source=SHADER COMPILER, type=ERROR, severity=HIGH, message='SHADER_ID_LINK error has been generated. GLSL link failed for program 115, "": The  shader uses varying frag_IViewRotMat, but previous shader does not write to it.
Out of resource error.
'
[17:09:35] [Render thread/WARN]: Error encountered when linking program containing VS supplementaries:spherify and FS supplementaries:spherify. Log output:
[17:09:35] [Render thread/WARN]: The  shader uses varying frag_IViewRotMat, but previous shader does not write to it.
Out of resource error.

[17:09:35] [Render thread/INFO]: OpenGL debug message: id=1282, source=API, type=ERROR, severity=HIGH, message='Error has been generated. GL error GL_INVALID_OPERATION in (null): (ID: 3891749976) glGetUniformLocation- program 115, "" is not linked'
[17:09:35] [Render thread/INFO]: OpenGL debug message: id=1282, source=API, type=ERROR, severity=HIGH, message='Error has been generated. GL error GL_INVALID_OPERATION in (null): (ID: 3891749976) glGetUniformLocation- program 115, "" is not linked'
[17:09:35] [Render thread/INFO]: OpenGL debug message: id=1282, source=API, type=ERROR, severity=HIGH, message='Error has been generated. GL error GL_INVALID_OPERATION in (null): (ID: 3891749976) glGetUniformLocation- program 115, "" is not linked'
[17:09:35] [Render thread/INFO]: OpenGL debug message: id=1282, source=API, type=ERROR, severity=HIGH, message='Error has been generated. GL error GL_INVALID_OPERATION in (null): (ID: 3891749976) glGetUniformLocation- program 115, "" is not linked'
[17:09:35] [Render thread/WARN]: Shader supplementaries:spherify could not find sampler named Sampler0 in the specified shader program.
[17:09:35] [Render thread/INFO]: OpenGL debug message: id=1282, source=API, type=ERROR, severity=HIGH, message='Error has been generated. GL error GL_INVALID_OPERATION in (null): (ID: 3891749976) glGetUniformLocation- program 115, "" is not linked'
[17:09:35] [Render thread/WARN]: Shader supplementaries:spherify could not find sampler named Sampler1 in the specified shader program.
[17:09:35] [Render thread/INFO]: OpenGL debug message: id=1282, source=API, type=ERROR, severity=HIGH, message='Error has been generated. GL error GL_INVALID_OPERATION in (null): (ID: 3891749976) glGetUniformLocation- program 115, "" is not linked'
[17:09:35] [Render thread/WARN]: Shader supplementaries:spherify could not find sampler named Sampler2 in the specified shader program.
[17:09:35] [Render thread/INFO]: OpenGL debug message: id=1282, source=API, type=ERROR, severity=HIGH, message='Error has been generated. GL error GL_INVALID_OPERATION in (null): (ID: 3891749976) glGetUniformLocation- program 115, "" is not linked'
[17:09:35] [Render thread/WARN]: Shader supplementaries:spherify could not find uniform named ModelViewMat in the specified shader program.
[17:09:35] [Render thread/INFO]: OpenGL debug message: id=1282, source=API, type=ERROR, severity=HIGH, message='Error has been generated. GL error GL_INVALID_OPERATION in (null): (ID: 3891749976) glGetUniformLocation- program 115, "" is not linked'
[17:09:35] [Render thread/WARN]: Shader supplementaries:spherify could not find uniform named ProjMat in the specified shader program.
[17:09:35] [Render thread/INFO]: OpenGL debug message: id=1282, source=API, type=ERROR, severity=HIGH, message='Error has been generated. GL error GL_INVALID_OPERATION in (null): (ID: 3891749976) glGetUniformLocation- program 115, "" is not linked'
[17:09:35] [Render thread/WARN]: Shader supplementaries:spherify could not find uniform named IViewRotMat in the specified shader program.
[17:09:35] [Render thread/INFO]: OpenGL debug message: id=1282, source=API, type=ERROR, severity=HIGH, message='Error has been generated. GL error GL_INVALID_OPERATION in (null): (ID: 3891749976) glGetUniformLocation- program 115, "" is not linked'
[17:09:35] [Render thread/WARN]: Shader supplementaries:spherify could not find uniform named ColorModulator in the specified shader program.
[17:09:35] [Render thread/INFO]: OpenGL debug message: id=1282, source=API, type=ERROR, severity=HIGH, message='Error has been generated. GL error GL_INVALID_OPERATION in (null): (ID: 3891749976) glGetUniformLocation- program 115, "" is not linked'
[17:09:35] [Render thread/WARN]: Shader supplementaries:spherify could not find uniform named Light0_Direction in the specified shader program.
[17:09:35] [Render thread/INFO]: OpenGL debug message: id=1282, source=API, type=ERROR, severity=HIGH, message='Error has been generated. GL error GL_INVALID_OPERATION in (null): (ID: 3891749976) glGetUniformLocation- program 115, "" is not linked'
[17:09:35] [Render thread/WARN]: Shader supplementaries:spherify could not find uniform named Light1_Direction in the specified shader program.
[17:09:35] [Render thread/INFO]: OpenGL debug message: id=1282, source=API, type=ERROR, severity=HIGH, message='Error has been generated. GL error GL_INVALID_OPERATION in (null): (ID: 3891749976) glGetUniformLocation- program 115, "" is not linked'
[17:09:35] [Render thread/WARN]: Shader supplementaries:spherify could not find uniform named FogStart in the specified shader program.
[17:09:35] [Render thread/INFO]: OpenGL debug message: id=1282, source=API, type=ERROR, severity=HIGH, message='Error has been generated. GL error GL_INVALID_OPERATION in (null): (ID: 3891749976) glGetUniformLocation- program 115, "" is not linked'
[17:09:35] [Render thread/WARN]: Shader supplementaries:spherify could not find uniform named FogEnd in the specified shader program.
[17:09:35] [Render thread/INFO]: OpenGL debug message: id=1282, source=API, type=ERROR, severity=HIGH, message='Error has been generated. GL error GL_INVALID_OPERATION in (null): (ID: 3891749976) glGetUniformLocation- program 115, "" is not linked'
[17:09:35] [Render thread/WARN]: Shader supplementaries:spherify could not find uniform named FogColor in the specified shader program.
[17:09:35] [Render thread/INFO]: OpenGL debug message: id=1282, source=API, type=ERROR, severity=HIGH, message='Error has been generated. GL error GL_INVALID_OPERATION in (null): (ID: 3891749976) glGetUniformLocation- program 115, "" is not linked'
[17:09:35] [Render thread/WARN]: Shader supplementaries:spherify could not find uniform named FogShape in the specified shader program.
[17:09:35] [Render thread/INFO]: OpenGL debug message: id=1282, source=API, type=ERROR, severity=HIGH, message='Error has been generated. GL error GL_INVALID_OPERATION in (null): (ID: 3891749976) glGetUniformLocation- program 115, "" is not linked'
[17:09:35] [Render thread/WARN]: Shader supplementaries:spherify could not find uniform named NoiseSpeed in the specified shader program.
[17:09:35] [Render thread/INFO]: OpenGL debug message: id=1282, source=API, type=ERROR, severity=HIGH, message='Error has been generated. GL error GL_INVALID_OPERATION in (null): (ID: 3891749976) glGetUniformLocation- program 115, "" is not linked'
[17:09:35] [Render thread/WARN]: Shader supplementaries:spherify could not find uniform named NoiseScale in the specified shader program.
[17:09:35] [Render thread/INFO]: OpenGL debug message: id=1282, source=API, type=ERROR, severity=HIGH, message='Error has been generated. GL error GL_INVALID_OPERATION in (null): (ID: 3891749976) glGetUniformLocation- program 115, "" is not linked'
[17:09:35] [Render thread/WARN]: Shader supplementaries:spherify could not find uniform named Intensity in the specified shader program.
[17:09:35] [Render thread/INFO]: OpenGL debug message: id=1282, source=API, type=ERROR, severity=HIGH, message='Error has been generated. GL error GL_INVALID_OPERATION in (null): (ID: 3891749976) glGetUniformLocation- program 115, "" is not linked'
[17:09:35] [Render thread/WARN]: Shader supplementaries:spherify could not find uniform named CameraPos in the specified shader program.
[17:09:35] [Render thread/INFO]: OpenGL debug message: id=1, source=SHADER COMPILER, type=ERROR, severity=HIGH, message='SHADER_ID_LINK error has been generated. GLSL link failed for program 124, "": The  shader uses varying frag_IViewRotMat, but previous shader does not write to it.
Out of resource error.
'
[17:09:35] [Render thread/WARN]: Error encountered when linking program containing VS supplementaries:spherify and FS supplementaries:spherify. Log output:
[17:09:35] [Render thread/WARN]: The  shader uses varying frag_IViewRotMat, but previous shader does not write to it.
Out of resource error.

[17:09:35] [Render thread/INFO]: OpenGL debug message: id=1282, source=API, type=ERROR, severity=HIGH, message='Error has been generated. GL error GL_INVALID_OPERATION in (null): (ID: 3891749976) glGetUniformLocation- program 124, "" is not linked'
[17:09:35] [Render thread/INFO]: OpenGL debug message: id=1282, source=API, type=ERROR, severity=HIGH, message='Error has been generated. GL error GL_INVALID_OPERATION in (null): (ID: 3891749976) glGetUniformLocation- program 124, "" is not linked'
[17:09:35] [Render thread/INFO]: OpenGL debug message: id=1282, source=API, type=ERROR, severity=HIGH, message='Error has been generated. GL error GL_INVALID_OPERATION in (null): (ID: 3891749976) glGetUniformLocation- program 124, "" is not linked'
[17:09:35] [Render thread/INFO]: OpenGL debug message: id=1282, source=API, type=ERROR, severity=HIGH, message='Error has been generated. GL error GL_INVALID_OPERATION in (null): (ID: 3891749976) glGetUniformLocation- program 124, "" is not linked'
[17:09:35] [Render thread/WARN]: Shader supplementaries:spherify could not find sampler named Sampler0 in the specified shader program.
[17:09:35] [Render thread/INFO]: OpenGL debug message: id=1282, source=API, type=ERROR, severity=HIGH, message='Error has been generated. GL error GL_INVALID_OPERATION in (null): (ID: 3891749976) glGetUniformLocation- program 124, "" is not linked'
[17:09:35] [Render thread/WARN]: Shader supplementaries:spherify could not find sampler named Sampler1 in the specified shader program.
[17:09:35] [Render thread/INFO]: OpenGL debug message: id=1282, source=API, type=ERROR, severity=HIGH, message='Error has been generated. GL error GL_INVALID_OPERATION in (null): (ID: 3891749976) glGetUniformLocation- program 124, "" is not linked'
[17:09:35] [Render thread/WARN]: Shader supplementaries:spherify could not find sampler named Sampler2 in the specified shader program.
[17:09:35] [Render thread/INFO]: OpenGL debug message: id=1282, source=API, type=ERROR, severity=HIGH, message='Error has been generated. GL error GL_INVALID_OPERATION in (null): (ID: 3891749976) glGetUniformLocation- program 124, "" is not linked'
[17:09:35] [Render thread/WARN]: Shader supplementaries:spherify could not find uniform named ModelViewMat in the specified shader program.
[17:09:35] [Render thread/INFO]: OpenGL debug message: id=1282, source=API, type=ERROR, severity=HIGH, message='Error has been generated. GL error GL_INVALID_OPERATION in (null): (ID: 3891749976) glGetUniformLocation- program 124, "" is not linked'
[17:09:35] [Render thread/WARN]: Shader supplementaries:spherify could not find uniform named ProjMat in the specified shader program.
[17:09:35] [Render thread/INFO]: OpenGL debug message: id=1282, source=API, type=ERROR, severity=HIGH, message='Error has been generated. GL error GL_INVALID_OPERATION in (null): (ID: 3891749976) glGetUniformLocation- program 124, "" is not linked'
[17:09:35] [Render thread/WARN]: Shader supplementaries:spherify could not find uniform named IViewRotMat in the specified shader program.
[17:09:35] [Render thread/INFO]: OpenGL debug message: id=1282, source=API, type=ERROR, severity=HIGH, message='Error has been generated. GL error GL_INVALID_OPERATION in (null): (ID: 3891749976) glGetUniformLocation- program 124, "" is not linked'
[17:09:35] [Render thread/WARN]: Shader supplementaries:spherify could not find uniform named ColorModulator in the specified shader program.
[17:09:35] [Render thread/INFO]: OpenGL debug message: id=1282, source=API, type=ERROR, severity=HIGH, message='Error has been generated. GL error GL_INVALID_OPERATION in (null): (ID: 3891749976) glGetUniformLocation- program 124, "" is not linked'
[17:09:35] [Render thread/WARN]: Shader supplementaries:spherify could not find uniform named Light0_Direction in the specified shader program.
[17:09:35] [Render thread/INFO]: OpenGL debug message: id=1282, source=API, type=ERROR, severity=HIGH, message='Error has been generated. GL error GL_INVALID_OPERATION in (null): (ID: 3891749976) glGetUniformLocation- program 124, "" is not linked'
[17:09:35] [Render thread/WARN]: Shader supplementaries:spherify could not find uniform named Light1_Direction in the specified shader program.
[17:09:35] [Render thread/INFO]: OpenGL debug message: id=1282, source=API, type=ERROR, severity=HIGH, message='Error has been generated. GL error GL_INVALID_OPERATION in (null): (ID: 3891749976) glGetUniformLocation- program 124, "" is not linked'
[17:09:35] [Render thread/WARN]: Shader supplementaries:spherify could not find uniform named FogStart in the specified shader program.
[17:09:35] [Render thread/INFO]: OpenGL debug message: id=1282, source=API, type=ERROR, severity=HIGH, message='Error has been generated. GL error GL_INVALID_OPERATION in (null): (ID: 3891749976) glGetUniformLocation- program 124, "" is not linked'
[17:09:35] [Render thread/WARN]: Shader supplementaries:spherify could not find uniform named FogEnd in the specified shader program.
[17:09:35] [Render thread/INFO]: OpenGL debug message: id=1282, source=API, type=ERROR, severity=HIGH, message='Error has been generated. GL error GL_INVALID_OPERATION in (null): (ID: 3891749976) glGetUniformLocation- program 124, "" is not linked'
[17:09:35] [Render thread/WARN]: Shader supplementaries:spherify could not find uniform named FogColor in the specified shader program.
[17:09:35] [Render thread/INFO]: OpenGL debug message: id=1282, source=API, type=ERROR, severity=HIGH, message='Error has been generated. GL error GL_INVALID_OPERATION in (null): (ID: 3891749976) glGetUniformLocation- program 124, "" is not linked'
[17:09:35] [Render thread/WARN]: Shader supplementaries:spherify could not find uniform named FogShape in the specified shader program.
[17:09:35] [Render thread/INFO]: OpenGL debug message: id=1282, source=API, type=ERROR, severity=HIGH, message='Error has been generated. GL error GL_INVALID_OPERATION in (null): (ID: 3891749976) glGetUniformLocation- program 124, "" is not linked'
[17:09:35] [Render thread/WARN]: Shader supplementaries:spherify could not find uniform named NoiseSpeed in the specified shader program.
[17:09:35] [Render thread/INFO]: OpenGL debug message: id=1282, source=API, type=ERROR, severity=HIGH, message='Error has been generated. GL error GL_INVALID_OPERATION in (null): (ID: 3891749976) glGetUniformLocation- program 124, "" is not linked'
[17:09:35] [Render thread/WARN]: Shader supplementaries:spherify could not find uniform named NoiseScale in the specified shader program.
[17:09:35] [Render thread/INFO]: OpenGL debug message: id=1282, source=API, type=ERROR, severity=HIGH, message='Error has been generated. GL error GL_INVALID_OPERATION in (null): (ID: 3891749976) glGetUniformLocation- program 124, "" is not linked'
[17:09:35] [Render thread/WARN]: Shader supplementaries:spherify could not find uniform named Intensity in the specified shader program.
[17:09:35] [Render thread/INFO]: OpenGL debug message: id=1282, source=API, type=ERROR, severity=HIGH, message='Error has been generated. GL error GL_INVALID_OPERATION in (null): (ID: 3891749976) glGetUniformLocation- program 124, "" is not linked'
[17:09:35] [Render thread/WARN]: Shader supplementaries:spherify could not find uniform named CameraPos in the specified shader program.
[17:09:35] [Render thread/INFO]: OpenGL debug message: id=1, source=SHADER COMPILER, type=ERROR, severity=HIGH, message='SHADER_ID_LINK error has been generated. GLSL link failed for program 133, "": The  shader uses varying frag_IViewRotMat, but previous shader does not write to it.
Out of resource error.
'
[17:09:35] [Render thread/WARN]: Error encountered when linking program containing VS supplementaries:spherify and FS supplementaries:spherify. Log output:
[17:09:35] [Render thread/WARN]: The  shader uses varying frag_IViewRotMat, but previous shader does not write to it.
Out of resource error.

[17:09:35] [Render thread/INFO]: OpenGL debug message: id=1282, source=API, type=ERROR, severity=HIGH, message='Error has been generated. GL error GL_INVALID_OPERATION in (null): (ID: 3891749976) glGetUniformLocation- program 133, "" is not linked'
[17:09:35] [Render thread/INFO]: OpenGL debug message: id=1282, source=API, type=ERROR, severity=HIGH, message='Error has been generated. GL error GL_INVALID_OPERATION in (null): (ID: 3891749976) glGetUniformLocation- program 133, "" is not linked'
[17:09:35] [Render thread/INFO]: OpenGL debug message: id=1282, source=API, type=ERROR, severity=HIGH, message='Error has been generated. GL error GL_INVALID_OPERATION in (null): (ID: 3891749976) glGetUniformLocation- program 133, "" is not linked'
[17:09:35] [Render thread/INFO]: OpenGL debug message: id=1282, source=API, type=ERROR, severity=HIGH, message='Error has been generated. GL error GL_INVALID_OPERATION in (null): (ID: 3891749976) glGetUniformLocation- program 133, "" is not linked'
[17:09:35] [Render thread/WARN]: Shader supplementaries:spherify could not find sampler named Sampler0 in the specified shader program.
[17:09:35] [Render thread/INFO]: OpenGL debug message: id=1282, source=API, type=ERROR, severity=HIGH, message='Error has been generated. GL error GL_INVALID_OPERATION in (null): (ID: 3891749976) glGetUniformLocation- program 133, "" is not linked'
[17:09:35] [Render thread/WARN]: Shader supplementaries:spherify could not find sampler named Sampler1 in the specified shader program.
[17:09:35] [Render thread/INFO]: OpenGL debug message: id=1282, source=API, type=ERROR, severity=HIGH, message='Error has been generated. GL error GL_INVALID_OPERATION in (null): (ID: 3891749976) glGetUniformLocation- program 133, "" is not linked'
[17:09:35] [Render thread/WARN]: Shader supplementaries:spherify could not find sampler named Sampler2 in the specified shader program.
[17:09:35] [Render thread/INFO]: OpenGL debug message: id=1282, source=API, type=ERROR, severity=HIGH, message='Error has been generated. GL error GL_INVALID_OPERATION in (null): (ID: 3891749976) glGetUniformLocation- program 133, "" is not linked'
[17:09:35] [Render thread/WARN]: Shader supplementaries:spherify could not find uniform named ModelViewMat in the specified shader program.
[17:09:35] [Render thread/INFO]: OpenGL debug message: id=1282, source=API, type=ERROR, severity=HIGH, message='Error has been generated. GL error GL_INVALID_OPERATION in (null): (ID: 3891749976) glGetUniformLocation- program 133, "" is not linked'
[17:09:35] [Render thread/WARN]: Shader supplementaries:spherify could not find uniform named ProjMat in the specified shader program.
[17:09:35] [Render thread/INFO]: OpenGL debug message: id=1282, source=API, type=ERROR, severity=HIGH, message='Error has been generated. GL error GL_INVALID_OPERATION in (null): (ID: 3891749976) glGetUniformLocation- program 133, "" is not linked'
[17:09:35] [Render thread/WARN]: Shader supplementaries:spherify could not find uniform named IViewRotMat in the specified shader program.
[17:09:35] [Render thread/INFO]: OpenGL debug message: id=1282, source=API, type=ERROR, severity=HIGH, message='Error has been generated. GL error GL_INVALID_OPERATION in (null): (ID: 3891749976) glGetUniformLocation- program 133, "" is not linked'
[17:09:35] [Render thread/WARN]: Shader supplementaries:spherify could not find uniform named ColorModulator in the specified shader program.
[17:09:35] [Render thread/INFO]: OpenGL debug message: id=1282, source=API, type=ERROR, severity=HIGH, message='Error has been generated. GL error GL_INVALID_OPERATION in (null): (ID: 3891749976) glGetUniformLocation- program 133, "" is not linked'
[17:09:35] [Render thread/WARN]: Shader supplementaries:spherify could not find uniform named Light0_Direction in the specified shader program.
[17:09:35] [Render thread/INFO]: OpenGL debug message: id=1282, source=API, type=ERROR, severity=HIGH, message='Error has been generated. GL error GL_INVALID_OPERATION in (null): (ID: 3891749976) glGetUniformLocation- program 133, "" is not linked'
[17:09:35] [Render thread/WARN]: Shader supplementaries:spherify could not find uniform named Light1_Direction in the specified shader program.
[17:09:35] [Render thread/INFO]: OpenGL debug message: id=1282, source=API, type=ERROR, severity=HIGH, message='Error has been generated. GL error GL_INVALID_OPERATION in (null): (ID: 3891749976) glGetUniformLocation- program 133, "" is not linked'
[17:09:35] [Render thread/WARN]: Shader supplementaries:spherify could not find uniform named FogStart in the specified shader program.
[17:09:35] [Render thread/INFO]: OpenGL debug message: id=1282, source=API, type=ERROR, severity=HIGH, message='Error has been generated. GL error GL_INVALID_OPERATION in (null): (ID: 3891749976) glGetUniformLocation- program 133, "" is not linked'
[17:09:35] [Render thread/WARN]: Shader supplementaries:spherify could not find uniform named FogEnd in the specified shader program.
[17:09:35] [Render thread/INFO]: OpenGL debug message: id=1282, source=API, type=ERROR, severity=HIGH, message='Error has been generated. GL error GL_INVALID_OPERATION in (null): (ID: 3891749976) glGetUniformLocation- program 133, "" is not linked'
[17:09:35] [Render thread/WARN]: Shader supplementaries:spherify could not find uniform named FogColor in the specified shader program.
[17:09:35] [Render thread/INFO]: OpenGL debug message: id=1282, source=API, type=ERROR, severity=HIGH, message='Error has been generated. GL error GL_INVALID_OPERATION in (null): (ID: 3891749976) glGetUniformLocation- program 133, "" is not linked'
[17:09:35] [Render thread/WARN]: Shader supplementaries:spherify could not find uniform named FogShape in the specified shader program.
[17:09:35] [Render thread/INFO]: OpenGL debug message: id=1282, source=API, type=ERROR, severity=HIGH, message='Error has been generated. GL error GL_INVALID_OPERATION in (null): (ID: 3891749976) glGetUniformLocation- program 133, "" is not linked'
[17:09:35] [Render thread/WARN]: Shader supplementaries:spherify could not find uniform named NoiseSpeed in the specified shader program.
[17:09:35] [Render thread/INFO]: OpenGL debug message: id=1282, source=API, type=ERROR, severity=HIGH, message='Error has been generated. GL error GL_INVALID_OPERATION in (null): (ID: 3891749976) glGetUniformLocation- program 133, "" is not linked'
[17:09:35] [Render thread/WARN]: Shader supplementaries:spherify could not find uniform named NoiseScale in the specified shader program.
[17:09:35] [Render thread/INFO]: OpenGL debug message: id=1282, source=API, type=ERROR, severity=HIGH, message='Error has been generated. GL error GL_INVALID_OPERATION in (null): (ID: 3891749976) glGetUniformLocation- program 133, "" is not linked'
[17:09:35] [Render thread/WARN]: Shader supplementaries:spherify could not find uniform named Intensity in the specified shader program.
[17:09:35] [Render thread/INFO]: OpenGL debug message: id=1282, source=API, type=ERROR, severity=HIGH, message='Error has been generated. GL error GL_INVALID_OPERATION in (null): (ID: 3891749976) glGetUniformLocation- program 133, "" is not linked'
[17:09:35] [Render thread/WARN]: Shader supplementaries:spherify could not find uniform named CameraPos in the specified shader program.
[17:09:36] [Render thread/INFO]: OpenGL debug message: id=1, source=SHADER COMPILER, type=ERROR, severity=HIGH, message='SHADER_ID_LINK error has been generated. GLSL link failed for program 142, "": The  shader uses varying frag_IViewRotMat, but previous shader does not write to it.
Out of resource error.
'
[17:09:36] [Render thread/WARN]: Error encountered when linking program containing VS supplementaries:spherify and FS supplementaries:spherify. Log output:
[17:09:36] [Render thread/WARN]: The  shader uses varying frag_IViewRotMat, but previous shader does not write to it.
Out of resource error.

[17:09:36] [Render thread/INFO]: OpenGL debug message: id=1282, source=API, type=ERROR, severity=HIGH, message='Error has been generated. GL error GL_INVALID_OPERATION in (null): (ID: 3891749976) glGetUniformLocation- program 142, "" is not linked'
[17:09:36] [Render thread/INFO]: OpenGL debug message: id=1282, source=API, type=ERROR, severity=HIGH, message='Error has been generated. GL error GL_INVALID_OPERATION in (null): (ID: 3891749976) glGetUniformLocation- program 142, "" is not linked'
[17:09:36] [Render thread/INFO]: OpenGL debug message: id=1282, source=API, type=ERROR, severity=HIGH, message='Error has been generated. GL error GL_INVALID_OPERATION in (null): (ID: 3891749976) glGetUniformLocation- program 142, "" is not linked'
[17:09:36] [Render thread/INFO]: OpenGL debug message: id=1282, source=API, type=ERROR, severity=HIGH, message='Error has been generated. GL error GL_INVALID_OPERATION in (null): (ID: 3891749976) glGetUniformLocation- program 142, "" is not linked'
[17:09:36] [Render thread/WARN]: Shader supplementaries:spherify could not find sampler named Sampler0 in the specified shader program.
[17:09:36] [Render thread/INFO]: OpenGL debug message: id=1282, source=API, type=ERROR, severity=HIGH, message='Error has been generated. GL error GL_INVALID_OPERATION in (null): (ID: 3891749976) glGetUniformLocation- program 142, "" is not linked'
[17:09:36] [Render thread/WARN]: Shader supplementaries:spherify could not find sampler named Sampler1 in the specified shader program.
[17:09:36] [Render thread/INFO]: OpenGL debug message: id=1282, source=API, type=ERROR, severity=HIGH, message='Error has been generated. GL error GL_INVALID_OPERATION in (null): (ID: 3891749976) glGetUniformLocation- program 142, "" is not linked'
[17:09:36] [Render thread/WARN]: Shader supplementaries:spherify could not find sampler named Sampler2 in the specified shader program.
[17:09:36] [Render thread/INFO]: OpenGL debug message: id=1282, source=API, type=ERROR, severity=HIGH, message='Error has been generated. GL error GL_INVALID_OPERATION in (null): (ID: 3891749976) glGetUniformLocation- program 142, "" is not linked'
[17:09:36] [Render thread/WARN]: Shader supplementaries:spherify could not find uniform named ModelViewMat in the specified shader program.
[17:09:36] [Render thread/INFO]: OpenGL debug message: id=1282, source=API, type=ERROR, severity=HIGH, message='Error has been generated. GL error GL_INVALID_OPERATION in (null): (ID: 3891749976) glGetUniformLocation- program 142, "" is not linked'
[17:09:36] [Render thread/WARN]: Shader supplementaries:spherify could not find uniform named ProjMat in the specified shader program.
[17:09:36] [Render thread/INFO]: OpenGL debug message: id=1282, source=API, type=ERROR, severity=HIGH, message='Error has been generated. GL error GL_INVALID_OPERATION in (null): (ID: 3891749976) glGetUniformLocation- program 142, "" is not linked'
[17:09:36] [Render thread/WARN]: Shader supplementaries:spherify could not find uniform named IViewRotMat in the specified shader program.
[17:09:36] [Render thread/INFO]: OpenGL debug message: id=1282, source=API, type=ERROR, severity=HIGH, message='Error has been generated. GL error GL_INVALID_OPERATION in (null): (ID: 3891749976) glGetUniformLocation- program 142, "" is not linked'
[17:09:36] [Render thread/WARN]: Shader supplementaries:spherify could not find uniform named ColorModulator in the specified shader program.
[17:09:36] [Render thread/INFO]: OpenGL debug message: id=1282, source=API, type=ERROR, severity=HIGH, message='Error has been generated. GL error GL_INVALID_OPERATION in (null): (ID: 3891749976) glGetUniformLocation- program 142, "" is not linked'
[17:09:36] [Render thread/WARN]: Shader supplementaries:spherify could not find uniform named Light0_Direction in the specified shader program.
[17:09:36] [Render thread/INFO]: OpenGL debug message: id=1282, source=API, type=ERROR, severity=HIGH, message='Error has been generated. GL error GL_INVALID_OPERATION in (null): (ID: 3891749976) glGetUniformLocation- program 142, "" is not linked'
[17:09:36] [Render thread/WARN]: Shader supplementaries:spherify could not find uniform named Light1_Direction in the specified shader program.
[17:09:36] [Render thread/INFO]: OpenGL debug message: id=1282, source=API, type=ERROR, severity=HIGH, message='Error has been generated. GL error GL_INVALID_OPERATION in (null): (ID: 3891749976) glGetUniformLocation- program 142, "" is not linked'
[17:09:36] [Render thread/WARN]: Shader supplementaries:spherify could not find uniform named FogStart in the specified shader program.
[17:09:36] [Render thread/INFO]: OpenGL debug message: id=1282, source=API, type=ERROR, severity=HIGH, message='Error has been generated. GL error GL_INVALID_OPERATION in (null): (ID: 3891749976) glGetUniformLocation- program 142, "" is not linked'
[17:09:36] [Render thread/WARN]: Shader supplementaries:spherify could not find uniform named FogEnd in the specified shader program.
[17:09:36] [Render thread/INFO]: OpenGL debug message: id=1282, source=API, type=ERROR, severity=HIGH, message='Error has been generated. GL error GL_INVALID_OPERATION in (null): (ID: 3891749976) glGetUniformLocation- program 142, "" is not linked'
[17:09:36] [Render thread/WARN]: Shader supplementaries:spherify could not find uniform named FogColor in the specified shader program.
[17:09:36] [Render thread/INFO]: OpenGL debug message: id=1282, source=API, type=ERROR, severity=HIGH, message='Error has been generated. GL error GL_INVALID_OPERATION in (null): (ID: 3891749976) glGetUniformLocation- program 142, "" is not linked'
[17:09:36] [Render thread/WARN]: Shader supplementaries:spherify could not find uniform named FogShape in the specified shader program.
[17:09:36] [Render thread/INFO]: OpenGL debug message: id=1282, source=API, type=ERROR, severity=HIGH, message='Error has been generated. GL error GL_INVALID_OPERATION in (null): (ID: 3891749976) glGetUniformLocation- program 142, "" is not linked'
[17:09:36] [Render thread/WARN]: Shader supplementaries:spherify could not find uniform named NoiseSpeed in the specified shader program.
[17:09:36] [Render thread/INFO]: OpenGL debug message: id=1282, source=API, type=ERROR, severity=HIGH, message='Error has been generated. GL error GL_INVALID_OPERATION in (null): (ID: 3891749976) glGetUniformLocation- program 142, "" is not linked'
[17:09:36] [Render thread/WARN]: Shader supplementaries:spherify could not find uniform named NoiseScale in the specified shader program.
[17:09:36] [Render thread/INFO]: OpenGL debug message: id=1282, source=API, type=ERROR, severity=HIGH, message='Error has been generated. GL error GL_INVALID_OPERATION in (null): (ID: 3891749976) glGetUniformLocation- program 142, "" is not linked'
[17:09:36] [Render thread/WARN]: Shader supplementaries:spherify could not find uniform named Intensity in the specified shader program.
[17:09:36] [Render thread/INFO]: OpenGL debug message: id=1282, source=API, type=ERROR, severity=HIGH, message='Error has been generated. GL error GL_INVALID_OPERATION in (null): (ID: 3891749976) glGetUniformLocation- program 142, "" is not linked'
[17:09:36] [Render thread/WARN]: Shader supplementaries:spherify could not find uniform named CameraPos in the specified shader program.
[17:09:36] [Render thread/INFO]: OpenGL debug message: id=1, source=SHADER COMPILER, type=ERROR, severity=HIGH, message='SHADER_ID_LINK error has been generated. GLSL link failed for program 151, "": The  shader uses varying frag_IViewRotMat, but previous shader does not write to it.
Out of resource error.
'
[17:09:36] [Render thread/WARN]: Error encountered when linking program containing VS supplementaries:spherify and FS supplementaries:spherify. Log output:
[17:09:36] [Render thread/WARN]: The  shader uses varying frag_IViewRotMat, but previous shader does not write to it.
Out of resource error.

[17:09:36] [Render thread/INFO]: OpenGL debug message: id=1282, source=API, type=ERROR, severity=HIGH, message='Error has been generated. GL error GL_INVALID_OPERATION in (null): (ID: 3891749976) glGetUniformLocation- program 151, "" is not linked'
[17:09:36] [Render thread/INFO]: OpenGL debug message: id=1282, source=API, type=ERROR, severity=HIGH, message='Error has been generated. GL error GL_INVALID_OPERATION in (null): (ID: 3891749976) glGetUniformLocation- program 151, "" is not linked'
[17:09:36] [Render thread/INFO]: OpenGL debug message: id=1282, source=API, type=ERROR, severity=HIGH, message='Error has been generated. GL error GL_INVALID_OPERATION in (null): (ID: 3891749976) glGetUniformLocation- program 151, "" is not linked'
[17:09:36] [Render thread/INFO]: OpenGL debug message: id=1282, source=API, type=ERROR, severity=HIGH, message='Error has been generated. GL error GL_INVALID_OPERATION in (null): (ID: 3891749976) glGetUniformLocation- program 151, "" is not linked'
[17:09:36] [Render thread/WARN]: Shader supplementaries:spherify could not find sampler named Sampler0 in the specified shader program.
[17:09:36] [Render thread/INFO]: OpenGL debug message: id=1282, source=API, type=ERROR, severity=HIGH, message='Error has been generated. GL error GL_INVALID_OPERATION in (null): (ID: 3891749976) glGetUniformLocation- program 151, "" is not linked'
[17:09:36] [Render thread/WARN]: Shader supplementaries:spherify could not find sampler named Sampler1 in the specified shader program.
[17:09:36] [Render thread/INFO]: OpenGL debug message: id=1282, source=API, type=ERROR, severity=HIGH, message='Error has been generated. GL error GL_INVALID_OPERATION in (null): (ID: 3891749976) glGetUniformLocation- program 151, "" is not linked'
[17:09:36] [Render thread/WARN]: Shader supplementaries:spherify could not find sampler named Sampler2 in the specified shader program.
[17:09:36] [Render thread/INFO]: OpenGL debug message: id=1282, source=API, type=ERROR, severity=HIGH, message='Error has been generated. GL error GL_INVALID_OPERATION in (null): (ID: 3891749976) glGetUniformLocation- program 151, "" is not linked'
[17:09:36] [Render thread/WARN]: Shader supplementaries:spherify could not find uniform named ModelViewMat in the specified shader program.
[17:09:36] [Render thread/INFO]: OpenGL debug message: id=1282, source=API, type=ERROR, severity=HIGH, message='Error has been generated. GL error GL_INVALID_OPERATION in (null): (ID: 3891749976) glGetUniformLocation- program 151, "" is not linked'
[17:09:36] [Render thread/WARN]: Shader supplementaries:spherify could not find uniform named ProjMat in the specified shader program.
[17:09:36] [Render thread/INFO]: OpenGL debug message: id=1282, source=API, type=ERROR, severity=HIGH, message='Error has been generated. GL error GL_INVALID_OPERATION in (null): (ID: 3891749976) glGetUniformLocation- program 151, "" is not linked'
[17:09:36] [Render thread/WARN]: Shader supplementaries:spherify could not find uniform named IViewRotMat in the specified shader program.
[17:09:36] [Render thread/INFO]: OpenGL debug message: id=1282, source=API, type=ERROR, severity=HIGH, message='Error has been generated. GL error GL_INVALID_OPERATION in (null): (ID: 3891749976) glGetUniformLocation- program 151, "" is not linked'
[17:09:36] [Render thread/WARN]: Shader supplementaries:spherify could not find uniform named ColorModulator in the specified shader program.
[17:09:36] [Render thread/INFO]: OpenGL debug message: id=1282, source=API, type=ERROR, severity=HIGH, message='Error has been generated. GL error GL_INVALID_OPERATION in (null): (ID: 3891749976) glGetUniformLocation- program 151, "" is not linked'
[17:09:36] [Render thread/WARN]: Shader supplementaries:spherify could not find uniform named Light0_Direction in the specified shader program.
[17:09:36] [Render thread/INFO]: OpenGL debug message: id=1282, source=API, type=ERROR, severity=HIGH, message='Error has been generated. GL error GL_INVALID_OPERATION in (null): (ID: 3891749976) glGetUniformLocation- program 151, "" is not linked'
[17:09:36] [Render thread/WARN]: Shader supplementaries:spherify could not find uniform named Light1_Direction in the specified shader program.
[17:09:36] [Render thread/INFO]: OpenGL debug message: id=1282, source=API, type=ERROR, severity=HIGH, message='Error has been generated. GL error GL_INVALID_OPERATION in (null): (ID: 3891749976) glGetUniformLocation- program 151, "" is not linked'
[17:09:36] [Render thread/WARN]: Shader supplementaries:spherify could not find uniform named FogStart in the specified shader program.
[17:09:36] [Render thread/INFO]: OpenGL debug message: id=1282, source=API, type=ERROR, severity=HIGH, message='Error has been generated. GL error GL_INVALID_OPERATION in (null): (ID: 3891749976) glGetUniformLocation- program 151, "" is not linked'
[17:09:36] [Render thread/WARN]: Shader supplementaries:spherify could not find uniform named FogEnd in the specified shader program.
[17:09:36] [Render thread/INFO]: OpenGL debug message: id=1282, source=API, type=ERROR, severity=HIGH, message='Error has been generated. GL error GL_INVALID_OPERATION in (null): (ID: 3891749976) glGetUniformLocation- program 151, "" is not linked'
[17:09:36] [Render thread/WARN]: Shader supplementaries:spherify could not find uniform named FogColor in the specified shader program.
[17:09:36] [Render thread/INFO]: OpenGL debug message: id=1282, source=API, type=ERROR, severity=HIGH, message='Error has been generated. GL error GL_INVALID_OPERATION in (null): (ID: 3891749976) glGetUniformLocation- program 151, "" is not linked'
[17:09:36] [Render thread/WARN]: Shader supplementaries:spherify could not find uniform named FogShape in the specified shader program.
[17:09:36] [Render thread/INFO]: OpenGL debug message: id=1282, source=API, type=ERROR, severity=HIGH, message='Error has been generated. GL error GL_INVALID_OPERATION in (null): (ID: 3891749976) glGetUniformLocation- program 151, "" is not linked'
[17:09:36] [Render thread/WARN]: Shader supplementaries:spherify could not find uniform named NoiseSpeed in the specified shader program.
[17:09:36] [Render thread/INFO]: OpenGL debug message: id=1282, source=API, type=ERROR, severity=HIGH, message='Error has been generated. GL error GL_INVALID_OPERATION in (null): (ID: 3891749976) glGetUniformLocation- program 151, "" is not linked'
[17:09:36] [Render thread/WARN]: Shader supplementaries:spherify could not find uniform named NoiseScale in the specified shader program.
[17:09:36] [Render thread/INFO]: OpenGL debug message: id=1282, source=API, type=ERROR, severity=HIGH, message='Error has been generated. GL error GL_INVALID_OPERATION in (null): (ID: 3891749976) glGetUniformLocation- program 151, "" is not linked'
[17:09:36] [Render thread/WARN]: Shader supplementaries:spherify could not find uniform named Intensity in the specified shader program.
[17:09:36] [Render thread/INFO]: OpenGL debug message: id=1282, source=API, type=ERROR, severity=HIGH, message='Error has been generated. GL error GL_INVALID_OPERATION in (null): (ID: 3891749976) glGetUniformLocation- program 151, "" is not linked'
[17:09:36] [Render thread/WARN]: Shader supplementaries:spherify could not find uniform named CameraPos in the specified shader program.
[17:09:36] [Render thread/INFO]: OpenGL debug message: id=1, source=SHADER COMPILER, type=ERROR, severity=HIGH, message='SHADER_ID_LINK error has been generated. GLSL link failed for program 160, "": The  shader uses varying frag_IViewRotMat, but previous shader does not write to it.
Out of resource error.
'
[17:09:36] [Render thread/WARN]: Error encountered when linking program containing VS supplementaries:spherify and FS supplementaries:spherify. Log output:
[17:09:36] [Render thread/WARN]: The  shader uses varying frag_IViewRotMat, but previous shader does not write to it.
Out of resource error.

[17:09:36] [Render thread/INFO]: OpenGL debug message: id=1282, source=API, type=ERROR, severity=HIGH, message='Error has been generated. GL error GL_INVALID_OPERATION in (null): (ID: 3891749976) glGetUniformLocation- program 160, "" is not linked'
[17:09:36] [Render thread/INFO]: OpenGL debug message: id=1282, source=API, type=ERROR, severity=HIGH, message='Error has been generated. GL error GL_INVALID_OPERATION in (null): (ID: 3891749976) glGetUniformLocation- program 160, "" is not linked'
[17:09:36] [Render thread/INFO]: OpenGL debug message: id=1282, source=API, type=ERROR, severity=HIGH, message='Error has been generated. GL error GL_INVALID_OPERATION in (null): (ID: 3891749976) glGetUniformLocation- program 160, "" is not linked'
[17:09:36] [Render thread/INFO]: OpenGL debug message: id=1282, source=API, type=ERROR, severity=HIGH, message='Error has been generated. GL error GL_INVALID_OPERATION in (null): (ID: 3891749976) glGetUniformLocation- program 160, "" is not linked'
[17:09:36] [Render thread/WARN]: Shader supplementaries:spherify could not find sampler named Sampler0 in the specified shader program.
[17:09:36] [Render thread/INFO]: OpenGL debug message: id=1282, source=API, type=ERROR, severity=HIGH, message='Error has been generated. GL error GL_INVALID_OPERATION in (null): (ID: 3891749976) glGetUniformLocation- program 160, "" is not linked'
[17:09:36] [Render thread/WARN]: Shader supplementaries:spherify could not find sampler named Sampler1 in the specified shader program.
[17:09:36] [Render thread/INFO]: OpenGL debug message: id=1282, source=API, type=ERROR, severity=HIGH, message='Error has been generated. GL error GL_INVALID_OPERATION in (null): (ID: 3891749976) glGetUniformLocation- program 160, "" is not linked'
[17:09:36] [Render thread/WARN]: Shader supplementaries:spherify could not find sampler named Sampler2 in the specified shader program.
[17:09:36] [Render thread/INFO]: OpenGL debug message: id=1282, source=API, type=ERROR, severity=HIGH, message='Error has been generated. GL error GL_INVALID_OPERATION in (null): (ID: 3891749976) glGetUniformLocation- program 160, "" is not linked'
[17:09:36] [Render thread/WARN]: Shader supplementaries:spherify could not find uniform named ModelViewMat in the specified shader program.
[17:09:36] [Render thread/INFO]: OpenGL debug message: id=1282, source=API, type=ERROR, severity=HIGH, message='Error has been generated. GL error GL_INVALID_OPERATION in (null): (ID: 3891749976) glGetUniformLocation- program 160, "" is not linked'
[17:09:36] [Render thread/WARN]: Shader supplementaries:spherify could not find uniform named ProjMat in the specified shader program.
[17:09:36] [Render thread/INFO]: OpenGL debug message: id=1282, source=API, type=ERROR, severity=HIGH, message='Error has been generated. GL error GL_INVALID_OPERATION in (null): (ID: 3891749976) glGetUniformLocation- program 160, "" is not linked'
[17:09:36] [Render thread/WARN]: Shader supplementaries:spherify could not find uniform named IViewRotMat in the specified shader program.
[17:09:36] [Render thread/INFO]: OpenGL debug message: id=1282, source=API, type=ERROR, severity=HIGH, message='Error has been generated. GL error GL_INVALID_OPERATION in (null): (ID: 3891749976) glGetUniformLocation- program 160, "" is not linked'
[17:09:36] [Render thread/WARN]: Shader supplementaries:spherify could not find uniform named ColorModulator in the specified shader program.
[17:09:36] [Render thread/INFO]: OpenGL debug message: id=1282, source=API, type=ERROR, severity=HIGH, message='Error has been generated. GL error GL_INVALID_OPERATION in (null): (ID: 3891749976) glGetUniformLocation- program 160, "" is not linked'
[17:09:36] [Render thread/WARN]: Shader supplementaries:spherify could not find uniform named Light0_Direction in the specified shader program.
[17:09:36] [Render thread/INFO]: OpenGL debug message: id=1282, source=API, type=ERROR, severity=HIGH, message='Error has been generated. GL error GL_INVALID_OPERATION in (null): (ID: 3891749976) glGetUniformLocation- program 160, "" is not linked'
[17:09:36] [Render thread/WARN]: Shader supplementaries:spherify could not find uniform named Light1_Direction in the specified shader program.
[17:09:36] [Render thread/INFO]: OpenGL debug message: id=1282, source=API, type=ERROR, severity=HIGH, message='Error has been generated. GL error GL_INVALID_OPERATION in (null): (ID: 3891749976) glGetUniformLocation- program 160, "" is not linked'
[17:09:36] [Render thread/WARN]: Shader supplementaries:spherify could not find uniform named FogStart in the specified shader program.
[17:09:36] [Render thread/INFO]: OpenGL debug message: id=1282, source=API, type=ERROR, severity=HIGH, message='Error has been generated. GL error GL_INVALID_OPERATION in (null): (ID: 3891749976) glGetUniformLocation- program 160, "" is not linked'
[17:09:36] [Render thread/WARN]: Shader supplementaries:spherify could not find uniform named FogEnd in the specified shader program.
[17:09:36] [Render thread/INFO]: OpenGL debug message: id=1282, source=API, type=ERROR, severity=HIGH, message='Error has been generated. GL error GL_INVALID_OPERATION in (null): (ID: 3891749976) glGetUniformLocation- program 160, "" is not linked'
[17:09:36] [Render thread/WARN]: Shader supplementaries:spherify could not find uniform named FogColor in the specified shader program.
[17:09:36] [Render thread/INFO]: OpenGL debug message: id=1282, source=API, type=ERROR, severity=HIGH, message='Error has been generated. GL error GL_INVALID_OPERATION in (null): (ID: 3891749976) glGetUniformLocation- program 160, "" is not linked'
[17:09:36] [Render thread/WARN]: Shader supplementaries:spherify could not find uniform named FogShape in the specified shader program.
[17:09:36] [Render thread/INFO]: OpenGL debug message: id=1282, source=API, type=ERROR, severity=HIGH, message='Error has been generated. GL error GL_INVALID_OPERATION in (null): (ID: 3891749976) glGetUniformLocation- program 160, "" is not linked'
[17:09:36] [Render thread/WARN]: Shader supplementaries:spherify could not find uniform named NoiseSpeed in the specified shader program.
[17:09:36] [Render thread/INFO]: OpenGL debug message: id=1282, source=API, type=ERROR, severity=HIGH, message='Error has been generated. GL error GL_INVALID_OPERATION in (null): (ID: 3891749976) glGetUniformLocation- program 160, "" is not linked'
[17:09:36] [Render thread/WARN]: Shader supplementaries:spherify could not find uniform named NoiseScale in the specified shader program.
[17:09:36] [Render thread/INFO]: OpenGL debug message: id=1282, source=API, type=ERROR, severity=HIGH, message='Error has been generated. GL error GL_INVALID_OPERATION in (null): (ID: 3891749976) glGetUniformLocation- program 160, "" is not linked'
[17:09:36] [Render thread/WARN]: Shader supplementaries:spherify could not find uniform named Intensity in the specified shader program.
[17:09:36] [Render thread/INFO]: OpenGL debug message: id=1282, source=API, type=ERROR, severity=HIGH, message='Error has been generated. GL error GL_INVALID_OPERATION in (null): (ID: 3891749976) glGetUniformLocation- program 160, "" is not linked'
[17:09:36] [Render thread/WARN]: Shader supplementaries:spherify could not find uniform named CameraPos in the specified shader program.
[17:09:36] [Render thread/INFO]: OpenGL debug message: id=1, source=SHADER COMPILER, type=ERROR, severity=HIGH, message='SHADER_ID_LINK error has been generated. GLSL link failed for program 169, "": The  shader uses varying frag_IViewRotMat, but previous shader does not write to it.
Out of resource error.
'
[17:09:36] [Render thread/WARN]: Error encountered when linking program containing VS supplementaries:spherify and FS supplementaries:spherify. Log output:
[17:09:36] [Render thread/WARN]: The  shader uses varying frag_IViewRotMat, but previous shader does not write to it.
Out of resource error.

[17:09:36] [Render thread/INFO]: OpenGL debug message: id=1282, source=API, type=ERROR, severity=HIGH, message='Error has been generated. GL error GL_INVALID_OPERATION in (null): (ID: 3891749976) glGetUniformLocation- program 169, "" is not linked'
[17:09:36] [Render thread/INFO]: OpenGL debug message: id=1282, source=API, type=ERROR, severity=HIGH, message='Error has been generated. GL error GL_INVALID_OPERATION in (null): (ID: 3891749976) glGetUniformLocation- program 169, "" is not linked'
[17:09:36] [Render thread/INFO]: OpenGL debug message: id=1282, source=API, type=ERROR, severity=HIGH, message='Error has been generated. GL error GL_INVALID_OPERATION in (null): (ID: 3891749976) glGetUniformLocation- program 169, "" is not linked'
[17:09:36] [Render thread/INFO]: OpenGL debug message: id=1282, source=API, type=ERROR, severity=HIGH, message='Error has been generated. GL error GL_INVALID_OPERATION in (null): (ID: 3891749976) glGetUniformLocation- program 169, "" is not linked'
[17:09:36] [Render thread/WARN]: Shader supplementaries:spherify could not find sampler named Sampler0 in the specified shader program.
[17:09:36] [Render thread/INFO]: OpenGL debug message: id=1282, source=API, type=ERROR, severity=HIGH, message='Error has been generated. GL error GL_INVALID_OPERATION in (null): (ID: 3891749976) glGetUniformLocation- program 169, "" is not linked'
[17:09:36] [Render thread/WARN]: Shader supplementaries:spherify could not find sampler named Sampler1 in the specified shader program.
[17:09:36] [Render thread/INFO]: OpenGL debug message: id=1282, source=API, type=ERROR, severity=HIGH, message='Error has been generated. GL error GL_INVALID_OPERATION in (null): (ID: 3891749976) glGetUniformLocation- program 169, "" is not linked'
[17:09:36] [Render thread/WARN]: Shader supplementaries:spherify could not find sampler named Sampler2 in the specified shader program.
[17:09:36] [Render thread/INFO]: OpenGL debug message: id=1282, source=API, type=ERROR, severity=HIGH, message='Error has been generated. GL error GL_INVALID_OPERATION in (null): (ID: 3891749976) glGetUniformLocation- program 169, "" is not linked'
[17:09:36] [Render thread/WARN]: Shader supplementaries:spherify could not find uniform named ModelViewMat in the specified shader program.
[17:09:36] [Render thread/INFO]: OpenGL debug message: id=1282, source=API, type=ERROR, severity=HIGH, message='Error has been generated. GL error GL_INVALID_OPERATION in (null): (ID: 3891749976) glGetUniformLocation- program 169, "" is not linked'
[17:09:36] [Render thread/WARN]: Shader supplementaries:spherify could not find uniform named ProjMat in the specified shader program.
[17:09:36] [Render thread/INFO]: OpenGL debug message: id=1282, source=API, type=ERROR, severity=HIGH, message='Error has been generated. GL error GL_INVALID_OPERATION in (null): (ID: 3891749976) glGetUniformLocation- program 169, "" is not linked'
[17:09:36] [Render thread/WARN]: Shader supplementaries:spherify could not find uniform named IViewRotMat in the specified shader program.
[17:09:36] [Render thread/INFO]: OpenGL debug message: id=1282, source=API, type=ERROR, severity=HIGH, message='Error has been generated. GL error GL_INVALID_OPERATION in (null): (ID: 3891749976) glGetUniformLocation- program 169, "" is not linked'
[17:09:36] [Render thread/WARN]: Shader supplementaries:spherify could not find uniform named ColorModulator in the specified shader program.
[17:09:36] [Render thread/INFO]: OpenGL debug message: id=1282, source=API, type=ERROR, severity=HIGH, message='Error has been generated. GL error GL_INVALID_OPERATION in (null): (ID: 3891749976) glGetUniformLocation- program 169, "" is not linked'
[17:09:36] [Render thread/WARN]: Shader supplementaries:spherify could not find uniform named Light0_Direction in the specified shader program.
[17:09:36] [Render thread/INFO]: OpenGL debug message: id=1282, source=API, type=ERROR, severity=HIGH, message='Error has been generated. GL error GL_INVALID_OPERATION in (null): (ID: 3891749976) glGetUniformLocation- program 169, "" is not linked'
[17:09:36] [Render thread/WARN]: Shader supplementaries:spherify could not find uniform named Light1_Direction in the specified shader program.
[17:09:36] [Render thread/INFO]: OpenGL debug message: id=1282, source=API, type=ERROR, severity=HIGH, message='Error has been generated. GL error GL_INVALID_OPERATION in (null): (ID: 3891749976) glGetUniformLocation- program 169, "" is not linked'
[17:09:36] [Render thread/WARN]: Shader supplementaries:spherify could not find uniform named FogStart in the specified shader program.
[17:09:36] [Render thread/INFO]: OpenGL debug message: id=1282, source=API, type=ERROR, severity=HIGH, message='Error has been generated. GL error GL_INVALID_OPERATION in (null): (ID: 3891749976) glGetUniformLocation- program 169, "" is not linked'
[17:09:36] [Render thread/WARN]: Shader supplementaries:spherify could not find uniform named FogEnd in the specified shader program.
[17:09:36] [Render thread/INFO]: OpenGL debug message: id=1282, source=API, type=ERROR, severity=HIGH, message='Error has been generated. GL error GL_INVALID_OPERATION in (null): (ID: 3891749976) glGetUniformLocation- program 169, "" is not linked'
[17:09:36] [Render thread/WARN]: Shader supplementaries:spherify could not find uniform named FogColor in the specified shader program.
[17:09:36] [Render thread/INFO]: OpenGL debug message: id=1282, source=API, type=ERROR, severity=HIGH, message='Error has been generated. GL error GL_INVALID_OPERATION in (null): (ID: 3891749976) glGetUniformLocation- program 169, "" is not linked'
[17:09:36] [Render thread/WARN]: Shader supplementaries:spherify could not find uniform named FogShape in the specified shader program.
[17:09:36] [Render thread/INFO]: OpenGL debug message: id=1282, source=API, type=ERROR, severity=HIGH, message='Error has been generated. GL error GL_INVALID_OPERATION in (null): (ID: 3891749976) glGetUniformLocation- program 169, "" is not linked'
[17:09:36] [Render thread/WARN]: Shader supplementaries:spherify could not find uniform named NoiseSpeed in the specified shader program.
[17:09:36] [Render thread/INFO]: OpenGL debug message: id=1282, source=API, type=ERROR, severity=HIGH, message='Error has been generated. GL error GL_INVALID_OPERATION in (null): (ID: 3891749976) glGetUniformLocation- program 169, "" is not linked'
[17:09:36] [Render thread/WARN]: Shader supplementaries:spherify could not find uniform named NoiseScale in the specified shader program.
[17:09:36] [Render thread/INFO]: OpenGL debug message: id=1282, source=API, type=ERROR, severity=HIGH, message='Error has been generated. GL error GL_INVALID_OPERATION in (null): (ID: 3891749976) glGetUniformLocation- program 169, "" is not linked'
[17:09:36] [Render thread/WARN]: Shader supplementaries:spherify could not find uniform named Intensity in the specified shader program.
[17:09:36] [Render thread/INFO]: OpenGL debug message: id=1282, source=API, type=ERROR, severity=HIGH, message='Error has been generated. GL error GL_INVALID_OPERATION in (null): (ID: 3891749976) glGetUniformLocation- program 169, "" is not linked'
[17:09:36] [Render thread/WARN]: Shader supplementaries:spherify could not find uniform named CameraPos in the specified shader program.
[17:09:37] [Render thread/INFO]: OpenGL debug message: id=1, source=SHADER COMPILER, type=ERROR, severity=HIGH, message='SHADER_ID_LINK error has been generated. GLSL link failed for program 178, "": The  shader uses varying frag_IViewRotMat, but previous shader does not write to it.
Out of resource error.
'
[17:09:37] [Render thread/WARN]: Error encountered when linking program containing VS supplementaries:spherify and FS supplementaries:spherify. Log output:
[17:09:37] [Render thread/WARN]: The  shader uses varying frag_IViewRotMat, but previous shader does not write to it.
Out of resource error.

[17:09:37] [Render thread/INFO]: OpenGL debug message: id=1282, source=API, type=ERROR, severity=HIGH, message='Error has been generated. GL error GL_INVALID_OPERATION in (null): (ID: 3891749976) glGetUniformLocation- program 178, "" is not linked'
[17:09:37] [Render thread/INFO]: OpenGL debug message: id=1282, source=API, type=ERROR, severity=HIGH, message='Error has been generated. GL error GL_INVALID_OPERATION in (null): (ID: 3891749976) glGetUniformLocation- program 178, "" is not linked'
[17:09:37] [Render thread/INFO]: OpenGL debug message: id=1282, source=API, type=ERROR, severity=HIGH, message='Error has been generated. GL error GL_INVALID_OPERATION in (null): (ID: 3891749976) glGetUniformLocation- program 178, "" is not linked'
[17:09:37] [Render thread/INFO]: OpenGL debug message: id=1282, source=API, type=ERROR, severity=HIGH, message='Error has been generated. GL error GL_INVALID_OPERATION in (null): (ID: 3891749976) glGetUniformLocation- program 178, "" is not linked'
[17:09:37] [Render thread/WARN]: Shader supplementaries:spherify could not find sampler named Sampler0 in the specified shader program.
[17:09:37] [Render thread/INFO]: OpenGL debug message: id=1282, source=API, type=ERROR, severity=HIGH, message='Error has been generated. GL error GL_INVALID_OPERATION in (null): (ID: 3891749976) glGetUniformLocation- program 178, "" is not linked'
[17:09:37] [Render thread/WARN]: Shader supplementaries:spherify could not find sampler named Sampler1 in the specified shader program.
[17:09:37] [Render thread/INFO]: OpenGL debug message: id=1282, source=API, type=ERROR, severity=HIGH, message='Error has been generated. GL error GL_INVALID_OPERATION in (null): (ID: 3891749976) glGetUniformLocation- program 178, "" is not linked'
[17:09:37] [Render thread/WARN]: Shader supplementaries:spherify could not find sampler named Sampler2 in the specified shader program.
[17:09:37] [Render thread/INFO]: OpenGL debug message: id=1282, source=API, type=ERROR, severity=HIGH, message='Error has been generated. GL error GL_INVALID_OPERATION in (null): (ID: 3891749976) glGetUniformLocation- program 178, "" is not linked'
[17:09:37] [Render thread/WARN]: Shader supplementaries:spherify could not find uniform named ModelViewMat in the specified shader program.
[17:09:37] [Render thread/INFO]: OpenGL debug message: id=1282, source=API, type=ERROR, severity=HIGH, message='Error has been generated. GL error GL_INVALID_OPERATION in (null): (ID: 3891749976) glGetUniformLocation- program 178, "" is not linked'
[17:09:37] [Render thread/WARN]: Shader supplementaries:spherify could not find uniform named ProjMat in the specified shader program.
[17:09:37] [Render thread/INFO]: OpenGL debug message: id=1282, source=API, type=ERROR, severity=HIGH, message='Error has been generated. GL error GL_INVALID_OPERATION in (null): (ID: 3891749976) glGetUniformLocation- program 178, "" is not linked'
[17:09:37] [Render thread/WARN]: Shader supplementaries:spherify could not find uniform named IViewRotMat in the specified shader program.
[17:09:37] [Render thread/INFO]: OpenGL debug message: id=1282, source=API, type=ERROR, severity=HIGH, message='Error has been generated. GL error GL_INVALID_OPERATION in (null): (ID: 3891749976) glGetUniformLocation- program 178, "" is not linked'
[17:09:37] [Render thread/WARN]: Shader supplementaries:spherify could not find uniform named ColorModulator in the specified shader program.
[17:09:37] [Render thread/INFO]: OpenGL debug message: id=1282, source=API, type=ERROR, severity=HIGH, message='Error has been generated. GL error GL_INVALID_OPERATION in (null): (ID: 3891749976) glGetUniformLocation- program 178, "" is not linked'
[17:09:37] [Render thread/WARN]: Shader supplementaries:spherify could not find uniform named Light0_Direction in the specified shader program.
[17:09:37] [Render thread/INFO]: OpenGL debug message: id=1282, source=API, type=ERROR, severity=HIGH, message='Error has been generated. GL error GL_INVALID_OPERATION in (null): (ID: 3891749976) glGetUniformLocation- program 178, "" is not linked'
[17:09:37] [Render thread/WARN]: Shader supplementaries:spherify could not find uniform named Light1_Direction in the specified shader program.
[17:09:37] [Render thread/INFO]: OpenGL debug message: id=1282, source=API, type=ERROR, severity=HIGH, message='Error has been generated. GL error GL_INVALID_OPERATION in (null): (ID: 3891749976) glGetUniformLocation- program 178, "" is not linked'
[17:09:37] [Render thread/WARN]: Shader supplementaries:spherify could not find uniform named FogStart in the specified shader program.
[17:09:37] [Render thread/INFO]: OpenGL debug message: id=1282, source=API, type=ERROR, severity=HIGH, message='Error has been generated. GL error GL_INVALID_OPERATION in (null): (ID: 3891749976) glGetUniformLocation- program 178, "" is not linked'
[17:09:37] [Render thread/WARN]: Shader supplementaries:spherify could not find uniform named FogEnd in the specified shader program.
[17:09:37] [Render thread/INFO]: OpenGL debug message: id=1282, source=API, type=ERROR, severity=HIGH, message='Error has been generated. GL error GL_INVALID_OPERATION in (null): (ID: 3891749976) glGetUniformLocation- program 178, "" is not linked'
[17:09:37] [Render thread/WARN]: Shader supplementaries:spherify could not find uniform named FogColor in the specified shader program.
[17:09:37] [Render thread/INFO]: OpenGL debug message: id=1282, source=API, type=ERROR, severity=HIGH, message='Error has been generated. GL error GL_INVALID_OPERATION in (null): (ID: 3891749976) glGetUniformLocation- program 178, "" is not linked'
[17:09:37] [Render thread/WARN]: Shader supplementaries:spherify could not find uniform named FogShape in the specified shader program.
[17:09:37] [Render thread/INFO]: OpenGL debug message: id=1282, source=API, type=ERROR, severity=HIGH, message='Error has been generated. GL error GL_INVALID_OPERATION in (null): (ID: 3891749976) glGetUniformLocation- program 178, "" is not linked'
[17:09:37] [Render thread/WARN]: Shader supplementaries:spherify could not find uniform named NoiseSpeed in the specified shader program.
[17:09:37] [Render thread/INFO]: OpenGL debug message: id=1282, source=API, type=ERROR, severity=HIGH, message='Error has been generated. GL error GL_INVALID_OPERATION in (null): (ID: 3891749976) glGetUniformLocation- program 178, "" is not linked'
[17:09:37] [Render thread/WARN]: Shader supplementaries:spherify could not find uniform named NoiseScale in the specified shader program.
[17:09:37] [Render thread/INFO]: OpenGL debug message: id=1282, source=API, type=ERROR, severity=HIGH, message='Error has been generated. GL error GL_INVALID_OPERATION in (null): (ID: 3891749976) glGetUniformLocation- program 178, "" is not linked'
[17:09:37] [Render thread/WARN]: Shader supplementaries:spherify could not find uniform named Intensity in the specified shader program.
[17:09:37] [Render thread/INFO]: OpenGL debug message: id=1282, source=API, type=ERROR, severity=HIGH, message='Error has been generated. GL error GL_INVALID_OPERATION in (null): (ID: 3891749976) glGetUniformLocation- program 178, "" is not linked'
[17:09:37] [Render thread/WARN]: Shader supplementaries:spherify could not find uniform named CameraPos in the specified shader program.
[17:09:37] [Render thread/INFO]: OpenGL debug message: id=1, source=SHADER COMPILER, type=ERROR, severity=HIGH, message='SHADER_ID_LINK error has been generated. GLSL link failed for program 187, "": The  shader uses varying frag_IViewRotMat, but previous shader does not write to it.
Out of resource error.
'
[17:09:37] [Render thread/WARN]: Error encountered when linking program containing VS supplementaries:spherify and FS supplementaries:spherify. Log output:
[17:09:37] [Render thread/WARN]: The  shader uses varying frag_IViewRotMat, but previous shader does not write to it.
Out of resource error.

[17:09:37] [Render thread/INFO]: OpenGL debug message: id=1282, source=API, type=ERROR, severity=HIGH, message='Error has been generated. GL error GL_INVALID_OPERATION in (null): (ID: 3891749976) glGetUniformLocation- program 187, "" is not linked'
[17:09:37] [Render thread/INFO]: OpenGL debug message: id=1282, source=API, type=ERROR, severity=HIGH, message='Error has been generated. GL error GL_INVALID_OPERATION in (null): (ID: 3891749976) glGetUniformLocation- program 187, "" is not linked'
[17:09:37] [Render thread/INFO]: OpenGL debug message: id=1282, source=API, type=ERROR, severity=HIGH, message='Error has been generated. GL error GL_INVALID_OPERATION in (null): (ID: 3891749976) glGetUniformLocation- program 187, "" is not linked'
[17:09:37] [Render thread/INFO]: OpenGL debug message: id=1282, source=API, type=ERROR, severity=HIGH, message='Error has been generated. GL error GL_INVALID_OPERATION in (null): (ID: 3891749976) glGetUniformLocation- program 187, "" is not linked'
[17:09:37] [Render thread/WARN]: Shader supplementaries:spherify could not find sampler named Sampler0 in the specified shader program.
[17:09:37] [Render thread/INFO]: OpenGL debug message: id=1282, source=API, type=ERROR, severity=HIGH, message='Error has been generated. GL error GL_INVALID_OPERATION in (null): (ID: 3891749976) glGetUniformLocation- program 187, "" is not linked'
[17:09:37] [Render thread/WARN]: Shader supplementaries:spherify could not find sampler named Sampler1 in the specified shader program.
[17:09:37] [Render thread/INFO]: OpenGL debug message: id=1282, source=API, type=ERROR, severity=HIGH, message='Error has been generated. GL error GL_INVALID_OPERATION in (null): (ID: 3891749976) glGetUniformLocation- program 187, "" is not linked'
[17:09:37] [Render thread/WARN]: Shader supplementaries:spherify could not find sampler named Sampler2 in the specified shader program.
[17:09:37] [Render thread/INFO]: OpenGL debug message: id=1282, source=API, type=ERROR, severity=HIGH, message='Error has been generated. GL error GL_INVALID_OPERATION in (null): (ID: 3891749976) glGetUniformLocation- program 187, "" is not linked'
[17:09:37] [Render thread/WARN]: Shader supplementaries:spherify could not find uniform named ModelViewMat in the specified shader program.
[17:09:37] [Render thread/INFO]: OpenGL debug message: id=1282, source=API, type=ERROR, severity=HIGH, message='Error has been generated. GL error GL_INVALID_OPERATION in (null): (ID: 3891749976) glGetUniformLocation- program 187, "" is not linked'
[17:09:37] [Render thread/WARN]: Shader supplementaries:spherify could not find uniform named ProjMat in the specified shader program.
[17:09:37] [Render thread/INFO]: OpenGL debug message: id=1282, source=API, type=ERROR, severity=HIGH, message='Error has been generated. GL error GL_INVALID_OPERATION in (null): (ID: 3891749976) glGetUniformLocation- program 187, "" is not linked'
[17:09:37] [Render thread/WARN]: Shader supplementaries:spherify could not find uniform named IViewRotMat in the specified shader program.
[17:09:37] [Render thread/INFO]: OpenGL debug message: id=1282, source=API, type=ERROR, severity=HIGH, message='Error has been generated. GL error GL_INVALID_OPERATION in (null): (ID: 3891749976) glGetUniformLocation- program 187, "" is not linked'
[17:09:37] [Render thread/WARN]: Shader supplementaries:spherify could not find uniform named ColorModulator in the specified shader program.
[17:09:37] [Render thread/INFO]: OpenGL debug message: id=1282, source=API, type=ERROR, severity=HIGH, message='Error has been generated. GL error GL_INVALID_OPERATION in (null): (ID: 3891749976) glGetUniformLocation- program 187, "" is not linked'
[17:09:37] [Render thread/WARN]: Shader supplementaries:spherify could not find uniform named Light0_Direction in the specified shader program.
[17:09:37] [Render thread/INFO]: OpenGL debug message: id=1282, source=API, type=ERROR, severity=HIGH, message='Error has been generated. GL error GL_INVALID_OPERATION in (null): (ID: 3891749976) glGetUniformLocation- program 187, "" is not linked'
[17:09:37] [Render thread/WARN]: Shader supplementaries:spherify could not find uniform named Light1_Direction in the specified shader program.
[17:09:37] [Render thread/INFO]: OpenGL debug message: id=1282, source=API, type=ERROR, severity=HIGH, message='Error has been generated. GL error GL_INVALID_OPERATION in (null): (ID: 3891749976) glGetUniformLocation- program 187, "" is not linked'
[17:09:37] [Render thread/WARN]: Shader supplementaries:spherify could not find uniform named FogStart in the specified shader program.
[17:09:37] [Render thread/INFO]: OpenGL debug message: id=1282, source=API, type=ERROR, severity=HIGH, message='Error has been generated. GL error GL_INVALID_OPERATION in (null): (ID: 3891749976) glGetUniformLocation- program 187, "" is not linked'
[17:09:37] [Render thread/WARN]: Shader supplementaries:spherify could not find uniform named FogEnd in the specified shader program.
[17:09:37] [Render thread/INFO]: OpenGL debug message: id=1282, source=API, type=ERROR, severity=HIGH, message='Error has been generated. GL error GL_INVALID_OPERATION in (null): (ID: 3891749976) glGetUniformLocation- program 187, "" is not linked'
[17:09:37] [Render thread/WARN]: Shader supplementaries:spherify could not find uniform named FogColor in the specified shader program.
[17:09:37] [Render thread/INFO]: OpenGL debug message: id=1282, source=API, type=ERROR, severity=HIGH, message='Error has been generated. GL error GL_INVALID_OPERATION in (null): (ID: 3891749976) glGetUniformLocation- program 187, "" is not linked'
[17:09:37] [Render thread/WARN]: Shader supplementaries:spherify could not find uniform named FogShape in the specified shader program.
[17:09:37] [Render thread/INFO]: OpenGL debug message: id=1282, source=API, type=ERROR, severity=HIGH, message='Error has been generated. GL error GL_INVALID_OPERATION in (null): (ID: 3891749976) glGetUniformLocation- program 187, "" is not linked'
[17:09:37] [Render thread/WARN]: Shader supplementaries:spherify could not find uniform named NoiseSpeed in the specified shader program.
[17:09:37] [Render thread/INFO]: OpenGL debug message: id=1282, source=API, type=ERROR, severity=HIGH, message='Error has been generated. GL error GL_INVALID_OPERATION in (null): (ID: 3891749976) glGetUniformLocation- program 187, "" is not linked'
[17:09:37] [Render thread/WARN]: Shader supplementaries:spherify could not find uniform named NoiseScale in the specified shader program.
[17:09:37] [Render thread/INFO]: OpenGL debug message: id=1282, source=API, type=ERROR, severity=HIGH, message='Error has been generated. GL error GL_INVALID_OPERATION in (null): (ID: 3891749976) glGetUniformLocation- program 187, "" is not linked'
[17:09:37] [Render thread/WARN]: Shader supplementaries:spherify could not find uniform named Intensity in the specified shader program.
[17:09:37] [Render thread/INFO]: OpenGL debug message: id=1282, source=API, type=ERROR, severity=HIGH, message='Error has been generated. GL error GL_INVALID_OPERATION in (null): (ID: 3891749976) glGetUniformLocation- program 187, "" is not linked'
[17:09:37] [Render thread/WARN]: Shader supplementaries:spherify could not find uniform named CameraPos in the specified shader program.
[17:09:37] [Render thread/INFO]: OpenGL debug message: id=1, source=SHADER COMPILER, type=ERROR, severity=HIGH, message='SHADER_ID_LINK error has been generated. GLSL link failed for program 196, "": The  shader uses varying frag_IViewRotMat, but previous shader does not write to it.
Out of resource error.
'
[17:09:37] [Render thread/WARN]: Error encountered when linking program containing VS supplementaries:spherify and FS supplementaries:spherify. Log output:
[17:09:37] [Render thread/WARN]: The  shader uses varying frag_IViewRotMat, but previous shader does not write to it.
Out of resource error.

[17:09:37] [Render thread/INFO]: OpenGL debug message: id=1282, source=API, type=ERROR, severity=HIGH, message='Error has been generated. GL error GL_INVALID_OPERATION in (null): (ID: 3891749976) glGetUniformLocation- program 196, "" is not linked'
[17:09:37] [Render thread/INFO]: OpenGL debug message: id=1282, source=API, type=ERROR, severity=HIGH, message='Error has been generated. GL error GL_INVALID_OPERATION in (null): (ID: 3891749976) glGetUniformLocation- program 196, "" is not linked'
[17:09:37] [Render thread/INFO]: OpenGL debug message: id=1282, source=API, type=ERROR, severity=HIGH, message='Error has been generated. GL error GL_INVALID_OPERATION in (null): (ID: 3891749976) glGetUniformLocation- program 196, "" is not linked'
[17:09:37] [Render thread/INFO]: OpenGL debug message: id=1282, source=API, type=ERROR, severity=HIGH, message='Error has been generated. GL error GL_INVALID_OPERATION in (null): (ID: 3891749976) glGetUniformLocation- program 196, "" is not linked'
[17:09:37] [Render thread/WARN]: Shader supplementaries:spherify could not find sampler named Sampler0 in the specified shader program.
[17:09:37] [Render thread/INFO]: OpenGL debug message: id=1282, source=API, type=ERROR, severity=HIGH, message='Error has been generated. GL error GL_INVALID_OPERATION in (null): (ID: 3891749976) glGetUniformLocation- program 196, "" is not linked'
[17:09:37] [Render thread/WARN]: Shader supplementaries:spherify could not find sampler named Sampler1 in the specified shader program.
[17:09:37] [Render thread/INFO]: OpenGL debug message: id=1282, source=API, type=ERROR, severity=HIGH, message='Error has been generated. GL error GL_INVALID_OPERATION in (null): (ID: 3891749976) glGetUniformLocation- program 196, "" is not linked'
[17:09:37] [Render thread/WARN]: Shader supplementaries:spherify could not find sampler named Sampler2 in the specified shader program.
[17:09:37] [Render thread/INFO]: OpenGL debug message: id=1282, source=API, type=ERROR, severity=HIGH, message='Error has been generated. GL error GL_INVALID_OPERATION in (null): (ID: 3891749976) glGetUniformLocation- program 196, "" is not linked'
[17:09:37] [Render thread/WARN]: Shader supplementaries:spherify could not find uniform named ModelViewMat in the specified shader program.
[17:09:37] [Render thread/INFO]: OpenGL debug message: id=1282, source=API, type=ERROR, severity=HIGH, message='Error has been generated. GL error GL_INVALID_OPERATION in (null): (ID: 3891749976) glGetUniformLocation- program 196, "" is not linked'
[17:09:37] [Render thread/WARN]: Shader supplementaries:spherify could not find uniform named ProjMat in the specified shader program.
[17:09:37] [Render thread/INFO]: OpenGL debug message: id=1282, source=API, type=ERROR, severity=HIGH, message='Error has been generated. GL error GL_INVALID_OPERATION in (null): (ID: 3891749976) glGetUniformLocation- program 196, "" is not linked'
[17:09:37] [Render thread/WARN]: Shader supplementaries:spherify could not find uniform named IViewRotMat in the specified shader program.
[17:09:37] [Render thread/INFO]: OpenGL debug message: id=1282, source=API, type=ERROR, severity=HIGH, message='Error has been generated. GL error GL_INVALID_OPERATION in (null): (ID: 3891749976) glGetUniformLocation- program 196, "" is not linked'
[17:09:37] [Render thread/WARN]: Shader supplementaries:spherify could not find uniform named ColorModulator in the specified shader program.
[17:09:37] [Render thread/INFO]: OpenGL debug message: id=1282, source=API, type=ERROR, severity=HIGH, message='Error has been generated. GL error GL_INVALID_OPERATION in (null): (ID: 3891749976) glGetUniformLocation- program 196, "" is not linked'
[17:09:37] [Render thread/WARN]: Shader supplementaries:spherify could not find uniform named Light0_Direction in the specified shader program.
[17:09:37] [Render thread/INFO]: OpenGL debug message: id=1282, source=API, type=ERROR, severity=HIGH, message='Error has been generated. GL error GL_INVALID_OPERATION in (null): (ID: 3891749976) glGetUniformLocation- program 196, "" is not linked'
[17:09:37] [Render thread/WARN]: Shader supplementaries:spherify could not find uniform named Light1_Direction in the specified shader program.
[17:09:37] [Render thread/INFO]: OpenGL debug message: id=1282, source=API, type=ERROR, severity=HIGH, message='Error has been generated. GL error GL_INVALID_OPERATION in (null): (ID: 3891749976) glGetUniformLocation- program 196, "" is not linked'
[17:09:37] [Render thread/WARN]: Shader supplementaries:spherify could not find uniform named FogStart in the specified shader program.
[17:09:37] [Render thread/INFO]: OpenGL debug message: id=1282, source=API, type=ERROR, severity=HIGH, message='Error has been generated. GL error GL_INVALID_OPERATION in (null): (ID: 3891749976) glGetUniformLocation- program 196, "" is not linked'
[17:09:37] [Render thread/WARN]: Shader supplementaries:spherify could not find uniform named FogEnd in the specified shader program.
[17:09:37] [Render thread/INFO]: OpenGL debug message: id=1282, source=API, type=ERROR, severity=HIGH, message='Error has been generated. GL error GL_INVALID_OPERATION in (null): (ID: 3891749976) glGetUniformLocation- program 196, "" is not linked'
[17:09:37] [Render thread/WARN]: Shader supplementaries:spherify could not find uniform named FogColor in the specified shader program.
[17:09:37] [Render thread/INFO]: OpenGL debug message: id=1282, source=API, type=ERROR, severity=HIGH, message='Error has been generated. GL error GL_INVALID_OPERATION in (null): (ID: 3891749976) glGetUniformLocation- program 196, "" is not linked'
[17:09:37] [Render thread/WARN]: Shader supplementaries:spherify could not find uniform named FogShape in the specified shader program.
[17:09:37] [Render thread/INFO]: OpenGL debug message: id=1282, source=API, type=ERROR, severity=HIGH, message='Error has been generated. GL error GL_INVALID_OPERATION in (null): (ID: 3891749976) glGetUniformLocation- program 196, "" is not linked'
[17:09:37] [Render thread/WARN]: Shader supplementaries:spherify could not find uniform named NoiseSpeed in the specified shader program.
[17:09:37] [Render thread/INFO]: OpenGL debug message: id=1282, source=API, type=ERROR, severity=HIGH, message='Error has been generated. GL error GL_INVALID_OPERATION in (null): (ID: 3891749976) glGetUniformLocation- program 196, "" is not linked'
[17:09:37] [Render thread/WARN]: Shader supplementaries:spherify could not find uniform named NoiseScale in the specified shader program.
[17:09:37] [Render thread/INFO]: OpenGL debug message: id=1282, source=API, type=ERROR, severity=HIGH, message='Error has been generated. GL error GL_INVALID_OPERATION in (null): (ID: 3891749976) glGetUniformLocation- program 196, "" is not linked'
[17:09:37] [Render thread/WARN]: Shader supplementaries:spherify could not find uniform named Intensity in the specified shader program.
[17:09:37] [Render thread/INFO]: OpenGL debug message: id=1282, source=API, type=ERROR, severity=HIGH, message='Error has been generated. GL error GL_INVALID_OPERATION in (null): (ID: 3891749976) glGetUniformLocation- program 196, "" is not linked'
[17:09:37] [Render thread/WARN]: Shader supplementaries:spherify could not find uniform named CameraPos in the specified shader program.
[17:09:38] [Render thread/INFO]: OpenGL debug message: id=1, source=SHADER COMPILER, type=ERROR, severity=HIGH, message='SHADER_ID_LINK error has been generated. GLSL link failed for program 205, "": The  shader uses varying frag_IViewRotMat, but previous shader does not write to it.
Out of resource error.
'
[17:09:38] [Render thread/WARN]: Error encountered when linking program containing VS supplementaries:spherify and FS supplementaries:spherify. Log output:
[17:09:38] [Render thread/WARN]: The  shader uses varying frag_IViewRotMat, but previous shader does not write to it.
Out of resource error.

[17:09:38] [Render thread/INFO]: OpenGL debug message: id=1282, source=API, type=ERROR, severity=HIGH, message='Error has been generated. GL error GL_INVALID_OPERATION in (null): (ID: 3891749976) glGetUniformLocation- program 205, "" is not linked'
[17:09:38] [Render thread/INFO]: OpenGL debug message: id=1282, source=API, type=ERROR, severity=HIGH, message='Error has been generated. GL error GL_INVALID_OPERATION in (null): (ID: 3891749976) glGetUniformLocation- program 205, "" is not linked'
[17:09:38] [Render thread/INFO]: OpenGL debug message: id=1282, source=API, type=ERROR, severity=HIGH, message='Error has been generated. GL error GL_INVALID_OPERATION in (null): (ID: 3891749976) glGetUniformLocation- program 205, "" is not linked'
[17:09:38] [Render thread/INFO]: OpenGL debug message: id=1282, source=API, type=ERROR, severity=HIGH, message='Error has been generated. GL error GL_INVALID_OPERATION in (null): (ID: 3891749976) glGetUniformLocation- program 205, "" is not linked'
[17:09:38] [Render thread/WARN]: Shader supplementaries:spherify could not find sampler named Sampler0 in the specified shader program.
[17:09:38] [Render thread/INFO]: OpenGL debug message: id=1282, source=API, type=ERROR, severity=HIGH, message='Error has been generated. GL error GL_INVALID_OPERATION in (null): (ID: 3891749976) glGetUniformLocation- program 205, "" is not linked'
[17:09:38] [Render thread/WARN]: Shader supplementaries:spherify could not find sampler named Sampler1 in the specified shader program.
[17:09:38] [Render thread/INFO]: OpenGL debug message: id=1282, source=API, type=ERROR, severity=HIGH, message='Error has been generated. GL error GL_INVALID_OPERATION in (null): (ID: 3891749976) glGetUniformLocation- program 205, "" is not linked'
[17:09:38] [Render thread/WARN]: Shader supplementaries:spherify could not find sampler named Sampler2 in the specified shader program.
[17:09:38] [Render thread/INFO]: OpenGL debug message: id=1282, source=API, type=ERROR, severity=HIGH, message='Error has been generated. GL error GL_INVALID_OPERATION in (null): (ID: 3891749976) glGetUniformLocation- program 205, "" is not linked'
[17:09:38] [Render thread/WARN]: Shader supplementaries:spherify could not find uniform named ModelViewMat in the specified shader program.
[17:09:38] [Render thread/INFO]: OpenGL debug message: id=1282, source=API, type=ERROR, severity=HIGH, message='Error has been generated. GL error GL_INVALID_OPERATION in (null): (ID: 3891749976) glGetUniformLocation- program 205, "" is not linked'
[17:09:38] [Render thread/WARN]: Shader supplementaries:spherify could not find uniform named ProjMat in the specified shader program.
[17:09:38] [Render thread/INFO]: OpenGL debug message: id=1282, source=API, type=ERROR, severity=HIGH, message='Error has been generated. GL error GL_INVALID_OPERATION in (null): (ID: 3891749976) glGetUniformLocation- program 205, "" is not linked'
[17:09:38] [Render thread/WARN]: Shader supplementaries:spherify could not find uniform named IViewRotMat in the specified shader program.
[17:09:38] [Render thread/INFO]: OpenGL debug message: id=1282, source=API, type=ERROR, severity=HIGH, message='Error has been generated. GL error GL_INVALID_OPERATION in (null): (ID: 3891749976) glGetUniformLocation- program 205, "" is not linked'
[17:09:38] [Render thread/WARN]: Shader supplementaries:spherify could not find uniform named ColorModulator in the specified shader program.
[17:09:38] [Render thread/INFO]: OpenGL debug message: id=1282, source=API, type=ERROR, severity=HIGH, message='Error has been generated. GL error GL_INVALID_OPERATION in (null): (ID: 3891749976) glGetUniformLocation- program 205, "" is not linked'
[17:09:38] [Render thread/WARN]: Shader supplementaries:spherify could not find uniform named Light0_Direction in the specified shader program.
[17:09:38] [Render thread/INFO]: OpenGL debug message: id=1282, source=API, type=ERROR, severity=HIGH, message='Error has been generated. GL error GL_INVALID_OPERATION in (null): (ID: 3891749976) glGetUniformLocation- program 205, "" is not linked'
[17:09:38] [Render thread/WARN]: Shader supplementaries:spherify could not find uniform named Light1_Direction in the specified shader program.
[17:09:38] [Render thread/INFO]: OpenGL debug message: id=1282, source=API, type=ERROR, severity=HIGH, message='Error has been generated. GL error GL_INVALID_OPERATION in (null): (ID: 3891749976) glGetUniformLocation- program 205, "" is not linked'
[17:09:38] [Render thread/WARN]: Shader supplementaries:spherify could not find uniform named FogStart in the specified shader program.
[17:09:38] [Render thread/INFO]: OpenGL debug message: id=1282, source=API, type=ERROR, severity=HIGH, message='Error has been generated. GL error GL_INVALID_OPERATION in (null): (ID: 3891749976) glGetUniformLocation- program 205, "" is not linked'
[17:09:38] [Render thread/WARN]: Shader supplementaries:spherify could not find uniform named FogEnd in the specified shader program.
[17:09:38] [Render thread/INFO]: OpenGL debug message: id=1282, source=API, type=ERROR, severity=HIGH, message='Error has been generated. GL error GL_INVALID_OPERATION in (null): (ID: 3891749976) glGetUniformLocation- program 205, "" is not linked'
[17:09:38] [Render thread/WARN]: Shader supplementaries:spherify could not find uniform named FogColor in the specified shader program.
[17:09:38] [Render thread/INFO]: OpenGL debug message: id=1282, source=API, type=ERROR, severity=HIGH, message='Error has been generated. GL error GL_INVALID_OPERATION in (null): (ID: 3891749976) glGetUniformLocation- program 205, "" is not linked'
[17:09:38] [Render thread/WARN]: Shader supplementaries:spherify could not find uniform named FogShape in the specified shader program.
[17:09:38] [Render thread/INFO]: OpenGL debug message: id=1282, source=API, type=ERROR, severity=HIGH, message='Error has been generated. GL error GL_INVALID_OPERATION in (null): (ID: 3891749976) glGetUniformLocation- program 205, "" is not linked'
[17:09:38] [Render thread/WARN]: Shader supplementaries:spherify could not find uniform named NoiseSpeed in the specified shader program.
[17:09:38] [Render thread/INFO]: OpenGL debug message: id=1282, source=API, type=ERROR, severity=HIGH, message='Error has been generated. GL error GL_INVALID_OPERATION in (null): (ID: 3891749976) glGetUniformLocation- program 205, "" is not linked'
[17:09:38] [Render thread/WARN]: Shader supplementaries:spherify could not find uniform named NoiseScale in the specified shader program.
[17:09:38] [Render thread/INFO]: OpenGL debug message: id=1282, source=API, type=ERROR, severity=HIGH, message='Error has been generated. GL error GL_INVALID_OPERATION in (null): (ID: 3891749976) glGetUniformLocation- program 205, "" is not linked'
[17:09:38] [Render thread/WARN]: Shader supplementaries:spherify could not find uniform named Intensity in the specified shader program.
[17:09:38] [Render thread/INFO]: OpenGL debug message: id=1282, source=API, type=ERROR, severity=HIGH, message='Error has been generated. GL error GL_INVALID_OPERATION in (null): (ID: 3891749976) glGetUniformLocation- program 205, "" is not linked'
[17:09:38] [Render thread/WARN]: Shader supplementaries:spherify could not find uniform named CameraPos in the specified shader program.
[17:09:38] [Render thread/INFO]: OpenGL debug message: id=1, source=SHADER COMPILER, type=ERROR, severity=HIGH, message='SHADER_ID_LINK error has been generated. GLSL link failed for program 214, "": The  shader uses varying frag_IViewRotMat, but previous shader does not write to it.
Out of resource error.
'
[17:09:38] [Render thread/WARN]: Error encountered when linking program containing VS supplementaries:spherify and FS supplementaries:spherify. Log output:
[17:09:38] [Render thread/WARN]: The  shader uses varying frag_IViewRotMat, but previous shader does not write to it.
Out of resource error.

[17:09:38] [Render thread/INFO]: OpenGL debug message: id=1282, source=API, type=ERROR, severity=HIGH, message='Error has been generated. GL error GL_INVALID_OPERATION in (null): (ID: 3891749976) glGetUniformLocation- program 214, "" is not linked'
[17:09:38] [Render thread/INFO]: OpenGL debug message: id=1282, source=API, type=ERROR, severity=HIGH, message='Error has been generated. GL error GL_INVALID_OPERATION in (null): (ID: 3891749976) glGetUniformLocation- program 214, "" is not linked'
[17:09:38] [Render thread/INFO]: OpenGL debug message: id=1282, source=API, type=ERROR, severity=HIGH, message='Error has been generated. GL error GL_INVALID_OPERATION in (null): (ID: 3891749976) glGetUniformLocation- program 214, "" is not linked'
[17:09:38] [Render thread/INFO]: OpenGL debug message: id=1282, source=API, type=ERROR, severity=HIGH, message='Error has been generated. GL error GL_INVALID_OPERATION in (null): (ID: 3891749976) glGetUniformLocation- program 214, "" is not linked'
[17:09:38] [Render thread/WARN]: Shader supplementaries:spherify could not find sampler named Sampler0 in the specified shader program.
[17:09:38] [Render thread/INFO]: OpenGL debug message: id=1282, source=API, type=ERROR, severity=HIGH, message='Error has been generated. GL error GL_INVALID_OPERATION in (null): (ID: 3891749976) glGetUniformLocation- program 214, "" is not linked'
[17:09:38] [Render thread/WARN]: Shader supplementaries:spherify could not find sampler named Sampler1 in the specified shader program.
[17:09:38] [Render thread/INFO]: OpenGL debug message: id=1282, source=API, type=ERROR, severity=HIGH, message='Error has been generated. GL error GL_INVALID_OPERATION in (null): (ID: 3891749976) glGetUniformLocation- program 214, "" is not linked'
[17:09:38] [Render thread/WARN]: Shader supplementaries:spherify could not find sampler named Sampler2 in the specified shader program.
[17:09:38] [Render thread/INFO]: OpenGL debug message: id=1282, source=API, type=ERROR, severity=HIGH, message='Error has been generated. GL error GL_INVALID_OPERATION in (null): (ID: 3891749976) glGetUniformLocation- program 214, "" is not linked'
[17:09:38] [Render thread/WARN]: Shader supplementaries:spherify could not find uniform named ModelViewMat in the specified shader program.
[17:09:38] [Render thread/INFO]: OpenGL debug message: id=1282, source=API, type=ERROR, severity=HIGH, message='Error has been generated. GL error GL_INVALID_OPERATION in (null): (ID: 3891749976) glGetUniformLocation- program 214, "" is not linked'
[17:09:38] [Render thread/WARN]: Shader supplementaries:spherify could not find uniform named ProjMat in the specified shader program.
[17:09:38] [Render thread/INFO]: OpenGL debug message: id=1282, source=API, type=ERROR, severity=HIGH, message='Error has been generated. GL error GL_INVALID_OPERATION in (null): (ID: 3891749976) glGetUniformLocation- program 214, "" is not linked'
[17:09:38] [Render thread/WARN]: Shader supplementaries:spherify could not find uniform named IViewRotMat in the specified shader program.
[17:09:38] [Render thread/INFO]: OpenGL debug message: id=1282, source=API, type=ERROR, severity=HIGH, message='Error has been generated. GL error GL_INVALID_OPERATION in (null): (ID: 3891749976) glGetUniformLocation- program 214, "" is not linked'
[17:09:38] [Render thread/WARN]: Shader supplementaries:spherify could not find uniform named ColorModulator in the specified shader program.
[17:09:38] [Render thread/INFO]: OpenGL debug message: id=1282, source=API, type=ERROR, severity=HIGH, message='Error has been generated. GL error GL_INVALID_OPERATION in (null): (ID: 3891749976) glGetUniformLocation- program 214, "" is not linked'
[17:09:38] [Render thread/WARN]: Shader supplementaries:spherify could not find uniform named Light0_Direction in the specified shader program.
[17:09:38] [Render thread/INFO]: OpenGL debug message: id=1282, source=API, type=ERROR, severity=HIGH, message='Error has been generated. GL error GL_INVALID_OPERATION in (null): (ID: 3891749976) glGetUniformLocation- program 214, "" is not linked'
[17:09:38] [Render thread/WARN]: Shader supplementaries:spherify could not find uniform named Light1_Direction in the specified shader program.
[17:09:38] [Render thread/INFO]: OpenGL debug message: id=1282, source=API, type=ERROR, severity=HIGH, message='Error has been generated. GL error GL_INVALID_OPERATION in (null): (ID: 3891749976) glGetUniformLocation- program 214, "" is not linked'
[17:09:38] [Render thread/WARN]: Shader supplementaries:spherify could not find uniform named FogStart in the specified shader program.
[17:09:38] [Render thread/INFO]: OpenGL debug message: id=1282, source=API, type=ERROR, severity=HIGH, message='Error has been generated. GL error GL_INVALID_OPERATION in (null): (ID: 3891749976) glGetUniformLocation- program 214, "" is not linked'
[17:09:38] [Render thread/WARN]: Shader supplementaries:spherify could not find uniform named FogEnd in the specified shader program.
[17:09:38] [Render thread/INFO]: OpenGL debug message: id=1282, source=API, type=ERROR, severity=HIGH, message='Error has been generated. GL error GL_INVALID_OPERATION in (null): (ID: 3891749976) glGetUniformLocation- program 214, "" is not linked'
[17:09:38] [Render thread/WARN]: Shader supplementaries:spherify could not find uniform named FogColor in the specified shader program.
[17:09:38] [Render thread/INFO]: OpenGL debug message: id=1282, source=API, type=ERROR, severity=HIGH, message='Error has been generated. GL error GL_INVALID_OPERATION in (null): (ID: 3891749976) glGetUniformLocation- program 214, "" is not linked'
[17:09:38] [Render thread/WARN]: Shader supplementaries:spherify could not find uniform named FogShape in the specified shader program.
[17:09:38] [Render thread/INFO]: OpenGL debug message: id=1282, source=API, type=ERROR, severity=HIGH, message='Error has been generated. GL error GL_INVALID_OPERATION in (null): (ID: 3891749976) glGetUniformLocation- program 214, "" is not linked'
[17:09:38] [Render thread/WARN]: Shader supplementaries:spherify could not find uniform named NoiseSpeed in the specified shader program.
[17:09:38] [Render thread/INFO]: OpenGL debug message: id=1282, source=API, type=ERROR, severity=HIGH, message='Error has been generated. GL error GL_INVALID_OPERATION in (null): (ID: 3891749976) glGetUniformLocation- program 214, "" is not linked'
[17:09:38] [Render thread/WARN]: Shader supplementaries:spherify could not find uniform named NoiseScale in the specified shader program.
[17:09:38] [Render thread/INFO]: OpenGL debug message: id=1282, source=API, type=ERROR, severity=HIGH, message='Error has been generated. GL error GL_INVALID_OPERATION in (null): (ID: 3891749976) glGetUniformLocation- program 214, "" is not linked'
[17:09:38] [Render thread/WARN]: Shader supplementaries:spherify could not find uniform named Intensity in the specified shader program.
[17:09:38] [Render thread/INFO]: OpenGL debug message: id=1282, source=API, type=ERROR, severity=HIGH, message='Error has been generated. GL error GL_INVALID_OPERATION in (null): (ID: 3891749976) glGetUniformLocation- program 214, "" is not linked'
[17:09:38] [Render thread/WARN]: Shader supplementaries:spherify could not find uniform named CameraPos in the specified shader program.
[17:09:38] [Render thread/INFO]: OpenGL debug message: id=1, source=SHADER COMPILER, type=ERROR, severity=HIGH, message='SHADER_ID_LINK error has been generated. GLSL link failed for program 223, "": The  shader uses varying frag_IViewRotMat, but previous shader does not write to it.
Out of resource error.
'
[17:09:38] [Render thread/WARN]: Error encountered when linking program containing VS supplementaries:spherify and FS supplementaries:spherify. Log output:
[17:09:38] [Render thread/WARN]: The  shader uses varying frag_IViewRotMat, but previous shader does not write to it.
Out of resource error.

[17:09:38] [Render thread/INFO]: OpenGL debug message: id=1282, source=API, type=ERROR, severity=HIGH, message='Error has been generated. GL error GL_INVALID_OPERATION in (null): (ID: 3891749976) glGetUniformLocation- program 223, "" is not linked'
[17:09:38] [Render thread/INFO]: OpenGL debug message: id=1282, source=API, type=ERROR, severity=HIGH, message='Error has been generated. GL error GL_INVALID_OPERATION in (null): (ID: 3891749976) glGetUniformLocation- program 223, "" is not linked'
[17:09:38] [Render thread/INFO]: OpenGL debug message: id=1282, source=API, type=ERROR, severity=HIGH, message='Error has been generated. GL error GL_INVALID_OPERATION in (null): (ID: 3891749976) glGetUniformLocation- program 223, "" is not linked'
[17:09:38] [Render thread/INFO]: OpenGL debug message: id=1282, source=API, type=ERROR, severity=HIGH, message='Error has been generated. GL error GL_INVALID_OPERATION in (null): (ID: 3891749976) glGetUniformLocation- program 223, "" is not linked'
[17:09:38] [Render thread/WARN]: Shader supplementaries:spherify could not find sampler named Sampler0 in the specified shader program.
[17:09:38] [Render thread/INFO]: OpenGL debug message: id=1282, source=API, type=ERROR, severity=HIGH, message='Error has been generated. GL error GL_INVALID_OPERATION in (null): (ID: 3891749976) glGetUniformLocation- program 223, "" is not linked'
[17:09:38] [Render thread/WARN]: Shader supplementaries:spherify could not find sampler named Sampler1 in the specified shader program.
[17:09:38] [Render thread/INFO]: OpenGL debug message: id=1282, source=API, type=ERROR, severity=HIGH, message='Error has been generated. GL error GL_INVALID_OPERATION in (null): (ID: 3891749976) glGetUniformLocation- program 223, "" is not linked'
[17:09:38] [Render thread/WARN]: Shader supplementaries:spherify could not find sampler named Sampler2 in the specified shader program.
[17:09:38] [Render thread/INFO]: OpenGL debug message: id=1282, source=API, type=ERROR, severity=HIGH, message='Error has been generated. GL error GL_INVALID_OPERATION in (null): (ID: 3891749976) glGetUniformLocation- program 223, "" is not linked'
[17:09:38] [Render thread/WARN]: Shader supplementaries:spherify could not find uniform named ModelViewMat in the specified shader program.
[17:09:38] [Render thread/INFO]: OpenGL debug message: id=1282, source=API, type=ERROR, severity=HIGH, message='Error has been generated. GL error GL_INVALID_OPERATION in (null): (ID: 3891749976) glGetUniformLocation- program 223, "" is not linked'
[17:09:38] [Render thread/WARN]: Shader supplementaries:spherify could not find uniform named ProjMat in the specified shader program.
[17:09:38] [Render thread/INFO]: OpenGL debug message: id=1282, source=API, type=ERROR, severity=HIGH, message='Error has been generated. GL error GL_INVALID_OPERATION in (null): (ID: 3891749976) glGetUniformLocation- program 223, "" is not linked'
[17:09:38] [Render thread/WARN]: Shader supplementaries:spherify could not find uniform named IViewRotMat in the specified shader program.
[17:09:38] [Render thread/INFO]: OpenGL debug message: id=1282, source=API, type=ERROR, severity=HIGH, message='Error has been generated. GL error GL_INVALID_OPERATION in (null): (ID: 3891749976) glGetUniformLocation- program 223, "" is not linked'
[17:09:38] [Render thread/WARN]: Shader supplementaries:spherify could not find uniform named ColorModulator in the specified shader program.
[17:09:38] [Render thread/INFO]: OpenGL debug message: id=1282, source=API, type=ERROR, severity=HIGH, message='Error has been generated. GL error GL_INVALID_OPERATION in (null): (ID: 3891749976) glGetUniformLocation- program 223, "" is not linked'
[17:09:38] [Render thread/WARN]: Shader supplementaries:spherify could not find uniform named Light0_Direction in the specified shader program.
[17:09:38] [Render thread/INFO]: OpenGL debug message: id=1282, source=API, type=ERROR, severity=HIGH, message='Error has been generated. GL error GL_INVALID_OPERATION in (null): (ID: 3891749976) glGetUniformLocation- program 223, "" is not linked'
[17:09:38] [Render thread/WARN]: Shader supplementaries:spherify could not find uniform named Light1_Direction in the specified shader program.
[17:09:38] [Render thread/INFO]: OpenGL debug message: id=1282, source=API, type=ERROR, severity=HIGH, message='Error has been generated. GL error GL_INVALID_OPERATION in (null): (ID: 3891749976) glGetUniformLocation- program 223, "" is not linked'
[17:09:38] [Render thread/WARN]: Shader supplementaries:spherify could not find uniform named FogStart in the specified shader program.
[17:09:38] [Render thread/INFO]: OpenGL debug message: id=1282, source=API, type=ERROR, severity=HIGH, message='Error has been generated. GL error GL_INVALID_OPERATION in (null): (ID: 3891749976) glGetUniformLocation- program 223, "" is not linked'
[17:09:38] [Render thread/WARN]: Shader supplementaries:spherify could not find uniform named FogEnd in the specified shader program.
[17:09:38] [Render thread/INFO]: OpenGL debug message: id=1282, source=API, type=ERROR, severity=HIGH, message='Error has been generated. GL error GL_INVALID_OPERATION in (null): (ID: 3891749976) glGetUniformLocation- program 223, "" is not linked'
[17:09:38] [Render thread/WARN]: Shader supplementaries:spherify could not find uniform named FogColor in the specified shader program.
[17:09:38] [Render thread/INFO]: OpenGL debug message: id=1282, source=API, type=ERROR, severity=HIGH, message='Error has been generated. GL error GL_INVALID_OPERATION in (null): (ID: 3891749976) glGetUniformLocation- program 223, "" is not linked'
[17:09:38] [Render thread/WARN]: Shader supplementaries:spherify could not find uniform named FogShape in the specified shader program.
[17:09:38] [Render thread/INFO]: OpenGL debug message: id=1282, source=API, type=ERROR, severity=HIGH, message='Error has been generated. GL error GL_INVALID_OPERATION in (null): (ID: 3891749976) glGetUniformLocation- program 223, "" is not linked'
[17:09:38] [Render thread/WARN]: Shader supplementaries:spherify could not find uniform named NoiseSpeed in the specified shader program.
[17:09:38] [Render thread/INFO]: OpenGL debug message: id=1282, source=API, type=ERROR, severity=HIGH, message='Error has been generated. GL error GL_INVALID_OPERATION in (null): (ID: 3891749976) glGetUniformLocation- program 223, "" is not linked'
[17:09:38] [Render thread/WARN]: Shader supplementaries:spherify could not find uniform named NoiseScale in the specified shader program.
[17:09:38] [Render thread/INFO]: OpenGL debug message: id=1282, source=API, type=ERROR, severity=HIGH, message='Error has been generated. GL error GL_INVALID_OPERATION in (null): (ID: 3891749976) glGetUniformLocation- program 223, "" is not linked'
[17:09:38] [Render thread/WARN]: Shader supplementaries:spherify could not find uniform named Intensity in the specified shader program.
[17:09:38] [Render thread/INFO]: OpenGL debug message: id=1282, source=API, type=ERROR, severity=HIGH, message='Error has been generated. GL error GL_INVALID_OPERATION in (null): (ID: 3891749976) glGetUniformLocation- program 223, "" is not linked'
[17:09:38] [Render thread/WARN]: Shader supplementaries:spherify could not find uniform named CameraPos in the specified shader program.
[17:09:39] [Render thread/INFO]: OpenGL debug message: id=1, source=SHADER COMPILER, type=ERROR, severity=HIGH, message='SHADER_ID_LINK error has been generated. GLSL link failed for program 232, "": The  shader uses varying frag_IViewRotMat, but previous shader does not write to it.
Out of resource error.
'
[17:09:39] [Render thread/WARN]: Error encountered when linking program containing VS supplementaries:spherify and FS supplementaries:spherify. Log output:
[17:09:39] [Render thread/WARN]: The  shader uses varying frag_IViewRotMat, but previous shader does not write to it.
Out of resource error.

[17:09:39] [Render thread/INFO]: OpenGL debug message: id=1282, source=API, type=ERROR, severity=HIGH, message='Error has been generated. GL error GL_INVALID_OPERATION in (null): (ID: 3891749976) glGetUniformLocation- program 232, "" is not linked'
[17:09:39] [Render thread/INFO]: OpenGL debug message: id=1282, source=API, type=ERROR, severity=HIGH, message='Error has been generated. GL error GL_INVALID_OPERATION in (null): (ID: 3891749976) glGetUniformLocation- program 232, "" is not linked'
[17:09:39] [Render thread/INFO]: OpenGL debug message: id=1282, source=API, type=ERROR, severity=HIGH, message='Error has been generated. GL error GL_INVALID_OPERATION in (null): (ID: 3891749976) glGetUniformLocation- program 232, "" is not linked'
[17:09:39] [Render thread/INFO]: OpenGL debug message: id=1282, source=API, type=ERROR, severity=HIGH, message='Error has been generated. GL error GL_INVALID_OPERATION in (null): (ID: 3891749976) glGetUniformLocation- program 232, "" is not linked'
[17:09:39] [Render thread/WARN]: Shader supplementaries:spherify could not find sampler named Sampler0 in the specified shader program.
[17:09:39] [Render thread/INFO]: OpenGL debug message: id=1282, source=API, type=ERROR, severity=HIGH, message='Error has been generated. GL error GL_INVALID_OPERATION in (null): (ID: 3891749976) glGetUniformLocation- program 232, "" is not linked'
[17:09:39] [Render thread/WARN]: Shader supplementaries:spherify could not find sampler named Sampler1 in the specified shader program.
[17:09:39] [Render thread/INFO]: OpenGL debug message: id=1282, source=API, type=ERROR, severity=HIGH, message='Error has been generated. GL error GL_INVALID_OPERATION in (null): (ID: 3891749976) glGetUniformLocation- program 232, "" is not linked'
[17:09:39] [Render thread/WARN]: Shader supplementaries:spherify could not find sampler named Sampler2 in the specified shader program.
[17:09:39] [Render thread/INFO]: OpenGL debug message: id=1282, source=API, type=ERROR, severity=HIGH, message='Error has been generated. GL error GL_INVALID_OPERATION in (null): (ID: 3891749976) glGetUniformLocation- program 232, "" is not linked'
[17:09:39] [Render thread/WARN]: Shader supplementaries:spherify could not find uniform named ModelViewMat in the specified shader program.
[17:09:39] [Render thread/INFO]: OpenGL debug message: id=1282, source=API, type=ERROR, severity=HIGH, message='Error has been generated. GL error GL_INVALID_OPERATION in (null): (ID: 3891749976) glGetUniformLocation- program 232, "" is not linked'
[17:09:39] [Render thread/WARN]: Shader supplementaries:spherify could not find uniform named ProjMat in the specified shader program.
[17:09:39] [Render thread/INFO]: OpenGL debug message: id=1282, source=API, type=ERROR, severity=HIGH, message='Error has been generated. GL error GL_INVALID_OPERATION in (null): (ID: 3891749976) glGetUniformLocation- program 232, "" is not linked'
[17:09:39] [Render thread/WARN]: Shader supplementaries:spherify could not find uniform named IViewRotMat in the specified shader program.
[17:09:39] [Render thread/INFO]: OpenGL debug message: id=1282, source=API, type=ERROR, severity=HIGH, message='Error has been generated. GL error GL_INVALID_OPERATION in (null): (ID: 3891749976) glGetUniformLocation- program 232, "" is not linked'
[17:09:39] [Render thread/WARN]: Shader supplementaries:spherify could not find uniform named ColorModulator in the specified shader program.
[17:09:39] [Render thread/INFO]: OpenGL debug message: id=1282, source=API, type=ERROR, severity=HIGH, message='Error has been generated. GL error GL_INVALID_OPERATION in (null): (ID: 3891749976) glGetUniformLocation- program 232, "" is not linked'
[17:09:39] [Render thread/WARN]: Shader supplementaries:spherify could not find uniform named Light0_Direction in the specified shader program.
[17:09:39] [Render thread/INFO]: OpenGL debug message: id=1282, source=API, type=ERROR, severity=HIGH, message='Error has been generated. GL error GL_INVALID_OPERATION in (null): (ID: 3891749976) glGetUniformLocation- program 232, "" is not linked'
[17:09:39] [Render thread/WARN]: Shader supplementaries:spherify could not find uniform named Light1_Direction in the specified shader program.
[17:09:39] [Render thread/INFO]: OpenGL debug message: id=1282, source=API, type=ERROR, severity=HIGH, message='Error has been generated. GL error GL_INVALID_OPERATION in (null): (ID: 3891749976) glGetUniformLocation- program 232, "" is not linked'
[17:09:39] [Render thread/WARN]: Shader supplementaries:spherify could not find uniform named FogStart in the specified shader program.
[17:09:39] [Render thread/INFO]: OpenGL debug message: id=1282, source=API, type=ERROR, severity=HIGH, message='Error has been generated. GL error GL_INVALID_OPERATION in (null): (ID: 3891749976) glGetUniformLocation- program 232, "" is not linked'
[17:09:39] [Render thread/WARN]: Shader supplementaries:spherify could not find uniform named FogEnd in the specified shader program.
[17:09:39] [Render thread/INFO]: OpenGL debug message: id=1282, source=API, type=ERROR, severity=HIGH, message='Error has been generated. GL error GL_INVALID_OPERATION in (null): (ID: 3891749976) glGetUniformLocation- program 232, "" is not linked'
[17:09:39] [Render thread/WARN]: Shader supplementaries:spherify could not find uniform named FogColor in the specified shader program.
[17:09:39] [Render thread/INFO]: OpenGL debug message: id=1282, source=API, type=ERROR, severity=HIGH, message='Error has been generated. GL error GL_INVALID_OPERATION in (null): (ID: 3891749976) glGetUniformLocation- program 232, "" is not linked'
[17:09:39] [Render thread/WARN]: Shader supplementaries:spherify could not find uniform named FogShape in the specified shader program.
[17:09:39] [Render thread/INFO]: OpenGL debug message: id=1282, source=API, type=ERROR, severity=HIGH, message='Error has been generated. GL error GL_INVALID_OPERATION in (null): (ID: 3891749976) glGetUniformLocation- program 232, "" is not linked'
[17:09:39] [Render thread/WARN]: Shader supplementaries:spherify could not find uniform named NoiseSpeed in the specified shader program.
[17:09:39] [Render thread/INFO]: OpenGL debug message: id=1282, source=API, type=ERROR, severity=HIGH, message='Error has been generated. GL error GL_INVALID_OPERATION in (null): (ID: 3891749976) glGetUniformLocation- program 232, "" is not linked'
[17:09:39] [Render thread/WARN]: Shader supplementaries:spherify could not find uniform named NoiseScale in the specified shader program.
[17:09:39] [Render thread/INFO]: OpenGL debug message: id=1282, source=API, type=ERROR, severity=HIGH, message='Error has been generated. GL error GL_INVALID_OPERATION in (null): (ID: 3891749976) glGetUniformLocation- program 232, "" is not linked'
[17:09:39] [Render thread/WARN]: Shader supplementaries:spherify could not find uniform named Intensity in the specified shader program.
[17:09:39] [Render thread/INFO]: OpenGL debug message: id=1282, source=API, type=ERROR, severity=HIGH, message='Error has been generated. GL error GL_INVALID_OPERATION in (null): (ID: 3891749976) glGetUniformLocation- program 232, "" is not linked'
[17:09:39] [Render thread/WARN]: Shader supplementaries:spherify could not find uniform named CameraPos in the specified shader program.
[17:09:39] [Render thread/INFO]: OpenGL debug message: id=1, source=SHADER COMPILER, type=ERROR, severity=HIGH, message='SHADER_ID_LINK error has been generated. GLSL link failed for program 241, "": The  shader uses varying frag_IViewRotMat, but previous shader does not write to it.
Out of resource error.
'
[17:09:39] [Render thread/WARN]: Error encountered when linking program containing VS supplementaries:spherify and FS supplementaries:spherify. Log output:
[17:09:39] [Render thread/WARN]: The  shader uses varying frag_IViewRotMat, but previous shader does not write to it.
Out of resource error.

[17:09:39] [Render thread/INFO]: OpenGL debug message: id=1282, source=API, type=ERROR, severity=HIGH, message='Error has been generated. GL error GL_INVALID_OPERATION in (null): (ID: 3891749976) glGetUniformLocation- program 241, "" is not linked'
[17:09:39] [Render thread/INFO]: OpenGL debug message: id=1282, source=API, type=ERROR, severity=HIGH, message='Error has been generated. GL error GL_INVALID_OPERATION in (null): (ID: 3891749976) glGetUniformLocation- program 241, "" is not linked'
[17:09:39] [Render thread/INFO]: OpenGL debug message: id=1282, source=API, type=ERROR, severity=HIGH, message='Error has been generated. GL error GL_INVALID_OPERATION in (null): (ID: 3891749976) glGetUniformLocation- program 241, "" is not linked'
[17:09:39] [Render thread/INFO]: OpenGL debug message: id=1282, source=API, type=ERROR, severity=HIGH, message='Error has been generated. GL error GL_INVALID_OPERATION in (null): (ID: 3891749976) glGetUniformLocation- program 241, "" is not linked'
[17:09:39] [Render thread/WARN]: Shader supplementaries:spherify could not find sampler named Sampler0 in the specified shader program.
[17:09:39] [Render thread/INFO]: OpenGL debug message: id=1282, source=API, type=ERROR, severity=HIGH, message='Error has been generated. GL error GL_INVALID_OPERATION in (null): (ID: 3891749976) glGetUniformLocation- program 241, "" is not linked'
[17:09:39] [Render thread/WARN]: Shader supplementaries:spherify could not find sampler named Sampler1 in the specified shader program.
[17:09:39] [Render thread/INFO]: OpenGL debug message: id=1282, source=API, type=ERROR, severity=HIGH, message='Error has been generated. GL error GL_INVALID_OPERATION in (null): (ID: 3891749976) glGetUniformLocation- program 241, "" is not linked'
[17:09:39] [Render thread/WARN]: Shader supplementaries:spherify could not find sampler named Sampler2 in the specified shader program.
[17:09:39] [Render thread/INFO]: OpenGL debug message: id=1282, source=API, type=ERROR, severity=HIGH, message='Error has been generated. GL error GL_INVALID_OPERATION in (null): (ID: 3891749976) glGetUniformLocation- program 241, "" is not linked'
[17:09:39] [Render thread/WARN]: Shader supplementaries:spherify could not find uniform named ModelViewMat in the specified shader program.
[17:09:39] [Render thread/INFO]: OpenGL debug message: id=1282, source=API, type=ERROR, severity=HIGH, message='Error has been generated. GL error GL_INVALID_OPERATION in (null): (ID: 3891749976) glGetUniformLocation- program 241, "" is not linked'
[17:09:39] [Render thread/WARN]: Shader supplementaries:spherify could not find uniform named ProjMat in the specified shader program.
[17:09:39] [Render thread/INFO]: OpenGL debug message: id=1282, source=API, type=ERROR, severity=HIGH, message='Error has been generated. GL error GL_INVALID_OPERATION in (null): (ID: 3891749976) glGetUniformLocation- program 241, "" is not linked'
[17:09:39] [Render thread/WARN]: Shader supplementaries:spherify could not find uniform named IViewRotMat in the specified shader program.
[17:09:39] [Render thread/INFO]: OpenGL debug message: id=1282, source=API, type=ERROR, severity=HIGH, message='Error has been generated. GL error GL_INVALID_OPERATION in (null): (ID: 3891749976) glGetUniformLocation- program 241, "" is not linked'
[17:09:39] [Render thread/WARN]: Shader supplementaries:spherify could not find uniform named ColorModulator in the specified shader program.
[17:09:39] [Render thread/INFO]: OpenGL debug message: id=1282, source=API, type=ERROR, severity=HIGH, message='Error has been generated. GL error GL_INVALID_OPERATION in (null): (ID: 3891749976) glGetUniformLocation- program 241, "" is not linked'
[17:09:39] [Render thread/WARN]: Shader supplementaries:spherify could not find uniform named Light0_Direction in the specified shader program.
[17:09:39] [Render thread/INFO]: OpenGL debug message: id=1282, source=API, type=ERROR, severity=HIGH, message='Error has been generated. GL error GL_INVALID_OPERATION in (null): (ID: 3891749976) glGetUniformLocation- program 241, "" is not linked'
[17:09:39] [Render thread/WARN]: Shader supplementaries:spherify could not find uniform named Light1_Direction in the specified shader program.
[17:09:39] [Render thread/INFO]: OpenGL debug message: id=1282, source=API, type=ERROR, severity=HIGH, message='Error has been generated. GL error GL_INVALID_OPERATION in (null): (ID: 3891749976) glGetUniformLocation- program 241, "" is not linked'
[17:09:39] [Render thread/WARN]: Shader supplementaries:spherify could not find uniform named FogStart in the specified shader program.
[17:09:39] [Render thread/INFO]: OpenGL debug message: id=1282, source=API, type=ERROR, severity=HIGH, message='Error has been generated. GL error GL_INVALID_OPERATION in (null): (ID: 3891749976) glGetUniformLocation- program 241, "" is not linked'
[17:09:39] [Render thread/WARN]: Shader supplementaries:spherify could not find uniform named FogEnd in the specified shader program.
[17:09:39] [Render thread/INFO]: OpenGL debug message: id=1282, source=API, type=ERROR, severity=HIGH, message='Error has been generated. GL error GL_INVALID_OPERATION in (null): (ID: 3891749976) glGetUniformLocation- program 241, "" is not linked'
[17:09:39] [Render thread/WARN]: Shader supplementaries:spherify could not find uniform named FogColor in the specified shader program.
[17:09:39] [Render thread/INFO]: OpenGL debug message: id=1282, source=API, type=ERROR, severity=HIGH, message='Error has been generated. GL error GL_INVALID_OPERATION in (null): (ID: 3891749976) glGetUniformLocation- program 241, "" is not linked'
[17:09:39] [Render thread/WARN]: Shader supplementaries:spherify could not find uniform named FogShape in the specified shader program.
[17:09:39] [Render thread/INFO]: OpenGL debug message: id=1282, source=API, type=ERROR, severity=HIGH, message='Error has been generated. GL error GL_INVALID_OPERATION in (null): (ID: 3891749976) glGetUniformLocation- program 241, "" is not linked'
[17:09:39] [Render thread/WARN]: Shader supplementaries:spherify could not find uniform named NoiseSpeed in the specified shader program.
[17:09:39] [Render thread/INFO]: OpenGL debug message: id=1282, source=API, type=ERROR, severity=HIGH, message='Error has been generated. GL error GL_INVALID_OPERATION in (null): (ID: 3891749976) glGetUniformLocation- program 241, "" is not linked'
[17:09:39] [Render thread/WARN]: Shader supplementaries:spherify could not find uniform named NoiseScale in the specified shader program.
[17:09:39] [Render thread/INFO]: OpenGL debug message: id=1282, source=API, type=ERROR, severity=HIGH, message='Error has been generated. GL error GL_INVALID_OPERATION in (null): (ID: 3891749976) glGetUniformLocation- program 241, "" is not linked'
[17:09:39] [Render thread/WARN]: Shader supplementaries:spherify could not find uniform named Intensity in the specified shader program.
[17:09:39] [Render thread/INFO]: OpenGL debug message: id=1282, source=API, type=ERROR, severity=HIGH, message='Error has been generated. GL error GL_INVALID_OPERATION in (null): (ID: 3891749976) glGetUniformLocation- program 241, "" is not linked'
[17:09:39] [Render thread/WARN]: Shader supplementaries:spherify could not find uniform named CameraPos in the specified shader program.
[17:09:39] [Render thread/INFO]: OpenGL debug message: id=1, source=SHADER COMPILER, type=ERROR, severity=HIGH, message='SHADER_ID_LINK error has been generated. GLSL link failed for program 250, "": The  shader uses varying frag_IViewRotMat, but previous shader does not write to it.
Out of resource error.
'
[17:09:39] [Render thread/WARN]: Error encountered when linking program containing VS supplementaries:spherify and FS supplementaries:spherify. Log output:
[17:09:39] [Render thread/WARN]: The  shader uses varying frag_IViewRotMat, but previous shader does not write to it.
Out of resource error.

[17:09:39] [Render thread/INFO]: OpenGL debug message: id=1282, source=API, type=ERROR, severity=HIGH, message='Error has been generated. GL error GL_INVALID_OPERATION in (null): (ID: 3891749976) glGetUniformLocation- program 250, "" is not linked'
[17:09:39] [Render thread/INFO]: OpenGL debug message: id=1282, source=API, type=ERROR, severity=HIGH, message='Error has been generated. GL error GL_INVALID_OPERATION in (null): (ID: 3891749976) glGetUniformLocation- program 250, "" is not linked'
[17:09:39] [Render thread/INFO]: OpenGL debug message: id=1282, source=API, type=ERROR, severity=HIGH, message='Error has been generated. GL error GL_INVALID_OPERATION in (null): (ID: 3891749976) glGetUniformLocation- program 250, "" is not linked'
[17:09:39] [Render thread/INFO]: OpenGL debug message: id=1282, source=API, type=ERROR, severity=HIGH, message='Error has been generated. GL error GL_INVALID_OPERATION in (null): (ID: 3891749976) glGetUniformLocation- program 250, "" is not linked'
[17:09:39] [Render thread/WARN]: Shader supplementaries:spherify could not find sampler named Sampler0 in the specified shader program.
[17:09:39] [Render thread/INFO]: OpenGL debug message: id=1282, source=API, type=ERROR, severity=HIGH, message='Error has been generated. GL error GL_INVALID_OPERATION in (null): (ID: 3891749976) glGetUniformLocation- program 250, "" is not linked'
[17:09:39] [Render thread/WARN]: Shader supplementaries:spherify could not find sampler named Sampler1 in the specified shader program.
[17:09:39] [Render thread/INFO]: OpenGL debug message: id=1282, source=API, type=ERROR, severity=HIGH, message='Error has been generated. GL error GL_INVALID_OPERATION in (null): (ID: 3891749976) glGetUniformLocation- program 250, "" is not linked'
[17:09:39] [Render thread/WARN]: Shader supplementaries:spherify could not find sampler named Sampler2 in the specified shader program.
[17:09:39] [Render thread/INFO]: OpenGL debug message: id=1282, source=API, type=ERROR, severity=HIGH, message='Error has been generated. GL error GL_INVALID_OPERATION in (null): (ID: 3891749976) glGetUniformLocation- program 250, "" is not linked'
[17:09:39] [Render thread/WARN]: Shader supplementaries:spherify could not find uniform named ModelViewMat in the specified shader program.
[17:09:39] [Render thread/INFO]: OpenGL debug message: id=1282, source=API, type=ERROR, severity=HIGH, message='Error has been generated. GL error GL_INVALID_OPERATION in (null): (ID: 3891749976) glGetUniformLocation- program 250, "" is not linked'
[17:09:39] [Render thread/WARN]: Shader supplementaries:spherify could not find uniform named ProjMat in the specified shader program.
[17:09:39] [Render thread/INFO]: OpenGL debug message: id=1282, source=API, type=ERROR, severity=HIGH, message='Error has been generated. GL error GL_INVALID_OPERATION in (null): (ID: 3891749976) glGetUniformLocation- program 250, "" is not linked'
[17:09:39] [Render thread/WARN]: Shader supplementaries:spherify could not find uniform named IViewRotMat in the specified shader program.
[17:09:39] [Render thread/INFO]: OpenGL debug message: id=1282, source=API, type=ERROR, severity=HIGH, message='Error has been generated. GL error GL_INVALID_OPERATION in (null): (ID: 3891749976) glGetUniformLocation- program 250, "" is not linked'
[17:09:39] [Render thread/WARN]: Shader supplementaries:spherify could not find uniform named ColorModulator in the specified shader program.
[17:09:39] [Render thread/INFO]: OpenGL debug message: id=1282, source=API, type=ERROR, severity=HIGH, message='Error has been generated. GL error GL_INVALID_OPERATION in (null): (ID: 3891749976) glGetUniformLocation- program 250, "" is not linked'
[17:09:39] [Render thread/WARN]: Shader supplementaries:spherify could not find uniform named Light0_Direction in the specified shader program.
[17:09:39] [Render thread/INFO]: OpenGL debug message: id=1282, source=API, type=ERROR, severity=HIGH, message='Error has been generated. GL error GL_INVALID_OPERATION in (null): (ID: 3891749976) glGetUniformLocation- program 250, "" is not linked'
[17:09:39] [Render thread/WARN]: Shader supplementaries:spherify could not find uniform named Light1_Direction in the specified shader program.
[17:09:39] [Render thread/INFO]: OpenGL debug message: id=1282, source=API, type=ERROR, severity=HIGH, message='Error has been generated. GL error GL_INVALID_OPERATION in (null): (ID: 3891749976) glGetUniformLocation- program 250, "" is not linked'
[17:09:39] [Render thread/WARN]: Shader supplementaries:spherify could not find uniform named FogStart in the specified shader program.
[17:09:39] [Render thread/INFO]: OpenGL debug message: id=1282, source=API, type=ERROR, severity=HIGH, message='Error has been generated. GL error GL_INVALID_OPERATION in (null): (ID: 3891749976) glGetUniformLocation- program 250, "" is not linked'
[17:09:39] [Render thread/WARN]: Shader supplementaries:spherify could not find uniform named FogEnd in the specified shader program.
[17:09:39] [Render thread/INFO]: OpenGL debug message: id=1282, source=API, type=ERROR, severity=HIGH, message='Error has been generated. GL error GL_INVALID_OPERATION in (null): (ID: 3891749976) glGetUniformLocation- program 250, "" is not linked'
[17:09:39] [Render thread/WARN]: Shader supplementaries:spherify could not find uniform named FogColor in the specified shader program.
[17:09:39] [Render thread/INFO]: OpenGL debug message: id=1282, source=API, type=ERROR, severity=HIGH, message='Error has been generated. GL error GL_INVALID_OPERATION in (null): (ID: 3891749976) glGetUniformLocation- program 250, "" is not linked'
[17:09:39] [Render thread/WARN]: Shader supplementaries:spherify could not find uniform named FogShape in the specified shader program.
[17:09:39] [Render thread/INFO]: OpenGL debug message: id=1282, source=API, type=ERROR, severity=HIGH, message='Error has been generated. GL error GL_INVALID_OPERATION in (null): (ID: 3891749976) glGetUniformLocation- program 250, "" is not linked'
[17:09:39] [Render thread/WARN]: Shader supplementaries:spherify could not find uniform named NoiseSpeed in the specified shader program.
[17:09:39] [Render thread/INFO]: OpenGL debug message: id=1282, source=API, type=ERROR, severity=HIGH, message='Error has been generated. GL error GL_INVALID_OPERATION in (null): (ID: 3891749976) glGetUniformLocation- program 250, "" is not linked'
[17:09:39] [Render thread/WARN]: Shader supplementaries:spherify could not find uniform named NoiseScale in the specified shader program.
[17:09:39] [Render thread/INFO]: OpenGL debug message: id=1282, source=API, type=ERROR, severity=HIGH, message='Error has been generated. GL error GL_INVALID_OPERATION in (null): (ID: 3891749976) glGetUniformLocation- program 250, "" is not linked'
[17:09:39] [Render thread/WARN]: Shader supplementaries:spherify could not find uniform named Intensity in the specified shader program.
[17:09:39] [Render thread/INFO]: OpenGL debug message: id=1282, source=API, type=ERROR, severity=HIGH, message='Error has been generated. GL error GL_INVALID_OPERATION in (null): (ID: 3891749976) glGetUniformLocation- program 250, "" is not linked'
[17:09:39] [Render thread/WARN]: Shader supplementaries:spherify could not find uniform named CameraPos in the specified shader program.
[17:09:40] [Render thread/INFO]: OpenGL debug message: id=1, source=SHADER COMPILER, type=ERROR, severity=HIGH, message='SHADER_ID_LINK error has been generated. GLSL link failed for program 259, "": The  shader uses varying frag_IViewRotMat, but previous shader does not write to it.
Out of resource error.
'
[17:09:40] [Render thread/WARN]: Error encountered when linking program containing VS supplementaries:spherify and FS supplementaries:spherify. Log output:
[17:09:40] [Render thread/WARN]: The  shader uses varying frag_IViewRotMat, but previous shader does not write to it.
Out of resource error.

[17:09:40] [Render thread/INFO]: OpenGL debug message: id=1282, source=API, type=ERROR, severity=HIGH, message='Error has been generated. GL error GL_INVALID_OPERATION in (null): (ID: 3891749976) glGetUniformLocation- program 259, "" is not linked'
[17:09:40] [Render thread/INFO]: OpenGL debug message: id=1282, source=API, type=ERROR, severity=HIGH, message='Error has been generated. GL error GL_INVALID_OPERATION in (null): (ID: 3891749976) glGetUniformLocation- program 259, "" is not linked'
[17:09:40] [Render thread/INFO]: OpenGL debug message: id=1282, source=API, type=ERROR, severity=HIGH, message='Error has been generated. GL error GL_INVALID_OPERATION in (null): (ID: 3891749976) glGetUniformLocation- program 259, "" is not linked'
[17:09:40] [Render thread/INFO]: OpenGL debug message: id=1282, source=API, type=ERROR, severity=HIGH, message='Error has been generated. GL error GL_INVALID_OPERATION in (null): (ID: 3891749976) glGetUniformLocation- program 259, "" is not linked'
[17:09:40] [Render thread/WARN]: Shader supplementaries:spherify could not find sampler named Sampler0 in the specified shader program.
[17:09:40] [Render thread/INFO]: OpenGL debug message: id=1282, source=API, type=ERROR, severity=HIGH, message='Error has been generated. GL error GL_INVALID_OPERATION in (null): (ID: 3891749976) glGetUniformLocation- program 259, "" is not linked'
[17:09:40] [Render thread/WARN]: Shader supplementaries:spherify could not find sampler named Sampler1 in the specified shader program.
[17:09:40] [Render thread/INFO]: OpenGL debug message: id=1282, source=API, type=ERROR, severity=HIGH, message='Error has been generated. GL error GL_INVALID_OPERATION in (null): (ID: 3891749976) glGetUniformLocation- program 259, "" is not linked'
[17:09:40] [Render thread/WARN]: Shader supplementaries:spherify could not find sampler named Sampler2 in the specified shader program.
[17:09:40] [Render thread/INFO]: OpenGL debug message: id=1282, source=API, type=ERROR, severity=HIGH, message='Error has been generated. GL error GL_INVALID_OPERATION in (null): (ID: 3891749976) glGetUniformLocation- program 259, "" is not linked'
[17:09:40] [Render thread/WARN]: Shader supplementaries:spherify could not find uniform named ModelViewMat in the specified shader program.
[17:09:40] [Render thread/INFO]: OpenGL debug message: id=1282, source=API, type=ERROR, severity=HIGH, message='Error has been generated. GL error GL_INVALID_OPERATION in (null): (ID: 3891749976) glGetUniformLocation- program 259, "" is not linked'
[17:09:40] [Render thread/WARN]: Shader supplementaries:spherify could not find uniform named ProjMat in the specified shader program.
[17:09:40] [Render thread/INFO]: OpenGL debug message: id=1282, source=API, type=ERROR, severity=HIGH, message='Error has been generated. GL error GL_INVALID_OPERATION in (null): (ID: 3891749976) glGetUniformLocation- program 259, "" is not linked'
[17:09:40] [Render thread/WARN]: Shader supplementaries:spherify could not find uniform named IViewRotMat in the specified shader program.
[17:09:40] [Render thread/INFO]: OpenGL debug message: id=1282, source=API, type=ERROR, severity=HIGH, message='Error has been generated. GL error GL_INVALID_OPERATION in (null): (ID: 3891749976) glGetUniformLocation- program 259, "" is not linked'
[17:09:40] [Render thread/WARN]: Shader supplementaries:spherify could not find uniform named ColorModulator in the specified shader program.
[17:09:40] [Render thread/INFO]: OpenGL debug message: id=1282, source=API, type=ERROR, severity=HIGH, message='Error has been generated. GL error GL_INVALID_OPERATION in (null): (ID: 3891749976) glGetUniformLocation- program 259, "" is not linked'
[17:09:40] [Render thread/WARN]: Shader supplementaries:spherify could not find uniform named Light0_Direction in the specified shader program.
[17:09:40] [Render thread/INFO]: OpenGL debug message: id=1282, source=API, type=ERROR, severity=HIGH, message='Error has been generated. GL error GL_INVALID_OPERATION in (null): (ID: 3891749976) glGetUniformLocation- program 259, "" is not linked'
[17:09:40] [Render thread/WARN]: Shader supplementaries:spherify could not find uniform named Light1_Direction in the specified shader program.
[17:09:40] [Render thread/INFO]: OpenGL debug message: id=1282, source=API, type=ERROR, severity=HIGH, message='Error has been generated. GL error GL_INVALID_OPERATION in (null): (ID: 3891749976) glGetUniformLocation- program 259, "" is not linked'
[17:09:40] [Render thread/WARN]: Shader supplementaries:spherify could not find uniform named FogStart in the specified shader program.
[17:09:40] [Render thread/INFO]: OpenGL debug message: id=1282, source=API, type=ERROR, severity=HIGH, message='Error has been generated. GL error GL_INVALID_OPERATION in (null): (ID: 3891749976) glGetUniformLocation- program 259, "" is not linked'
[17:09:40] [Render thread/WARN]: Shader supplementaries:spherify could not find uniform named FogEnd in the specified shader program.
[17:09:40] [Render thread/INFO]: OpenGL debug message: id=1282, source=API, type=ERROR, severity=HIGH, message='Error has been generated. GL error GL_INVALID_OPERATION in (null): (ID: 3891749976) glGetUniformLocation- program 259, "" is not linked'
[17:09:40] [Render thread/WARN]: Shader supplementaries:spherify could not find uniform named FogColor in the specified shader program.
[17:09:40] [Render thread/INFO]: OpenGL debug message: id=1282, source=API, type=ERROR, severity=HIGH, message='Error has been generated. GL error GL_INVALID_OPERATION in (null): (ID: 3891749976) glGetUniformLocation- program 259, "" is not linked'
[17:09:40] [Render thread/WARN]: Shader supplementaries:spherify could not find uniform named FogShape in the specified shader program.
[17:09:40] [Render thread/INFO]: OpenGL debug message: id=1282, source=API, type=ERROR, severity=HIGH, message='Error has been generated. GL error GL_INVALID_OPERATION in (null): (ID: 3891749976) glGetUniformLocation- program 259, "" is not linked'
[17:09:40] [Render thread/WARN]: Shader supplementaries:spherify could not find uniform named NoiseSpeed in the specified shader program.
[17:09:40] [Render thread/INFO]: OpenGL debug message: id=1282, source=API, type=ERROR, severity=HIGH, message='Error has been generated. GL error GL_INVALID_OPERATION in (null): (ID: 3891749976) glGetUniformLocation- program 259, "" is not linked'
[17:09:40] [Render thread/WARN]: Shader supplementaries:spherify could not find uniform named NoiseScale in the specified shader program.
[17:09:40] [Render thread/INFO]: OpenGL debug message: id=1282, source=API, type=ERROR, severity=HIGH, message='Error has been generated. GL error GL_INVALID_OPERATION in (null): (ID: 3891749976) glGetUniformLocation- program 259, "" is not linked'
[17:09:40] [Render thread/WARN]: Shader supplementaries:spherify could not find uniform named Intensity in the specified shader program.
[17:09:40] [Render thread/INFO]: OpenGL debug message: id=1282, source=API, type=ERROR, severity=HIGH, message='Error has been generated. GL error GL_INVALID_OPERATION in (null): (ID: 3891749976) glGetUniformLocation- program 259, "" is not linked'
[17:09:40] [Render thread/WARN]: Shader supplementaries:spherify could not find uniform named CameraPos in the specified shader program.
[17:09:40] [Render thread/INFO]: OpenGL debug message: id=1, source=SHADER COMPILER, type=ERROR, severity=HIGH, message='SHADER_ID_LINK error has been generated. GLSL link failed for program 268, "": The  shader uses varying frag_IViewRotMat, but previous shader does not write to it.
Out of resource error.
'
[17:09:40] [Render thread/WARN]: Error encountered when linking program containing VS supplementaries:spherify and FS supplementaries:spherify. Log output:
[17:09:40] [Render thread/WARN]: The  shader uses varying frag_IViewRotMat, but previous shader does not write to it.
Out of resource error.

[17:09:40] [Render thread/INFO]: OpenGL debug message: id=1282, source=API, type=ERROR, severity=HIGH, message='Error has been generated. GL error GL_INVALID_OPERATION in (null): (ID: 3891749976) glGetUniformLocation- program 268, "" is not linked'
[17:09:40] [Render thread/INFO]: OpenGL debug message: id=1282, source=API, type=ERROR, severity=HIGH, message='Error has been generated. GL error GL_INVALID_OPERATION in (null): (ID: 3891749976) glGetUniformLocation- program 268, "" is not linked'
[17:09:40] [Render thread/INFO]: OpenGL debug message: id=1282, source=API, type=ERROR, severity=HIGH, message='Error has been generated. GL error GL_INVALID_OPERATION in (null): (ID: 3891749976) glGetUniformLocation- program 268, "" is not linked'
[17:09:40] [Render thread/INFO]: OpenGL debug message: id=1282, source=API, type=ERROR, severity=HIGH, message='Error has been generated. GL error GL_INVALID_OPERATION in (null): (ID: 3891749976) glGetUniformLocation- program 268, "" is not linked'
[17:09:40] [Render thread/WARN]: Shader supplementaries:spherify could not find sampler named Sampler0 in the specified shader program.
[17:09:40] [Render thread/INFO]: OpenGL debug message: id=1282, source=API, type=ERROR, severity=HIGH, message='Error has been generated. GL error GL_INVALID_OPERATION in (null): (ID: 3891749976) glGetUniformLocation- program 268, "" is not linked'
[17:09:40] [Render thread/WARN]: Shader supplementaries:spherify could not find sampler named Sampler1 in the specified shader program.
[17:09:40] [Render thread/INFO]: OpenGL debug message: id=1282, source=API, type=ERROR, severity=HIGH, message='Error has been generated. GL error GL_INVALID_OPERATION in (null): (ID: 3891749976) glGetUniformLocation- program 268, "" is not linked'
[17:09:40] [Render thread/WARN]: Shader supplementaries:spherify could not find sampler named Sampler2 in the specified shader program.
[17:09:40] [Render thread/INFO]: OpenGL debug message: id=1282, source=API, type=ERROR, severity=HIGH, message='Error has been generated. GL error GL_INVALID_OPERATION in (null): (ID: 3891749976) glGetUniformLocation- program 268, "" is not linked'
[17:09:40] [Render thread/WARN]: Shader supplementaries:spherify could not find uniform named ModelViewMat in the specified shader program.
[17:09:40] [Render thread/INFO]: OpenGL debug message: id=1282, source=API, type=ERROR, severity=HIGH, message='Error has been generated. GL error GL_INVALID_OPERATION in (null): (ID: 3891749976) glGetUniformLocation- program 268, "" is not linked'
[17:09:40] [Render thread/WARN]: Shader supplementaries:spherify could not find uniform named ProjMat in the specified shader program.
[17:09:40] [Render thread/INFO]: OpenGL debug message: id=1282, source=API, type=ERROR, severity=HIGH, message='Error has been generated. GL error GL_INVALID_OPERATION in (null): (ID: 3891749976) glGetUniformLocation- program 268, "" is not linked'
[17:09:40] [Render thread/WARN]: Shader supplementaries:spherify could not find uniform named IViewRotMat in the specified shader program.
[17:09:40] [Render thread/INFO]: OpenGL debug message: id=1282, source=API, type=ERROR, severity=HIGH, message='Error has been generated. GL error GL_INVALID_OPERATION in (null): (ID: 3891749976) glGetUniformLocation- program 268, "" is not linked'
[17:09:40] [Render thread/WARN]: Shader supplementaries:spherify could not find uniform named ColorModulator in the specified shader program.
[17:09:40] [Render thread/INFO]: OpenGL debug message: id=1282, source=API, type=ERROR, severity=HIGH, message='Error has been generated. GL error GL_INVALID_OPERATION in (null): (ID: 3891749976) glGetUniformLocation- program 268, "" is not linked'
[17:09:40] [Render thread/WARN]: Shader supplementaries:spherify could not find uniform named Light0_Direction in the specified shader program.
[17:09:40] [Render thread/INFO]: OpenGL debug message: id=1282, source=API, type=ERROR, severity=HIGH, message='Error has been generated. GL error GL_INVALID_OPERATION in (null): (ID: 3891749976) glGetUniformLocation- program 268, "" is not linked'
[17:09:40] [Render thread/WARN]: Shader supplementaries:spherify could not find uniform named Light1_Direction in the specified shader program.
[17:09:40] [Render thread/INFO]: OpenGL debug message: id=1282, source=API, type=ERROR, severity=HIGH, message='Error has been generated. GL error GL_INVALID_OPERATION in (null): (ID: 3891749976) glGetUniformLocation- program 268, "" is not linked'
[17:09:40] [Render thread/WARN]: Shader supplementaries:spherify could not find uniform named FogStart in the specified shader program.
[17:09:40] [Render thread/INFO]: OpenGL debug message: id=1282, source=API, type=ERROR, severity=HIGH, message='Error has been generated. GL error GL_INVALID_OPERATION in (null): (ID: 3891749976) glGetUniformLocation- program 268, "" is not linked'
[17:09:40] [Render thread/WARN]: Shader supplementaries:spherify could not find uniform named FogEnd in the specified shader program.
[17:09:40] [Render thread/INFO]: OpenGL debug message: id=1282, source=API, type=ERROR, severity=HIGH, message='Error has been generated. GL error GL_INVALID_OPERATION in (null): (ID: 3891749976) glGetUniformLocation- program 268, "" is not linked'
[17:09:40] [Render thread/WARN]: Shader supplementaries:spherify could not find uniform named FogColor in the specified shader program.
[17:09:40] [Render thread/INFO]: OpenGL debug message: id=1282, source=API, type=ERROR, severity=HIGH, message='Error has been generated. GL error GL_INVALID_OPERATION in (null): (ID: 3891749976) glGetUniformLocation- program 268, "" is not linked'
[17:09:40] [Render thread/WARN]: Shader supplementaries:spherify could not find uniform named FogShape in the specified shader program.
[17:09:40] [Render thread/INFO]: OpenGL debug message: id=1282, source=API, type=ERROR, severity=HIGH, message='Error has been generated. GL error GL_INVALID_OPERATION in (null): (ID: 3891749976) glGetUniformLocation- program 268, "" is not linked'
[17:09:40] [Render thread/WARN]: Shader supplementaries:spherify could not find uniform named NoiseSpeed in the specified shader program.
[17:09:40] [Render thread/INFO]: OpenGL debug message: id=1282, source=API, type=ERROR, severity=HIGH, message='Error has been generated. GL error GL_INVALID_OPERATION in (null): (ID: 3891749976) glGetUniformLocation- program 268, "" is not linked'
[17:09:40] [Render thread/WARN]: Shader supplementaries:spherify could not find uniform named NoiseScale in the specified shader program.
[17:09:40] [Render thread/INFO]: OpenGL debug message: id=1282, source=API, type=ERROR, severity=HIGH, message='Error has been generated. GL error GL_INVALID_OPERATION in (null): (ID: 3891749976) glGetUniformLocation- program 268, "" is not linked'
[17:09:40] [Render thread/WARN]: Shader supplementaries:spherify could not find uniform named Intensity in the specified shader program.
[17:09:40] [Render thread/INFO]: OpenGL debug message: id=1282, source=API, type=ERROR, severity=HIGH, message='Error has been generated. GL error GL_INVALID_OPERATION in (null): (ID: 3891749976) glGetUniformLocation- program 268, "" is not linked'
[17:09:40] [Render thread/WARN]: Shader supplementaries:spherify could not find uniform named CameraPos in the specified shader program.
[17:09:40] [Render thread/WARN]: Shader rendertype_entity_translucent_emissive could not find sampler named Sampler2 in the specified shader program.
[17:09:40] [Render thread/INFO]: OpenGL debug message: id=1, source=SHADER COMPILER, type=ERROR, severity=HIGH, message='SHADER_ID_LINK error has been generated. GLSL link failed for program 277, "": The  shader uses varying frag_IViewRotMat, but previous shader does not write to it.
Out of resource error.
'
[17:09:40] [Render thread/WARN]: Error encountered when linking program containing VS supplementaries:spherify and FS supplementaries:spherify. Log output:
[17:09:40] [Render thread/WARN]: The  shader uses varying frag_IViewRotMat, but previous shader does not write to it.
Out of resource error.

[17:09:40] [Render thread/INFO]: OpenGL debug message: id=1282, source=API, type=ERROR, severity=HIGH, message='Error has been generated. GL error GL_INVALID_OPERATION in (null): (ID: 3891749976) glGetUniformLocation- program 277, "" is not linked'
[17:09:40] [Render thread/INFO]: OpenGL debug message: id=1282, source=API, type=ERROR, severity=HIGH, message='Error has been generated. GL error GL_INVALID_OPERATION in (null): (ID: 3891749976) glGetUniformLocation- program 277, "" is not linked'
[17:09:40] [Render thread/INFO]: OpenGL debug message: id=1282, source=API, type=ERROR, severity=HIGH, message='Error has been generated. GL error GL_INVALID_OPERATION in (null): (ID: 3891749976) glGetUniformLocation- program 277, "" is not linked'
[17:09:40] [Render thread/INFO]: OpenGL debug message: id=1282, source=API, type=ERROR, severity=HIGH, message='Error has been generated. GL error GL_INVALID_OPERATION in (null): (ID: 3891749976) glGetUniformLocation- program 277, "" is not linked'
[17:09:40] [Render thread/WARN]: Shader supplementaries:spherify could not find sampler named Sampler0 in the specified shader program.
[17:09:40] [Render thread/INFO]: OpenGL debug message: id=1282, source=API, type=ERROR, severity=HIGH, message='Error has been generated. GL error GL_INVALID_OPERATION in (null): (ID: 3891749976) glGetUniformLocation- program 277, "" is not linked'
[17:09:40] [Render thread/WARN]: Shader supplementaries:spherify could not find sampler named Sampler1 in the specified shader program.
[17:09:40] [Render thread/INFO]: OpenGL debug message: id=1282, source=API, type=ERROR, severity=HIGH, message='Error has been generated. GL error GL_INVALID_OPERATION in (null): (ID: 3891749976) glGetUniformLocation- program 277, "" is not linked'
[17:09:40] [Render thread/WARN]: Shader supplementaries:spherify could not find sampler named Sampler2 in the specified shader program.
[17:09:40] [Render thread/INFO]: OpenGL debug message: id=1282, source=API, type=ERROR, severity=HIGH, message='Error has been generated. GL error GL_INVALID_OPERATION in (null): (ID: 3891749976) glGetUniformLocation- program 277, "" is not linked'
[17:09:40] [Render thread/WARN]: Shader supplementaries:spherify could not find uniform named ModelViewMat in the specified shader program.
[17:09:40] [Render thread/INFO]: OpenGL debug message: id=1282, source=API, type=ERROR, severity=HIGH, message='Error has been generated. GL error GL_INVALID_OPERATION in (null): (ID: 3891749976) glGetUniformLocation- program 277, "" is not linked'
[17:09:40] [Render thread/WARN]: Shader supplementaries:spherify could not find uniform named ProjMat in the specified shader program.
[17:09:40] [Render thread/INFO]: OpenGL debug message: id=1282, source=API, type=ERROR, severity=HIGH, message='Error has been generated. GL error GL_INVALID_OPERATION in (null): (ID: 3891749976) glGetUniformLocation- program 277, "" is not linked'
[17:09:40] [Render thread/WARN]: Shader supplementaries:spherify could not find uniform named IViewRotMat in the specified shader program.
[17:09:40] [Render thread/INFO]: OpenGL debug message: id=1282, source=API, type=ERROR, severity=HIGH, message='Error has been generated. GL error GL_INVALID_OPERATION in (null): (ID: 3891749976) glGetUniformLocation- program 277, "" is not linked'
[17:09:40] [Render thread/WARN]: Shader supplementaries:spherify could not find uniform named ColorModulator in the specified shader program.
[17:09:40] [Render thread/INFO]: OpenGL debug message: id=1282, source=API, type=ERROR, severity=HIGH, message='Error has been generated. GL error GL_INVALID_OPERATION in (null): (ID: 3891749976) glGetUniformLocation- program 277, "" is not linked'
[17:09:40] [Render thread/WARN]: Shader supplementaries:spherify could not find uniform named Light0_Direction in the specified shader program.
[17:09:40] [Render thread/INFO]: OpenGL debug message: id=1282, source=API, type=ERROR, severity=HIGH, message='Error has been generated. GL error GL_INVALID_OPERATION in (null): (ID: 3891749976) glGetUniformLocation- program 277, "" is not linked'
[17:09:40] [Render thread/WARN]: Shader supplementaries:spherify could not find uniform named Light1_Direction in the specified shader program.
[17:09:40] [Render thread/INFO]: OpenGL debug message: id=1282, source=API, type=ERROR, severity=HIGH, message='Error has been generated. GL error GL_INVALID_OPERATION in (null): (ID: 3891749976) glGetUniformLocation- program 277, "" is not linked'
[17:09:40] [Render thread/WARN]: Shader supplementaries:spherify could not find uniform named FogStart in the specified shader program.
[17:09:40] [Render thread/INFO]: OpenGL debug message: id=1282, source=API, type=ERROR, severity=HIGH, message='Error has been generated. GL error GL_INVALID_OPERATION in (null): (ID: 3891749976) glGetUniformLocation- program 277, "" is not linked'
[17:09:40] [Render thread/WARN]: Shader supplementaries:spherify could not find uniform named FogEnd in the specified shader program.
[17:09:40] [Render thread/INFO]: OpenGL debug message: id=1282, source=API, type=ERROR, severity=HIGH, message='Error has been generated. GL error GL_INVALID_OPERATION in (null): (ID: 3891749976) glGetUniformLocation- program 277, "" is not linked'
[17:09:40] [Render thread/WARN]: Shader supplementaries:spherify could not find uniform named FogColor in the specified shader program.
[17:09:40] [Render thread/INFO]: OpenGL debug message: id=1282, source=API, type=ERROR, severity=HIGH, message='Error has been generated. GL error GL_INVALID_OPERATION in (null): (ID: 3891749976) glGetUniformLocation- program 277, "" is not linked'
[17:09:40] [Render thread/WARN]: Shader supplementaries:spherify could not find uniform named FogShape in the specified shader program.
[17:09:40] [Render thread/INFO]: OpenGL debug message: id=1282, source=API, type=ERROR, severity=HIGH, message='Error has been generated. GL error GL_INVALID_OPERATION in (null): (ID: 3891749976) glGetUniformLocation- program 277, "" is not linked'
[17:09:40] [Render thread/WARN]: Shader supplementaries:spherify could not find uniform named NoiseSpeed in the specified shader program.
[17:09:40] [Render thread/INFO]: OpenGL debug message: id=1282, source=API, type=ERROR, severity=HIGH, message='Error has been generated. GL error GL_INVALID_OPERATION in (null): (ID: 3891749976) glGetUniformLocation- program 277, "" is not linked'
[17:09:40] [Render thread/WARN]: Shader supplementaries:spherify could not find uniform named NoiseScale in the specified shader program.
[17:09:40] [Render thread/INFO]: OpenGL debug message: id=1282, source=API, type=ERROR, severity=HIGH, message='Error has been generated. GL error GL_INVALID_OPERATION in (null): (ID: 3891749976) glGetUniformLocation- program 277, "" is not linked'
[17:09:40] [Render thread/WARN]: Shader supplementaries:spherify could not find uniform named Intensity in the specified shader program.
[17:09:40] [Render thread/INFO]: OpenGL debug message: id=1282, source=API, type=ERROR, severity=HIGH, message='Error has been generated. GL error GL_INVALID_OPERATION in (null): (ID: 3891749976) glGetUniformLocation- program 277, "" is not linked'
[17:09:40] [Render thread/WARN]: Shader supplementaries:spherify could not find uniform named CameraPos in the specified shader program.
[17:09:40] [Render thread/INFO]: OpenGL debug message: id=1, source=SHADER COMPILER, type=ERROR, severity=HIGH, message='SHADER_ID_LINK error has been generated. GLSL link failed for program 286, "": The  shader uses varying frag_IViewRotMat, but previous shader does not write to it.
Out of resource error.
'
[17:09:40] [Render thread/WARN]: Error encountered when linking program containing VS supplementaries:spherify and FS supplementaries:spherify. Log output:
[17:09:40] [Render thread/WARN]: The  shader uses varying frag_IViewRotMat, but previous shader does not write to it.
Out of resource error.

[17:09:40] [Render thread/INFO]: OpenGL debug message: id=1282, source=API, type=ERROR, severity=HIGH, message='Error has been generated. GL error GL_INVALID_OPERATION in (null): (ID: 3891749976) glGetUniformLocation- program 286, "" is not linked'
[17:09:40] [Render thread/INFO]: OpenGL debug message: id=1282, source=API, type=ERROR, severity=HIGH, message='Error has been generated. GL error GL_INVALID_OPERATION in (null): (ID: 3891749976) glGetUniformLocation- program 286, "" is not linked'
[17:09:40] [Render thread/INFO]: OpenGL debug message: id=1282, source=API, type=ERROR, severity=HIGH, message='Error has been generated. GL error GL_INVALID_OPERATION in (null): (ID: 3891749976) glGetUniformLocation- program 286, "" is not linked'
[17:09:40] [Render thread/INFO]: OpenGL debug message: id=1282, source=API, type=ERROR, severity=HIGH, message='Error has been generated. GL error GL_INVALID_OPERATION in (null): (ID: 3891749976) glGetUniformLocation- program 286, "" is not linked'
[17:09:40] [Render thread/WARN]: Shader supplementaries:spherify could not find sampler named Sampler0 in the specified shader program.
[17:09:40] [Render thread/INFO]: OpenGL debug message: id=1282, source=API, type=ERROR, severity=HIGH, message='Error has been generated. GL error GL_INVALID_OPERATION in (null): (ID: 3891749976) glGetUniformLocation- program 286, "" is not linked'
[17:09:40] [Render thread/WARN]: Shader supplementaries:spherify could not find sampler named Sampler1 in the specified shader program.
[17:09:40] [Render thread/INFO]: OpenGL debug message: id=1282, source=API, type=ERROR, severity=HIGH, message='Error has been generated. GL error GL_INVALID_OPERATION in (null): (ID: 3891749976) glGetUniformLocation- program 286, "" is not linked'
[17:09:40] [Render thread/WARN]: Shader supplementaries:spherify could not find sampler named Sampler2 in the specified shader program.
[17:09:40] [Render thread/INFO]: OpenGL debug message: id=1282, source=API, type=ERROR, severity=HIGH, message='Error has been generated. GL error GL_INVALID_OPERATION in (null): (ID: 3891749976) glGetUniformLocation- program 286, "" is not linked'
[17:09:40] [Render thread/WARN]: Shader supplementaries:spherify could not find uniform named ModelViewMat in the specified shader program.
[17:09:40] [Render thread/INFO]: OpenGL debug message: id=1282, source=API, type=ERROR, severity=HIGH, message='Error has been generated. GL error GL_INVALID_OPERATION in (null): (ID: 3891749976) glGetUniformLocation- program 286, "" is not linked'
[17:09:40] [Render thread/WARN]: Shader supplementaries:spherify could not find uniform named ProjMat in the specified shader program.
[17:09:40] [Render thread/INFO]: OpenGL debug message: id=1282, source=API, type=ERROR, severity=HIGH, message='Error has been generated. GL error GL_INVALID_OPERATION in (null): (ID: 3891749976) glGetUniformLocation- program 286, "" is not linked'
[17:09:40] [Render thread/WARN]: Shader supplementaries:spherify could not find uniform named IViewRotMat in the specified shader program.
[17:09:40] [Render thread/INFO]: OpenGL debug message: id=1282, source=API, type=ERROR, severity=HIGH, message='Error has been generated. GL error GL_INVALID_OPERATION in (null): (ID: 3891749976) glGetUniformLocation- program 286, "" is not linked'
[17:09:40] [Render thread/WARN]: Shader supplementaries:spherify could not find uniform named ColorModulator in the specified shader program.
[17:09:40] [Render thread/INFO]: OpenGL debug message: id=1282, source=API, type=ERROR, severity=HIGH, message='Error has been generated. GL error GL_INVALID_OPERATION in (null): (ID: 3891749976) glGetUniformLocation- program 286, "" is not linked'
[17:09:40] [Render thread/WARN]: Shader supplementaries:spherify could not find uniform named Light0_Direction in the specified shader program.
[17:09:40] [Render thread/INFO]: OpenGL debug message: id=1282, source=API, type=ERROR, severity=HIGH, message='Error has been generated. GL error GL_INVALID_OPERATION in (null): (ID: 3891749976) glGetUniformLocation- program 286, "" is not linked'
[17:09:40] [Render thread/WARN]: Shader supplementaries:spherify could not find uniform named Light1_Direction in the specified shader program.
[17:09:40] [Render thread/INFO]: OpenGL debug message: id=1282, source=API, type=ERROR, severity=HIGH, message='Error has been generated. GL error GL_INVALID_OPERATION in (null): (ID: 3891749976) glGetUniformLocation- program 286, "" is not linked'
[17:09:40] [Render thread/WARN]: Shader supplementaries:spherify could not find uniform named FogStart in the specified shader program.
[17:09:40] [Render thread/INFO]: OpenGL debug message: id=1282, source=API, type=ERROR, severity=HIGH, message='Error has been generated. GL error GL_INVALID_OPERATION in (null): (ID: 3891749976) glGetUniformLocation- program 286, "" is not linked'
[17:09:40] [Render thread/WARN]: Shader supplementaries:spherify could not find uniform named FogEnd in the specified shader program.
[17:09:40] [Render thread/INFO]: OpenGL debug message: id=1282, source=API, type=ERROR, severity=HIGH, message='Error has been generated. GL error GL_INVALID_OPERATION in (null): (ID: 3891749976) glGetUniformLocation- program 286, "" is not linked'
[17:09:40] [Render thread/WARN]: Shader supplementaries:spherify could not find uniform named FogColor in the specified shader program.
[17:09:40] [Render thread/INFO]: OpenGL debug message: id=1282, source=API, type=ERROR, severity=HIGH, message='Error has been generated. GL error GL_INVALID_OPERATION in (null): (ID: 3891749976) glGetUniformLocation- program 286, "" is not linked'
[17:09:40] [Render thread/WARN]: Shader supplementaries:spherify could not find uniform named FogShape in the specified shader program.
[17:09:40] [Render thread/INFO]: OpenGL debug message: id=1282, source=API, type=ERROR, severity=HIGH, message='Error has been generated. GL error GL_INVALID_OPERATION in (null): (ID: 3891749976) glGetUniformLocation- program 286, "" is not linked'
[17:09:40] [Render thread/WARN]: Shader supplementaries:spherify could not find uniform named NoiseSpeed in the specified shader program.
[17:09:40] [Render thread/INFO]: OpenGL debug message: id=1282, source=API, type=ERROR, severity=HIGH, message='Error has been generated. GL error GL_INVALID_OPERATION in (null): (ID: 3891749976) glGetUniformLocation- program 286, "" is not linked'
[17:09:40] [Render thread/WARN]: Shader supplementaries:spherify could not find uniform named NoiseScale in the specified shader program.
[17:09:40] [Render thread/INFO]: OpenGL debug message: id=1282, source=API, type=ERROR, severity=HIGH, message='Error has been generated. GL error GL_INVALID_OPERATION in (null): (ID: 3891749976) glGetUniformLocation- program 286, "" is not linked'
[17:09:40] [Render thread/WARN]: Shader supplementaries:spherify could not find uniform named Intensity in the specified shader program.
[17:09:40] [Render thread/INFO]: OpenGL debug message: id=1282, source=API, type=ERROR, severity=HIGH, message='Error has been generated. GL error GL_INVALID_OPERATION in (null): (ID: 3891749976) glGetUniformLocation- program 286, "" is not linked'
[17:09:40] [Render thread/WARN]: Shader supplementaries:spherify could not find uniform named CameraPos in the specified shader program.
[17:09:41] [Render thread/INFO]: OpenGL debug message: id=1, source=SHADER COMPILER, type=ERROR, severity=HIGH, message='SHADER_ID_LINK error has been generated. GLSL link failed for program 295, "": The  shader uses varying frag_IViewRotMat, but previous shader does not write to it.
Out of resource error.
'
[17:09:41] [Render thread/WARN]: Error encountered when linking program containing VS supplementaries:spherify and FS supplementaries:spherify. Log output:
[17:09:41] [Render thread/WARN]: The  shader uses varying frag_IViewRotMat, but previous shader does not write to it.
Out of resource error.

[17:09:41] [Render thread/INFO]: OpenGL debug message: id=1282, source=API, type=ERROR, severity=HIGH, message='Error has been generated. GL error GL_INVALID_OPERATION in (null): (ID: 3891749976) glGetUniformLocation- program 295, "" is not linked'
[17:09:41] [Render thread/INFO]: OpenGL debug message: id=1282, source=API, type=ERROR, severity=HIGH, message='Error has been generated. GL error GL_INVALID_OPERATION in (null): (ID: 3891749976) glGetUniformLocation- program 295, "" is not linked'
[17:09:41] [Render thread/INFO]: OpenGL debug message: id=1282, source=API, type=ERROR, severity=HIGH, message='Error has been generated. GL error GL_INVALID_OPERATION in (null): (ID: 3891749976) glGetUniformLocation- program 295, "" is not linked'
[17:09:41] [Render thread/INFO]: OpenGL debug message: id=1282, source=API, type=ERROR, severity=HIGH, message='Error has been generated. GL error GL_INVALID_OPERATION in (null): (ID: 3891749976) glGetUniformLocation- program 295, "" is not linked'
[17:09:41] [Render thread/WARN]: Shader supplementaries:spherify could not find sampler named Sampler0 in the specified shader program.
[17:09:41] [Render thread/INFO]: OpenGL debug message: id=1282, source=API, type=ERROR, severity=HIGH, message='Error has been generated. GL error GL_INVALID_OPERATION in (null): (ID: 3891749976) glGetUniformLocation- program 295, "" is not linked'
[17:09:41] [Render thread/WARN]: Shader supplementaries:spherify could not find sampler named Sampler1 in the specified shader program.
[17:09:41] [Render thread/INFO]: OpenGL debug message: id=1282, source=API, type=ERROR, severity=HIGH, message='Error has been generated. GL error GL_INVALID_OPERATION in (null): (ID: 3891749976) glGetUniformLocation- program 295, "" is not linked'
[17:09:41] [Render thread/WARN]: Shader supplementaries:spherify could not find sampler named Sampler2 in the specified shader program.
[17:09:41] [Render thread/INFO]: OpenGL debug message: id=1282, source=API, type=ERROR, severity=HIGH, message='Error has been generated. GL error GL_INVALID_OPERATION in (null): (ID: 3891749976) glGetUniformLocation- program 295, "" is not linked'
[17:09:41] [Render thread/WARN]: Shader supplementaries:spherify could not find uniform named ModelViewMat in the specified shader program.
[17:09:41] [Render thread/INFO]: OpenGL debug message: id=1282, source=API, type=ERROR, severity=HIGH, message='Error has been generated. GL error GL_INVALID_OPERATION in (null): (ID: 3891749976) glGetUniformLocation- program 295, "" is not linked'
[17:09:41] [Render thread/WARN]: Shader supplementaries:spherify could not find uniform named ProjMat in the specified shader program.
[17:09:41] [Render thread/INFO]: OpenGL debug message: id=1282, source=API, type=ERROR, severity=HIGH, message='Error has been generated. GL error GL_INVALID_OPERATION in (null): (ID: 3891749976) glGetUniformLocation- program 295, "" is not linked'
[17:09:41] [Render thread/WARN]: Shader supplementaries:spherify could not find uniform named IViewRotMat in the specified shader program.
[17:09:41] [Render thread/INFO]: OpenGL debug message: id=1282, source=API, type=ERROR, severity=HIGH, message='Error has been generated. GL error GL_INVALID_OPERATION in (null): (ID: 3891749976) glGetUniformLocation- program 295, "" is not linked'
[17:09:41] [Render thread/WARN]: Shader supplementaries:spherify could not find uniform named ColorModulator in the specified shader program.
[17:09:41] [Render thread/INFO]: OpenGL debug message: id=1282, source=API, type=ERROR, severity=HIGH, message='Error has been generated. GL error GL_INVALID_OPERATION in (null): (ID: 3891749976) glGetUniformLocation- program 295, "" is not linked'
[17:09:41] [Render thread/WARN]: Shader supplementaries:spherify could not find uniform named Light0_Direction in the specified shader program.
[17:09:41] [Render thread/INFO]: OpenGL debug message: id=1282, source=API, type=ERROR, severity=HIGH, message='Error has been generated. GL error GL_INVALID_OPERATION in (null): (ID: 3891749976) glGetUniformLocation- program 295, "" is not linked'
[17:09:41] [Render thread/WARN]: Shader supplementaries:spherify could not find uniform named Light1_Direction in the specified shader program.
[17:09:41] [Render thread/INFO]: OpenGL debug message: id=1282, source=API, type=ERROR, severity=HIGH, message='Error has been generated. GL error GL_INVALID_OPERATION in (null): (ID: 3891749976) glGetUniformLocation- program 295, "" is not linked'
[17:09:41] [Render thread/WARN]: Shader supplementaries:spherify could not find uniform named FogStart in the specified shader program.
[17:09:41] [Render thread/INFO]: OpenGL debug message: id=1282, source=API, type=ERROR, severity=HIGH, message='Error has been generated. GL error GL_INVALID_OPERATION in (null): (ID: 3891749976) glGetUniformLocation- program 295, "" is not linked'
[17:09:41] [Render thread/WARN]: Shader supplementaries:spherify could not find uniform named FogEnd in the specified shader program.
[17:09:41] [Render thread/INFO]: OpenGL debug message: id=1282, source=API, type=ERROR, severity=HIGH, message='Error has been generated. GL error GL_INVALID_OPERATION in (null): (ID: 3891749976) glGetUniformLocation- program 295, "" is not linked'
[17:09:41] [Render thread/WARN]: Shader supplementaries:spherify could not find uniform named FogColor in the specified shader program.
[17:09:41] [Render thread/INFO]: OpenGL debug message: id=1282, source=API, type=ERROR, severity=HIGH, message='Error has been generated. GL error GL_INVALID_OPERATION in (null): (ID: 3891749976) glGetUniformLocation- program 295, "" is not linked'
[17:09:41] [Render thread/WARN]: Shader supplementaries:spherify could not find uniform named FogShape in the specified shader program.
[17:09:41] [Render thread/INFO]: OpenGL debug message: id=1282, source=API, type=ERROR, severity=HIGH, message='Error has been generated. GL error GL_INVALID_OPERATION in (null): (ID: 3891749976) glGetUniformLocation- program 295, "" is not linked'
[17:09:41] [Render thread/WARN]: Shader supplementaries:spherify could not find uniform named NoiseSpeed in the specified shader program.
[17:09:41] [Render thread/INFO]: OpenGL debug message: id=1282, source=API, type=ERROR, severity=HIGH, message='Error has been generated. GL error GL_INVALID_OPERATION in (null): (ID: 3891749976) glGetUniformLocation- program 295, "" is not linked'
[17:09:41] [Render thread/WARN]: Shader supplementaries:spherify could not find uniform named NoiseScale in the specified shader program.
[17:09:41] [Render thread/INFO]: OpenGL debug message: id=1282, source=API, type=ERROR, severity=HIGH, message='Error has been generated. GL error GL_INVALID_OPERATION in (null): (ID: 3891749976) glGetUniformLocation- program 295, "" is not linked'
[17:09:41] [Render thread/WARN]: Shader supplementaries:spherify could not find uniform named Intensity in the specified shader program.
[17:09:41] [Render thread/INFO]: OpenGL debug message: id=1282, source=API, type=ERROR, severity=HIGH, message='Error has been generated. GL error GL_INVALID_OPERATION in (null): (ID: 3891749976) glGetUniformLocation- program 295, "" is not linked'
[17:09:41] [Render thread/WARN]: Shader supplementaries:spherify could not find uniform named CameraPos in the specified shader program.
[17:09:41] [Render thread/INFO]: OpenGL debug message: id=1, source=SHADER COMPILER, type=ERROR, severity=HIGH, message='SHADER_ID_LINK error has been generated. GLSL link failed for program 304, "": The  shader uses varying frag_IViewRotMat, but previous shader does not write to it.
Out of resource error.
'
[17:09:41] [Render thread/WARN]: Error encountered when linking program containing VS supplementaries:spherify and FS supplementaries:spherify. Log output:
[17:09:41] [Render thread/WARN]: The  shader uses varying frag_IViewRotMat, but previous shader does not write to it.
Out of resource error.

[17:09:41] [Render thread/INFO]: OpenGL debug message: id=1282, source=API, type=ERROR, severity=HIGH, message='Error has been generated. GL error GL_INVALID_OPERATION in (null): (ID: 3891749976) glGetUniformLocation- program 304, "" is not linked'
[17:09:41] [Render thread/INFO]: OpenGL debug message: id=1282, source=API, type=ERROR, severity=HIGH, message='Error has been generated. GL error GL_INVALID_OPERATION in (null): (ID: 3891749976) glGetUniformLocation- program 304, "" is not linked'
[17:09:41] [Render thread/INFO]: OpenGL debug message: id=1282, source=API, type=ERROR, severity=HIGH, message='Error has been generated. GL error GL_INVALID_OPERATION in (null): (ID: 3891749976) glGetUniformLocation- program 304, "" is not linked'
[17:09:41] [Render thread/INFO]: OpenGL debug message: id=1282, source=API, type=ERROR, severity=HIGH, message='Error has been generated. GL error GL_INVALID_OPERATION in (null): (ID: 3891749976) glGetUniformLocation- program 304, "" is not linked'
[17:09:41] [Render thread/WARN]: Shader supplementaries:spherify could not find sampler named Sampler0 in the specified shader program.
[17:09:41] [Render thread/INFO]: OpenGL debug message: id=1282, source=API, type=ERROR, severity=HIGH, message='Error has been generated. GL error GL_INVALID_OPERATION in (null): (ID: 3891749976) glGetUniformLocation- program 304, "" is not linked'
[17:09:41] [Render thread/WARN]: Shader supplementaries:spherify could not find sampler named Sampler1 in the specified shader program.
[17:09:41] [Render thread/INFO]: OpenGL debug message: id=1282, source=API, type=ERROR, severity=HIGH, message='Error has been generated. GL error GL_INVALID_OPERATION in (null): (ID: 3891749976) glGetUniformLocation- program 304, "" is not linked'
[17:09:41] [Render thread/WARN]: Shader supplementaries:spherify could not find sampler named Sampler2 in the specified shader program.
[17:09:41] [Render thread/INFO]: OpenGL debug message: id=1282, source=API, type=ERROR, severity=HIGH, message='Error has been generated. GL error GL_INVALID_OPERATION in (null): (ID: 3891749976) glGetUniformLocation- program 304, "" is not linked'
[17:09:41] [Render thread/WARN]: Shader supplementaries:spherify could not find uniform named ModelViewMat in the specified shader program.
[17:09:41] [Render thread/INFO]: OpenGL debug message: id=1282, source=API, type=ERROR, severity=HIGH, message='Error has been generated. GL error GL_INVALID_OPERATION in (null): (ID: 3891749976) glGetUniformLocation- program 304, "" is not linked'
[17:09:41] [Render thread/WARN]: Shader supplementaries:spherify could not find uniform named ProjMat in the specified shader program.
[17:09:41] [Render thread/INFO]: OpenGL debug message: id=1282, source=API, type=ERROR, severity=HIGH, message='Error has been generated. GL error GL_INVALID_OPERATION in (null): (ID: 3891749976) glGetUniformLocation- program 304, "" is not linked'
[17:09:41] [Render thread/WARN]: Shader supplementaries:spherify could not find uniform named IViewRotMat in the specified shader program.
[17:09:41] [Render thread/INFO]: OpenGL debug message: id=1282, source=API, type=ERROR, severity=HIGH, message='Error has been generated. GL error GL_INVALID_OPERATION in (null): (ID: 3891749976) glGetUniformLocation- program 304, "" is not linked'
[17:09:41] [Render thread/WARN]: Shader supplementaries:spherify could not find uniform named ColorModulator in the specified shader program.
[17:09:41] [Render thread/INFO]: OpenGL debug message: id=1282, source=API, type=ERROR, severity=HIGH, message='Error has been generated. GL error GL_INVALID_OPERATION in (null): (ID: 3891749976) glGetUniformLocation- program 304, "" is not linked'
[17:09:41] [Render thread/WARN]: Shader supplementaries:spherify could not find uniform named Light0_Direction in the specified shader program.
[17:09:41] [Render thread/INFO]: OpenGL debug message: id=1282, source=API, type=ERROR, severity=HIGH, message='Error has been generated. GL error GL_INVALID_OPERATION in (null): (ID: 3891749976) glGetUniformLocation- program 304, "" is not linked'
[17:09:41] [Render thread/WARN]: Shader supplementaries:spherify could not find uniform named Light1_Direction in the specified shader program.
[17:09:41] [Render thread/INFO]: OpenGL debug message: id=1282, source=API, type=ERROR, severity=HIGH, message='Error has been generated. GL error GL_INVALID_OPERATION in (null): (ID: 3891749976) glGetUniformLocation- program 304, "" is not linked'
[17:09:41] [Render thread/WARN]: Shader supplementaries:spherify could not find uniform named FogStart in the specified shader program.
[17:09:41] [Render thread/INFO]: OpenGL debug message: id=1282, source=API, type=ERROR, severity=HIGH, message='Error has been generated. GL error GL_INVALID_OPERATION in (null): (ID: 3891749976) glGetUniformLocation- program 304, "" is not linked'
[17:09:41] [Render thread/WARN]: Shader supplementaries:spherify could not find uniform named FogEnd in the specified shader program.
[17:09:41] [Render thread/INFO]: OpenGL debug message: id=1282, source=API, type=ERROR, severity=HIGH, message='Error has been generated. GL error GL_INVALID_OPERATION in (null): (ID: 3891749976) glGetUniformLocation- program 304, "" is not linked'
[17:09:41] [Render thread/WARN]: Shader supplementaries:spherify could not find uniform named FogColor in the specified shader program.
[17:09:41] [Render thread/INFO]: OpenGL debug message: id=1282, source=API, type=ERROR, severity=HIGH, message='Error has been generated. GL error GL_INVALID_OPERATION in (null): (ID: 3891749976) glGetUniformLocation- program 304, "" is not linked'
[17:09:41] [Render thread/WARN]: Shader supplementaries:spherify could not find uniform named FogShape in the specified shader program.
[17:09:41] [Render thread/INFO]: OpenGL debug message: id=1282, source=API, type=ERROR, severity=HIGH, message='Error has been generated. GL error GL_INVALID_OPERATION in (null): (ID: 3891749976) glGetUniformLocation- program 304, "" is not linked'
[17:09:41] [Render thread/WARN]: Shader supplementaries:spherify could not find uniform named NoiseSpeed in the specified shader program.
[17:09:41] [Render thread/INFO]: OpenGL debug message: id=1282, source=API, type=ERROR, severity=HIGH, message='Error has been generated. GL error GL_INVALID_OPERATION in (null): (ID: 3891749976) glGetUniformLocation- program 304, "" is not linked'
[17:09:41] [Render thread/WARN]: Shader supplementaries:spherify could not find uniform named NoiseScale in the specified shader program.
[17:09:41] [Render thread/INFO]: OpenGL debug message: id=1282, source=API, type=ERROR, severity=HIGH, message='Error has been generated. GL error GL_INVALID_OPERATION in (null): (ID: 3891749976) glGetUniformLocation- program 304, "" is not linked'
[17:09:41] [Render thread/WARN]: Shader supplementaries:spherify could not find uniform named Intensity in the specified shader program.
[17:09:41] [Render thread/INFO]: OpenGL debug message: id=1282, source=API, type=ERROR, severity=HIGH, message='Error has been generated. GL error GL_INVALID_OPERATION in (null): (ID: 3891749976) glGetUniformLocation- program 304, "" is not linked'
[17:09:41] [Render thread/WARN]: Shader supplementaries:spherify could not find uniform named CameraPos in the specified shader program.
[17:09:41] [Render thread/INFO]: OpenGL debug message: id=1, source=SHADER COMPILER, type=ERROR, severity=HIGH, message='SHADER_ID_LINK error has been generated. GLSL link failed for program 313, "": The  shader uses varying frag_IViewRotMat, but previous shader does not write to it.
Out of resource error.
'
[17:09:41] [Render thread/WARN]: Error encountered when linking program containing VS supplementaries:spherify and FS supplementaries:spherify. Log output:
[17:09:41] [Render thread/WARN]: The  shader uses varying frag_IViewRotMat, but previous shader does not write to it.
Out of resource error.

[17:09:41] [Render thread/INFO]: OpenGL debug message: id=1282, source=API, type=ERROR, severity=HIGH, message='Error has been generated. GL error GL_INVALID_OPERATION in (null): (ID: 3891749976) glGetUniformLocation- program 313, "" is not linked'
[17:09:41] [Render thread/INFO]: OpenGL debug message: id=1282, source=API, type=ERROR, severity=HIGH, message='Error has been generated. GL error GL_INVALID_OPERATION in (null): (ID: 3891749976) glGetUniformLocation- program 313, "" is not linked'
[17:09:41] [Render thread/INFO]: OpenGL debug message: id=1282, source=API, type=ERROR, severity=HIGH, message='Error has been generated. GL error GL_INVALID_OPERATION in (null): (ID: 3891749976) glGetUniformLocation- program 313, "" is not linked'
[17:09:41] [Render thread/INFO]: OpenGL debug message: id=1282, source=API, type=ERROR, severity=HIGH, message='Error has been generated. GL error GL_INVALID_OPERATION in (null): (ID: 3891749976) glGetUniformLocation- program 313, "" is not linked'
[17:09:41] [Render thread/WARN]: Shader supplementaries:spherify could not find sampler named Sampler0 in the specified shader program.
[17:09:41] [Render thread/INFO]: OpenGL debug message: id=1282, source=API, type=ERROR, severity=HIGH, message='Error has been generated. GL error GL_INVALID_OPERATION in (null): (ID: 3891749976) glGetUniformLocation- program 313, "" is not linked'
[17:09:41] [Render thread/WARN]: Shader supplementaries:spherify could not find sampler named Sampler1 in the specified shader program.
[17:09:41] [Render thread/INFO]: OpenGL debug message: id=1282, source=API, type=ERROR, severity=HIGH, message='Error has been generated. GL error GL_INVALID_OPERATION in (null): (ID: 3891749976) glGetUniformLocation- program 313, "" is not linked'
[17:09:41] [Render thread/WARN]: Shader supplementaries:spherify could not find sampler named Sampler2 in the specified shader program.
[17:09:41] [Render thread/INFO]: OpenGL debug message: id=1282, source=API, type=ERROR, severity=HIGH, message='Error has been generated. GL error GL_INVALID_OPERATION in (null): (ID: 3891749976) glGetUniformLocation- program 313, "" is not linked'
[17:09:41] [Render thread/WARN]: Shader supplementaries:spherify could not find uniform named ModelViewMat in the specified shader program.
[17:09:41] [Render thread/INFO]: OpenGL debug message: id=1282, source=API, type=ERROR, severity=HIGH, message='Error has been generated. GL error GL_INVALID_OPERATION in (null): (ID: 3891749976) glGetUniformLocation- program 313, "" is not linked'
[17:09:41] [Render thread/WARN]: Shader supplementaries:spherify could not find uniform named ProjMat in the specified shader program.
[17:09:41] [Render thread/INFO]: OpenGL debug message: id=1282, source=API, type=ERROR, severity=HIGH, message='Error has been generated. GL error GL_INVALID_OPERATION in (null): (ID: 3891749976) glGetUniformLocation- program 313, "" is not linked'
[17:09:41] [Render thread/WARN]: Shader supplementaries:spherify could not find uniform named IViewRotMat in the specified shader program.
[17:09:41] [Render thread/INFO]: OpenGL debug message: id=1282, source=API, type=ERROR, severity=HIGH, message='Error has been generated. GL error GL_INVALID_OPERATION in (null): (ID: 3891749976) glGetUniformLocation- program 313, "" is not linked'
[17:09:41] [Render thread/WARN]: Shader supplementaries:spherify could not find uniform named ColorModulator in the specified shader program.
[17:09:41] [Render thread/INFO]: OpenGL debug message: id=1282, source=API, type=ERROR, severity=HIGH, message='Error has been generated. GL error GL_INVALID_OPERATION in (null): (ID: 3891749976) glGetUniformLocation- program 313, "" is not linked'
[17:09:41] [Render thread/WARN]: Shader supplementaries:spherify could not find uniform named Light0_Direction in the specified shader program.
[17:09:41] [Render thread/INFO]: OpenGL debug message: id=1282, source=API, type=ERROR, severity=HIGH, message='Error has been generated. GL error GL_INVALID_OPERATION in (null): (ID: 3891749976) glGetUniformLocation- program 313, "" is not linked'
[17:09:41] [Render thread/WARN]: Shader supplementaries:spherify could not find uniform named Light1_Direction in the specified shader program.
[17:09:41] [Render thread/INFO]: OpenGL debug message: id=1282, source=API, type=ERROR, severity=HIGH, message='Error has been generated. GL error GL_INVALID_OPERATION in (null): (ID: 3891749976) glGetUniformLocation- program 313, "" is not linked'
[17:09:41] [Render thread/WARN]: Shader supplementaries:spherify could not find uniform named FogStart in the specified shader program.
[17:09:41] [Render thread/INFO]: OpenGL debug message: id=1282, source=API, type=ERROR, severity=HIGH, message='Error has been generated. GL error GL_INVALID_OPERATION in (null): (ID: 3891749976) glGetUniformLocation- program 313, "" is not linked'
[17:09:41] [Render thread/WARN]: Shader supplementaries:spherify could not find uniform named FogEnd in the specified shader program.
[17:09:41] [Render thread/INFO]: OpenGL debug message: id=1282, source=API, type=ERROR, severity=HIGH, message='Error has been generated. GL error GL_INVALID_OPERATION in (null): (ID: 3891749976) glGetUniformLocation- program 313, "" is not linked'
[17:09:41] [Render thread/WARN]: Shader supplementaries:spherify could not find uniform named FogColor in the specified shader program.
[17:09:41] [Render thread/INFO]: OpenGL debug message: id=1282, source=API, type=ERROR, severity=HIGH, message='Error has been generated. GL error GL_INVALID_OPERATION in (null): (ID: 3891749976) glGetUniformLocation- program 313, "" is not linked'
[17:09:41] [Render thread/WARN]: Shader supplementaries:spherify could not find uniform named FogShape in the specified shader program.
[17:09:41] [Render thread/INFO]: OpenGL debug message: id=1282, source=API, type=ERROR, severity=HIGH, message='Error has been generated. GL error GL_INVALID_OPERATION in (null): (ID: 3891749976) glGetUniformLocation- program 313, "" is not linked'
[17:09:41] [Render thread/WARN]: Shader supplementaries:spherify could not find uniform named NoiseSpeed in the specified shader program.
[17:09:41] [Render thread/INFO]: OpenGL debug message: id=1282, source=API, type=ERROR, severity=HIGH, message='Error has been generated. GL error GL_INVALID_OPERATION in (null): (ID: 3891749976) glGetUniformLocation- program 313, "" is not linked'
[17:09:41] [Render thread/WARN]: Shader supplementaries:spherify could not find uniform named NoiseScale in the specified shader program.
[17:09:41] [Render thread/INFO]: OpenGL debug message: id=1282, source=API, type=ERROR, severity=HIGH, message='Error has been generated. GL error GL_INVALID_OPERATION in (null): (ID: 3891749976) glGetUniformLocation- program 313, "" is not linked'
[17:09:41] [Render thread/WARN]: Shader supplementaries:spherify could not find uniform named Intensity in the specified shader program.
[17:09:41] [Render thread/INFO]: OpenGL debug message: id=1282, source=API, type=ERROR, severity=HIGH, message='Error has been generated. GL error GL_INVALID_OPERATION in (null): (ID: 3891749976) glGetUniformLocation- program 313, "" is not linked'
[17:09:41] [Render thread/WARN]: Shader supplementaries:spherify could not find uniform named CameraPos in the specified shader program.
[17:09:41] [Render thread/INFO]: OpenGL debug message: id=1, source=SHADER COMPILER, type=ERROR, severity=HIGH, message='SHADER_ID_LINK error has been generated. GLSL link failed for program 322, "": The  shader uses varying frag_IViewRotMat, but previous shader does not write to it.
Out of resource error.
'
[17:09:41] [Render thread/WARN]: Error encountered when linking program containing VS supplementaries:spherify and FS supplementaries:spherify. Log output:
[17:09:41] [Render thread/WARN]: The  shader uses varying frag_IViewRotMat, but previous shader does not write to it.
Out of resource error.

[17:09:41] [Render thread/INFO]: OpenGL debug message: id=1282, source=API, type=ERROR, severity=HIGH, message='Error has been generated. GL error GL_INVALID_OPERATION in (null): (ID: 3891749976) glGetUniformLocation- program 322, "" is not linked'
[17:09:41] [Render thread/INFO]: OpenGL debug message: id=1282, source=API, type=ERROR, severity=HIGH, message='Error has been generated. GL error GL_INVALID_OPERATION in (null): (ID: 3891749976) glGetUniformLocation- program 322, "" is not linked'
[17:09:41] [Render thread/INFO]: OpenGL debug message: id=1282, source=API, type=ERROR, severity=HIGH, message='Error has been generated. GL error GL_INVALID_OPERATION in (null): (ID: 3891749976) glGetUniformLocation- program 322, "" is not linked'
[17:09:41] [Render thread/INFO]: OpenGL debug message: id=1282, source=API, type=ERROR, severity=HIGH, message='Error has been generated. GL error GL_INVALID_OPERATION in (null): (ID: 3891749976) glGetUniformLocation- program 322, "" is not linked'
[17:09:41] [Render thread/WARN]: Shader supplementaries:spherify could not find sampler named Sampler0 in the specified shader program.
[17:09:41] [Render thread/INFO]: OpenGL debug message: id=1282, source=API, type=ERROR, severity=HIGH, message='Error has been generated. GL error GL_INVALID_OPERATION in (null): (ID: 3891749976) glGetUniformLocation- program 322, "" is not linked'
[17:09:41] [Render thread/WARN]: Shader supplementaries:spherify could not find sampler named Sampler1 in the specified shader program.
[17:09:41] [Render thread/INFO]: OpenGL debug message: id=1282, source=API, type=ERROR, severity=HIGH, message='Error has been generated. GL error GL_INVALID_OPERATION in (null): (ID: 3891749976) glGetUniformLocation- program 322, "" is not linked'
[17:09:41] [Render thread/WARN]: Shader supplementaries:spherify could not find sampler named Sampler2 in the specified shader program.
[17:09:41] [Render thread/INFO]: OpenGL debug message: id=1282, source=API, type=ERROR, severity=HIGH, message='Error has been generated. GL error GL_INVALID_OPERATION in (null): (ID: 3891749976) glGetUniformLocation- program 322, "" is not linked'
[17:09:41] [Render thread/WARN]: Shader supplementaries:spherify could not find uniform named ModelViewMat in the specified shader program.
[17:09:41] [Render thread/INFO]: OpenGL debug message: id=1282, source=API, type=ERROR, severity=HIGH, message='Error has been generated. GL error GL_INVALID_OPERATION in (null): (ID: 3891749976) glGetUniformLocation- program 322, "" is not linked'
[17:09:41] [Render thread/WARN]: Shader supplementaries:spherify could not find uniform named ProjMat in the specified shader program.
[17:09:41] [Render thread/INFO]: OpenGL debug message: id=1282, source=API, type=ERROR, severity=HIGH, message='Error has been generated. GL error GL_INVALID_OPERATION in (null): (ID: 3891749976) glGetUniformLocation- program 322, "" is not linked'
[17:09:41] [Render thread/WARN]: Shader supplementaries:spherify could not find uniform named IViewRotMat in the specified shader program.
[17:09:41] [Render thread/INFO]: OpenGL debug message: id=1282, source=API, type=ERROR, severity=HIGH, message='Error has been generated. GL error GL_INVALID_OPERATION in (null): (ID: 3891749976) glGetUniformLocation- program 322, "" is not linked'
[17:09:41] [Render thread/WARN]: Shader supplementaries:spherify could not find uniform named ColorModulator in the specified shader program.
[17:09:41] [Render thread/INFO]: OpenGL debug message: id=1282, source=API, type=ERROR, severity=HIGH, message='Error has been generated. GL error GL_INVALID_OPERATION in (null): (ID: 3891749976) glGetUniformLocation- program 322, "" is not linked'
[17:09:41] [Render thread/WARN]: Shader supplementaries:spherify could not find uniform named Light0_Direction in the specified shader program.
[17:09:41] [Render thread/INFO]: OpenGL debug message: id=1282, source=API, type=ERROR, severity=HIGH, message='Error has been generated. GL error GL_INVALID_OPERATION in (null): (ID: 3891749976) glGetUniformLocation- program 322, "" is not linked'
[17:09:41] [Render thread/WARN]: Shader supplementaries:spherify could not find uniform named Light1_Direction in the specified shader program.
[17:09:41] [Render thread/INFO]: OpenGL debug message: id=1282, source=API, type=ERROR, severity=HIGH, message='Error has been generated. GL error GL_INVALID_OPERATION in (null): (ID: 3891749976) glGetUniformLocation- program 322, "" is not linked'
[17:09:41] [Render thread/WARN]: Shader supplementaries:spherify could not find uniform named FogStart in the specified shader program.
[17:09:41] [Render thread/INFO]: OpenGL debug message: id=1282, source=API, type=ERROR, severity=HIGH, message='Error has been generated. GL error GL_INVALID_OPERATION in (null): (ID: 3891749976) glGetUniformLocation- program 322, "" is not linked'
[17:09:41] [Render thread/WARN]: Shader supplementaries:spherify could not find uniform named FogEnd in the specified shader program.
[17:09:41] [Render thread/INFO]: OpenGL debug message: id=1282, source=API, type=ERROR, severity=HIGH, message='Error has been generated. GL error GL_INVALID_OPERATION in (null): (ID: 3891749976) glGetUniformLocation- program 322, "" is not linked'
[17:09:41] [Render thread/WARN]: Shader supplementaries:spherify could not find uniform named FogColor in the specified shader program.
[17:09:41] [Render thread/INFO]: OpenGL debug message: id=1282, source=API, type=ERROR, severity=HIGH, message='Error has been generated. GL error GL_INVALID_OPERATION in (null): (ID: 3891749976) glGetUniformLocation- program 322, "" is not linked'
[17:09:41] [Render thread/WARN]: Shader supplementaries:spherify could not find uniform named FogShape in the specified shader program.
[17:09:41] [Render thread/INFO]: OpenGL debug message: id=1282, source=API, type=ERROR, severity=HIGH, message='Error has been generated. GL error GL_INVALID_OPERATION in (null): (ID: 3891749976) glGetUniformLocation- program 322, "" is not linked'
[17:09:41] [Render thread/WARN]: Shader supplementaries:spherify could not find uniform named NoiseSpeed in the specified shader program.
[17:09:41] [Render thread/INFO]: OpenGL debug message: id=1282, source=API, type=ERROR, severity=HIGH, message='Error has been generated. GL error GL_INVALID_OPERATION in (null): (ID: 3891749976) glGetUniformLocation- program 322, "" is not linked'
[17:09:41] [Render thread/WARN]: Shader supplementaries:spherify could not find uniform named NoiseScale in the specified shader program.
[17:09:41] [Render thread/INFO]: OpenGL debug message: id=1282, source=API, type=ERROR, severity=HIGH, message='Error has been generated. GL error GL_INVALID_OPERATION in (null): (ID: 3891749976) glGetUniformLocation- program 322, "" is not linked'
[17:09:41] [Render thread/WARN]: Shader supplementaries:spherify could not find uniform named Intensity in the specified shader program.
[17:09:41] [Render thread/INFO]: OpenGL debug message: id=1282, source=API, type=ERROR, severity=HIGH, message='Error has been generated. GL error GL_INVALID_OPERATION in (null): (ID: 3891749976) glGetUniformLocation- program 322, "" is not linked'
[17:09:41] [Render thread/WARN]: Shader supplementaries:spherify could not find uniform named CameraPos in the specified shader program.
[17:09:42] [Render thread/INFO]: OpenGL debug message: id=1, source=SHADER COMPILER, type=ERROR, severity=HIGH, message='SHADER_ID_LINK error has been generated. GLSL link failed for program 331, "": The  shader uses varying frag_IViewRotMat, but previous shader does not write to it.
Out of resource error.
'
[17:09:42] [Render thread/WARN]: Error encountered when linking program containing VS supplementaries:spherify and FS supplementaries:spherify. Log output:
[17:09:42] [Render thread/WARN]: The  shader uses varying frag_IViewRotMat, but previous shader does not write to it.
Out of resource error.

[17:09:42] [Render thread/INFO]: OpenGL debug message: id=1282, source=API, type=ERROR, severity=HIGH, message='Error has been generated. GL error GL_INVALID_OPERATION in (null): (ID: 3891749976) glGetUniformLocation- program 331, "" is not linked'
[17:09:42] [Render thread/INFO]: OpenGL debug message: id=1282, source=API, type=ERROR, severity=HIGH, message='Error has been generated. GL error GL_INVALID_OPERATION in (null): (ID: 3891749976) glGetUniformLocation- program 331, "" is not linked'
[17:09:42] [Render thread/INFO]: OpenGL debug message: id=1282, source=API, type=ERROR, severity=HIGH, message='Error has been generated. GL error GL_INVALID_OPERATION in (null): (ID: 3891749976) glGetUniformLocation- program 331, "" is not linked'
[17:09:42] [Render thread/INFO]: OpenGL debug message: id=1282, source=API, type=ERROR, severity=HIGH, message='Error has been generated. GL error GL_INVALID_OPERATION in (null): (ID: 3891749976) glGetUniformLocation- program 331, "" is not linked'
[17:09:42] [Render thread/WARN]: Shader supplementaries:spherify could not find sampler named Sampler0 in the specified shader program.
[17:09:42] [Render thread/INFO]: OpenGL debug message: id=1282, source=API, type=ERROR, severity=HIGH, message='Error has been generated. GL error GL_INVALID_OPERATION in (null): (ID: 3891749976) glGetUniformLocation- program 331, "" is not linked'
[17:09:42] [Render thread/WARN]: Shader supplementaries:spherify could not find sampler named Sampler1 in the specified shader program.
[17:09:42] [Render thread/INFO]: OpenGL debug message: id=1282, source=API, type=ERROR, severity=HIGH, message='Error has been generated. GL error GL_INVALID_OPERATION in (null): (ID: 3891749976) glGetUniformLocation- program 331, "" is not linked'
[17:09:42] [Render thread/WARN]: Shader supplementaries:spherify could not find sampler named Sampler2 in the specified shader program.
[17:09:42] [Render thread/INFO]: OpenGL debug message: id=1282, source=API, type=ERROR, severity=HIGH, message='Error has been generated. GL error GL_INVALID_OPERATION in (null): (ID: 3891749976) glGetUniformLocation- program 331, "" is not linked'
[17:09:42] [Render thread/WARN]: Shader supplementaries:spherify could not find uniform named ModelViewMat in the specified shader program.
[17:09:42] [Render thread/INFO]: OpenGL debug message: id=1282, source=API, type=ERROR, severity=HIGH, message='Error has been generated. GL error GL_INVALID_OPERATION in (null): (ID: 3891749976) glGetUniformLocation- program 331, "" is not linked'
[17:09:42] [Render thread/WARN]: Shader supplementaries:spherify could not find uniform named ProjMat in the specified shader program.
[17:09:42] [Render thread/INFO]: OpenGL debug message: id=1282, source=API, type=ERROR, severity=HIGH, message='Error has been generated. GL error GL_INVALID_OPERATION in (null): (ID: 3891749976) glGetUniformLocation- program 331, "" is not linked'
[17:09:42] [Render thread/WARN]: Shader supplementaries:spherify could not find uniform named IViewRotMat in the specified shader program.
[17:09:42] [Render thread/INFO]: OpenGL debug message: id=1282, source=API, type=ERROR, severity=HIGH, message='Error has been generated. GL error GL_INVALID_OPERATION in (null): (ID: 3891749976) glGetUniformLocation- program 331, "" is not linked'
[17:09:42] [Render thread/WARN]: Shader supplementaries:spherify could not find uniform named ColorModulator in the specified shader program.
[17:09:42] [Render thread/INFO]: OpenGL debug message: id=1282, source=API, type=ERROR, severity=HIGH, message='Error has been generated. GL error GL_INVALID_OPERATION in (null): (ID: 3891749976) glGetUniformLocation- program 331, "" is not linked'
[17:09:42] [Render thread/WARN]: Shader supplementaries:spherify could not find uniform named Light0_Direction in the specified shader program.
[17:09:42] [Render thread/INFO]: OpenGL debug message: id=1282, source=API, type=ERROR, severity=HIGH, message='Error has been generated. GL error GL_INVALID_OPERATION in (null): (ID: 3891749976) glGetUniformLocation- program 331, "" is not linked'
[17:09:42] [Render thread/WARN]: Shader supplementaries:spherify could not find uniform named Light1_Direction in the specified shader program.
[17:09:42] [Render thread/INFO]: OpenGL debug message: id=1282, source=API, type=ERROR, severity=HIGH, message='Error has been generated. GL error GL_INVALID_OPERATION in (null): (ID: 3891749976) glGetUniformLocation- program 331, "" is not linked'
[17:09:42] [Render thread/WARN]: Shader supplementaries:spherify could not find uniform named FogStart in the specified shader program.
[17:09:42] [Render thread/INFO]: OpenGL debug message: id=1282, source=API, type=ERROR, severity=HIGH, message='Error has been generated. GL error GL_INVALID_OPERATION in (null): (ID: 3891749976) glGetUniformLocation- program 331, "" is not linked'
[17:09:42] [Render thread/WARN]: Shader supplementaries:spherify could not find uniform named FogEnd in the specified shader program.
[17:09:42] [Render thread/INFO]: OpenGL debug message: id=1282, source=API, type=ERROR, severity=HIGH, message='Error has been generated. GL error GL_INVALID_OPERATION in (null): (ID: 3891749976) glGetUniformLocation- program 331, "" is not linked'
[17:09:42] [Render thread/WARN]: Shader supplementaries:spherify could not find uniform named FogColor in the specified shader program.
[17:09:42] [Render thread/INFO]: OpenGL debug message: id=1282, source=API, type=ERROR, severity=HIGH, message='Error has been generated. GL error GL_INVALID_OPERATION in (null): (ID: 3891749976) glGetUniformLocation- program 331, "" is not linked'
[17:09:42] [Render thread/WARN]: Shader supplementaries:spherify could not find uniform named FogShape in the specified shader program.
[17:09:42] [Render thread/INFO]: OpenGL debug message: id=1282, source=API, type=ERROR, severity=HIGH, message='Error has been generated. GL error GL_INVALID_OPERATION in (null): (ID: 3891749976) glGetUniformLocation- program 331, "" is not linked'
[17:09:42] [Render thread/WARN]: Shader supplementaries:spherify could not find uniform named NoiseSpeed in the specified shader program.
[17:09:42] [Render thread/INFO]: OpenGL debug message: id=1282, source=API, type=ERROR, severity=HIGH, message='Error has been generated. GL error GL_INVALID_OPERATION in (null): (ID: 3891749976) glGetUniformLocation- program 331, "" is not linked'
[17:09:42] [Render thread/WARN]: Shader supplementaries:spherify could not find uniform named NoiseScale in the specified shader program.
[17:09:42] [Render thread/INFO]: OpenGL debug message: id=1282, source=API, type=ERROR, severity=HIGH, message='Error has been generated. GL error GL_INVALID_OPERATION in (null): (ID: 3891749976) glGetUniformLocation- program 331, "" is not linked'
[17:09:42] [Render thread/WARN]: Shader supplementaries:spherify could not find uniform named Intensity in the specified shader program.
[17:09:42] [Render thread/INFO]: OpenGL debug message: id=1282, source=API, type=ERROR, severity=HIGH, message='Error has been generated. GL error GL_INVALID_OPERATION in (null): (ID: 3891749976) glGetUniformLocation- program 331, "" is not linked'
[17:09:42] [Render thread/WARN]: Shader supplementaries:spherify could not find uniform named CameraPos in the specified shader program.
[17:09:42] [Render thread/INFO]: OpenGL debug message: id=1, source=SHADER COMPILER, type=ERROR, severity=HIGH, message='SHADER_ID_LINK error has been generated. GLSL link failed for program 340, "": The  shader uses varying frag_IViewRotMat, but previous shader does not write to it.
Out of resource error.
'
[17:09:42] [Render thread/WARN]: Error encountered when linking program containing VS supplementaries:spherify and FS supplementaries:spherify. Log output:
[17:09:42] [Render thread/WARN]: The  shader uses varying frag_IViewRotMat, but previous shader does not write to it.
Out of resource error.

[17:09:42] [Render thread/INFO]: OpenGL debug message: id=1282, source=API, type=ERROR, severity=HIGH, message='Error has been generated. GL error GL_INVALID_OPERATION in (null): (ID: 3891749976) glGetUniformLocation- program 340, "" is not linked'
[17:09:42] [Render thread/INFO]: OpenGL debug message: id=1282, source=API, type=ERROR, severity=HIGH, message='Error has been generated. GL error GL_INVALID_OPERATION in (null): (ID: 3891749976) glGetUniformLocation- program 340, "" is not linked'
[17:09:42] [Render thread/INFO]: OpenGL debug message: id=1282, source=API, type=ERROR, severity=HIGH, message='Error has been generated. GL error GL_INVALID_OPERATION in (null): (ID: 3891749976) glGetUniformLocation- program 340, "" is not linked'
[17:09:42] [Render thread/INFO]: OpenGL debug message: id=1282, source=API, type=ERROR, severity=HIGH, message='Error has been generated. GL error GL_INVALID_OPERATION in (null): (ID: 3891749976) glGetUniformLocation- program 340, "" is not linked'
[17:09:42] [Render thread/WARN]: Shader supplementaries:spherify could not find sampler named Sampler0 in the specified shader program.
[17:09:42] [Render thread/INFO]: OpenGL debug message: id=1282, source=API, type=ERROR, severity=HIGH, message='Error has been generated. GL error GL_INVALID_OPERATION in (null): (ID: 3891749976) glGetUniformLocation- program 340, "" is not linked'
[17:09:42] [Render thread/WARN]: Shader supplementaries:spherify could not find sampler named Sampler1 in the specified shader program.
[17:09:42] [Render thread/INFO]: OpenGL debug message: id=1282, source=API, type=ERROR, severity=HIGH, message='Error has been generated. GL error GL_INVALID_OPERATION in (null): (ID: 3891749976) glGetUniformLocation- program 340, "" is not linked'
[17:09:42] [Render thread/WARN]: Shader supplementaries:spherify could not find sampler named Sampler2 in the specified shader program.
[17:09:42] [Render thread/INFO]: OpenGL debug message: id=1282, source=API, type=ERROR, severity=HIGH, message='Error has been generated. GL error GL_INVALID_OPERATION in (null): (ID: 3891749976) glGetUniformLocation- program 340, "" is not linked'
[17:09:42] [Render thread/WARN]: Shader supplementaries:spherify could not find uniform named ModelViewMat in the specified shader program.
[17:09:42] [Render thread/INFO]: OpenGL debug message: id=1282, source=API, type=ERROR, severity=HIGH, message='Error has been generated. GL error GL_INVALID_OPERATION in (null): (ID: 3891749976) glGetUniformLocation- program 340, "" is not linked'
[17:09:42] [Render thread/WARN]: Shader supplementaries:spherify could not find uniform named ProjMat in the specified shader program.
[17:09:42] [Render thread/INFO]: OpenGL debug message: id=1282, source=API, type=ERROR, severity=HIGH, message='Error has been generated. GL error GL_INVALID_OPERATION in (null): (ID: 3891749976) glGetUniformLocation- program 340, "" is not linked'
[17:09:42] [Render thread/WARN]: Shader supplementaries:spherify could not find uniform named IViewRotMat in the specified shader program.
[17:09:42] [Render thread/INFO]: OpenGL debug message: id=1282, source=API, type=ERROR, severity=HIGH, message='Error has been generated. GL error GL_INVALID_OPERATION in (null): (ID: 3891749976) glGetUniformLocation- program 340, "" is not linked'
[17:09:42] [Render thread/WARN]: Shader supplementaries:spherify could not find uniform named ColorModulator in the specified shader program.
[17:09:42] [Render thread/INFO]: OpenGL debug message: id=1282, source=API, type=ERROR, severity=HIGH, message='Error has been generated. GL error GL_INVALID_OPERATION in (null): (ID: 3891749976) glGetUniformLocation- program 340, "" is not linked'
[17:09:42] [Render thread/WARN]: Shader supplementaries:spherify could not find uniform named Light0_Direction in the specified shader program.
[17:09:42] [Render thread/INFO]: OpenGL debug message: id=1282, source=API, type=ERROR, severity=HIGH, message='Error has been generated. GL error GL_INVALID_OPERATION in (null): (ID: 3891749976) glGetUniformLocation- program 340, "" is not linked'
[17:09:42] [Render thread/WARN]: Shader supplementaries:spherify could not find uniform named Light1_Direction in the specified shader program.
[17:09:42] [Render thread/INFO]: OpenGL debug message: id=1282, source=API, type=ERROR, severity=HIGH, message='Error has been generated. GL error GL_INVALID_OPERATION in (null): (ID: 3891749976) glGetUniformLocation- program 340, "" is not linked'
[17:09:42] [Render thread/WARN]: Shader supplementaries:spherify could not find uniform named FogStart in the specified shader program.
[17:09:42] [Render thread/INFO]: OpenGL debug message: id=1282, source=API, type=ERROR, severity=HIGH, message='Error has been generated. GL error GL_INVALID_OPERATION in (null): (ID: 3891749976) glGetUniformLocation- program 340, "" is not linked'
[17:09:42] [Render thread/WARN]: Shader supplementaries:spherify could not find uniform named FogEnd in the specified shader program.
[17:09:42] [Render thread/INFO]: OpenGL debug message: id=1282, source=API, type=ERROR, severity=HIGH, message='Error has been generated. GL error GL_INVALID_OPERATION in (null): (ID: 3891749976) glGetUniformLocation- program 340, "" is not linked'
[17:09:42] [Render thread/WARN]: Shader supplementaries:spherify could not find uniform named FogColor in the specified shader program.
[17:09:42] [Render thread/INFO]: OpenGL debug message: id=1282, source=API, type=ERROR, severity=HIGH, message='Error has been generated. GL error GL_INVALID_OPERATION in (null): (ID: 3891749976) glGetUniformLocation- program 340, "" is not linked'
[17:09:42] [Render thread/WARN]: Shader supplementaries:spherify could not find uniform named FogShape in the specified shader program.
[17:09:42] [Render thread/INFO]: OpenGL debug message: id=1282, source=API, type=ERROR, severity=HIGH, message='Error has been generated. GL error GL_INVALID_OPERATION in (null): (ID: 3891749976) glGetUniformLocation- program 340, "" is not linked'
[17:09:42] [Render thread/WARN]: Shader supplementaries:spherify could not find uniform named NoiseSpeed in the specified shader program.
[17:09:42] [Render thread/INFO]: OpenGL debug message: id=1282, source=API, type=ERROR, severity=HIGH, message='Error has been generated. GL error GL_INVALID_OPERATION in (null): (ID: 3891749976) glGetUniformLocation- program 340, "" is not linked'
[17:09:42] [Render thread/WARN]: Shader supplementaries:spherify could not find uniform named NoiseScale in the specified shader program.
[17:09:42] [Render thread/INFO]: OpenGL debug message: id=1282, source=API, type=ERROR, severity=HIGH, message='Error has been generated. GL error GL_INVALID_OPERATION in (null): (ID: 3891749976) glGetUniformLocation- program 340, "" is not linked'
[17:09:42] [Render thread/WARN]: Shader supplementaries:spherify could not find uniform named Intensity in the specified shader program.
[17:09:42] [Render thread/INFO]: OpenGL debug message: id=1282, source=API, type=ERROR, severity=HIGH, message='Error has been generated. GL error GL_INVALID_OPERATION in (null): (ID: 3891749976) glGetUniformLocation- program 340, "" is not linked'
[17:09:42] [Render thread/WARN]: Shader supplementaries:spherify could not find uniform named CameraPos in the specified shader program.
[17:09:42] [Render thread/INFO]: OpenGL debug message: id=1, source=SHADER COMPILER, type=ERROR, severity=HIGH, message='SHADER_ID_LINK error has been generated. GLSL link failed for program 349, "": The  shader uses varying frag_IViewRotMat, but previous shader does not write to it.
Out of resource error.
'
[17:09:42] [Render thread/WARN]: Error encountered when linking program containing VS supplementaries:spherify and FS supplementaries:spherify. Log output:
[17:09:42] [Render thread/WARN]: The  shader uses varying frag_IViewRotMat, but previous shader does not write to it.
Out of resource error.

[17:09:42] [Render thread/INFO]: OpenGL debug message: id=1282, source=API, type=ERROR, severity=HIGH, message='Error has been generated. GL error GL_INVALID_OPERATION in (null): (ID: 3891749976) glGetUniformLocation- program 349, "" is not linked'
[17:09:42] [Render thread/INFO]: OpenGL debug message: id=1282, source=API, type=ERROR, severity=HIGH, message='Error has been generated. GL error GL_INVALID_OPERATION in (null): (ID: 3891749976) glGetUniformLocation- program 349, "" is not linked'
[17:09:42] [Render thread/INFO]: OpenGL debug message: id=1282, source=API, type=ERROR, severity=HIGH, message='Error has been generated. GL error GL_INVALID_OPERATION in (null): (ID: 3891749976) glGetUniformLocation- program 349, "" is not linked'
[17:09:42] [Render thread/INFO]: OpenGL debug message: id=1282, source=API, type=ERROR, severity=HIGH, message='Error has been generated. GL error GL_INVALID_OPERATION in (null): (ID: 3891749976) glGetUniformLocation- program 349, "" is not linked'
[17:09:42] [Render thread/WARN]: Shader supplementaries:spherify could not find sampler named Sampler0 in the specified shader program.
[17:09:42] [Render thread/INFO]: OpenGL debug message: id=1282, source=API, type=ERROR, severity=HIGH, message='Error has been generated. GL error GL_INVALID_OPERATION in (null): (ID: 3891749976) glGetUniformLocation- program 349, "" is not linked'
[17:09:42] [Render thread/WARN]: Shader supplementaries:spherify could not find sampler named Sampler1 in the specified shader program.
[17:09:42] [Render thread/INFO]: OpenGL debug message: id=1282, source=API, type=ERROR, severity=HIGH, message='Error has been generated. GL error GL_INVALID_OPERATION in (null): (ID: 3891749976) glGetUniformLocation- program 349, "" is not linked'
[17:09:42] [Render thread/WARN]: Shader supplementaries:spherify could not find sampler named Sampler2 in the specified shader program.
[17:09:42] [Render thread/INFO]: OpenGL debug message: id=1282, source=API, type=ERROR, severity=HIGH, message='Error has been generated. GL error GL_INVALID_OPERATION in (null): (ID: 3891749976) glGetUniformLocation- program 349, "" is not linked'
[17:09:42] [Render thread/WARN]: Shader supplementaries:spherify could not find uniform named ModelViewMat in the specified shader program.
[17:09:42] [Render thread/INFO]: OpenGL debug message: id=1282, source=API, type=ERROR, severity=HIGH, message='Error has been generated. GL error GL_INVALID_OPERATION in (null): (ID: 3891749976) glGetUniformLocation- program 349, "" is not linked'
[17:09:42] [Render thread/WARN]: Shader supplementaries:spherify could not find uniform named ProjMat in the specified shader program.
[17:09:42] [Render thread/INFO]: OpenGL debug message: id=1282, source=API, type=ERROR, severity=HIGH, message='Error has been generated. GL error GL_INVALID_OPERATION in (null): (ID: 3891749976) glGetUniformLocation- program 349, "" is not linked'
[17:09:42] [Render thread/WARN]: Shader supplementaries:spherify could not find uniform named IViewRotMat in the specified shader program.
[17:09:42] [Render thread/INFO]: OpenGL debug message: id=1282, source=API, type=ERROR, severity=HIGH, message='Error has been generated. GL error GL_INVALID_OPERATION in (null): (ID: 3891749976) glGetUniformLocation- program 349, "" is not linked'
[17:09:42] [Render thread/WARN]: Shader supplementaries:spherify could not find uniform named ColorModulator in the specified shader program.
[17:09:42] [Render thread/INFO]: OpenGL debug message: id=1282, source=API, type=ERROR, severity=HIGH, message='Error has been generated. GL error GL_INVALID_OPERATION in (null): (ID: 3891749976) glGetUniformLocation- program 349, "" is not linked'
[17:09:42] [Render thread/WARN]: Shader supplementaries:spherify could not find uniform named Light0_Direction in the specified shader program.
[17:09:42] [Render thread/INFO]: OpenGL debug message: id=1282, source=API, type=ERROR, severity=HIGH, message='Error has been generated. GL error GL_INVALID_OPERATION in (null): (ID: 3891749976) glGetUniformLocation- program 349, "" is not linked'
[17:09:42] [Render thread/WARN]: Shader supplementaries:spherify could not find uniform named Light1_Direction in the specified shader program.
[17:09:42] [Render thread/INFO]: OpenGL debug message: id=1282, source=API, type=ERROR, severity=HIGH, message='Error has been generated. GL error GL_INVALID_OPERATION in (null): (ID: 3891749976) glGetUniformLocation- program 349, "" is not linked'
[17:09:42] [Render thread/WARN]: Shader supplementaries:spherify could not find uniform named FogStart in the specified shader program.
[17:09:42] [Render thread/INFO]: OpenGL debug message: id=1282, source=API, type=ERROR, severity=HIGH, message='Error has been generated. GL error GL_INVALID_OPERATION in (null): (ID: 3891749976) glGetUniformLocation- program 349, "" is not linked'
[17:09:42] [Render thread/WARN]: Shader supplementaries:spherify could not find uniform named FogEnd in the specified shader program.
[17:09:42] [Render thread/INFO]: OpenGL debug message: id=1282, source=API, type=ERROR, severity=HIGH, message='Error has been generated. GL error GL_INVALID_OPERATION in (null): (ID: 3891749976) glGetUniformLocation- program 349, "" is not linked'
[17:09:42] [Render thread/WARN]: Shader supplementaries:spherify could not find uniform named FogColor in the specified shader program.
[17:09:42] [Render thread/INFO]: OpenGL debug message: id=1282, source=API, type=ERROR, severity=HIGH, message='Error has been generated. GL error GL_INVALID_OPERATION in (null): (ID: 3891749976) glGetUniformLocation- program 349, "" is not linked'
[17:09:42] [Render thread/WARN]: Shader supplementaries:spherify could not find uniform named FogShape in the specified shader program.
[17:09:42] [Render thread/INFO]: OpenGL debug message: id=1282, source=API, type=ERROR, severity=HIGH, message='Error has been generated. GL error GL_INVALID_OPERATION in (null): (ID: 3891749976) glGetUniformLocation- program 349, "" is not linked'
[17:09:42] [Render thread/WARN]: Shader supplementaries:spherify could not find uniform named NoiseSpeed in the specified shader program.
[17:09:42] [Render thread/INFO]: OpenGL debug message: id=1282, source=API, type=ERROR, severity=HIGH, message='Error has been generated. GL error GL_INVALID_OPERATION in (null): (ID: 3891749976) glGetUniformLocation- program 349, "" is not linked'
[17:09:42] [Render thread/WARN]: Shader supplementaries:spherify could not find uniform named NoiseScale in the specified shader program.
[17:09:42] [Render thread/INFO]: OpenGL debug message: id=1282, source=API, type=ERROR, severity=HIGH, message='Error has been generated. GL error GL_INVALID_OPERATION in (null): (ID: 3891749976) glGetUniformLocation- program 349, "" is not linked'
[17:09:42] [Render thread/WARN]: Shader supplementaries:spherify could not find uniform named Intensity in the specified shader program.
[17:09:42] [Render thread/INFO]: OpenGL debug message: id=1282, source=API, type=ERROR, severity=HIGH, message='Error has been generated. GL error GL_INVALID_OPERATION in (null): (ID: 3891749976) glGetUniformLocation- program 349, "" is not linked'
[17:09:42] [Render thread/WARN]: Shader supplementaries:spherify could not find uniform named CameraPos in the specified shader program.
[17:09:42] [Render thread/INFO]: OpenGL debug message: id=1, source=SHADER COMPILER, type=ERROR, severity=HIGH, message='SHADER_ID_LINK error has been generated. GLSL link failed for program 358, "": The  shader uses varying frag_IViewRotMat, but previous shader does not write to it.
Out of resource error.
'
[17:09:42] [Render thread/WARN]: Error encountered when linking program containing VS supplementaries:spherify and FS supplementaries:spherify. Log output:
[17:09:42] [Render thread/WARN]: The  shader uses varying frag_IViewRotMat, but previous shader does not write to it.
Out of resource error.

[17:09:42] [Render thread/INFO]: OpenGL debug message: id=1282, source=API, type=ERROR, severity=HIGH, message='Error has been generated. GL error GL_INVALID_OPERATION in (null): (ID: 3891749976) glGetUniformLocation- program 358, "" is not linked'
[17:09:42] [Render thread/INFO]: OpenGL debug message: id=1282, source=API, type=ERROR, severity=HIGH, message='Error has been generated. GL error GL_INVALID_OPERATION in (null): (ID: 3891749976) glGetUniformLocation- program 358, "" is not linked'
[17:09:42] [Render thread/INFO]: OpenGL debug message: id=1282, source=API, type=ERROR, severity=HIGH, message='Error has been generated. GL error GL_INVALID_OPERATION in (null): (ID: 3891749976) glGetUniformLocation- program 358, "" is not linked'
[17:09:42] [Render thread/INFO]: OpenGL debug message: id=1282, source=API, type=ERROR, severity=HIGH, message='Error has been generated. GL error GL_INVALID_OPERATION in (null): (ID: 3891749976) glGetUniformLocation- program 358, "" is not linked'
[17:09:42] [Render thread/WARN]: Shader supplementaries:spherify could not find sampler named Sampler0 in the specified shader program.
[17:09:42] [Render thread/INFO]: OpenGL debug message: id=1282, source=API, type=ERROR, severity=HIGH, message='Error has been generated. GL error GL_INVALID_OPERATION in (null): (ID: 3891749976) glGetUniformLocation- program 358, "" is not linked'
[17:09:42] [Render thread/WARN]: Shader supplementaries:spherify could not find sampler named Sampler1 in the specified shader program.
[17:09:42] [Render thread/INFO]: OpenGL debug message: id=1282, source=API, type=ERROR, severity=HIGH, message='Error has been generated. GL error GL_INVALID_OPERATION in (null): (ID: 3891749976) glGetUniformLocation- program 358, "" is not linked'
[17:09:42] [Render thread/WARN]: Shader supplementaries:spherify could not find sampler named Sampler2 in the specified shader program.
[17:09:42] [Render thread/INFO]: OpenGL debug message: id=1282, source=API, type=ERROR, severity=HIGH, message='Error has been generated. GL error GL_INVALID_OPERATION in (null): (ID: 3891749976) glGetUniformLocation- program 358, "" is not linked'
[17:09:42] [Render thread/WARN]: Shader supplementaries:spherify could not find uniform named ModelViewMat in the specified shader program.
[17:09:42] [Render thread/INFO]: OpenGL debug message: id=1282, source=API, type=ERROR, severity=HIGH, message='Error has been generated. GL error GL_INVALID_OPERATION in (null): (ID: 3891749976) glGetUniformLocation- program 358, "" is not linked'
[17:09:42] [Render thread/WARN]: Shader supplementaries:spherify could not find uniform named ProjMat in the specified shader program.
[17:09:42] [Render thread/INFO]: OpenGL debug message: id=1282, source=API, type=ERROR, severity=HIGH, message='Error has been generated. GL error GL_INVALID_OPERATION in (null): (ID: 3891749976) glGetUniformLocation- program 358, "" is not linked'
[17:09:42] [Render thread/WARN]: Shader supplementaries:spherify could not find uniform named IViewRotMat in the specified shader program.
[17:09:42] [Render thread/INFO]: OpenGL debug message: id=1282, source=API, type=ERROR, severity=HIGH, message='Error has been generated. GL error GL_INVALID_OPERATION in (null): (ID: 3891749976) glGetUniformLocation- program 358, "" is not linked'
[17:09:42] [Render thread/WARN]: Shader supplementaries:spherify could not find uniform named ColorModulator in the specified shader program.
[17:09:42] [Render thread/INFO]: OpenGL debug message: id=1282, source=API, type=ERROR, severity=HIGH, message='Error has been generated. GL error GL_INVALID_OPERATION in (null): (ID: 3891749976) glGetUniformLocation- program 358, "" is not linked'
[17:09:42] [Render thread/WARN]: Shader supplementaries:spherify could not find uniform named Light0_Direction in the specified shader program.
[17:09:42] [Render thread/INFO]: OpenGL debug message: id=1282, source=API, type=ERROR, severity=HIGH, message='Error has been generated. GL error GL_INVALID_OPERATION in (null): (ID: 3891749976) glGetUniformLocation- program 358, "" is not linked'
[17:09:42] [Render thread/WARN]: Shader supplementaries:spherify could not find uniform named Light1_Direction in the specified shader program.
[17:09:42] [Render thread/INFO]: OpenGL debug message: id=1282, source=API, type=ERROR, severity=HIGH, message='Error has been generated. GL error GL_INVALID_OPERATION in (null): (ID: 3891749976) glGetUniformLocation- program 358, "" is not linked'
[17:09:42] [Render thread/WARN]: Shader supplementaries:spherify could not find uniform named FogStart in the specified shader program.
[17:09:42] [Render thread/INFO]: OpenGL debug message: id=1282, source=API, type=ERROR, severity=HIGH, message='Error has been generated. GL error GL_INVALID_OPERATION in (null): (ID: 3891749976) glGetUniformLocation- program 358, "" is not linked'
[17:09:42] [Render thread/WARN]: Shader supplementaries:spherify could not find uniform named FogEnd in the specified shader program.
[17:09:42] [Render thread/INFO]: OpenGL debug message: id=1282, source=API, type=ERROR, severity=HIGH, message='Error has been generated. GL error GL_INVALID_OPERATION in (null): (ID: 3891749976) glGetUniformLocation- program 358, "" is not linked'
[17:09:42] [Render thread/WARN]: Shader supplementaries:spherify could not find uniform named FogColor in the specified shader program.
[17:09:42] [Render thread/INFO]: OpenGL debug message: id=1282, source=API, type=ERROR, severity=HIGH, message='Error has been generated. GL error GL_INVALID_OPERATION in (null): (ID: 3891749976) glGetUniformLocation- program 358, "" is not linked'
[17:09:42] [Render thread/WARN]: Shader supplementaries:spherify could not find uniform named FogShape in the specified shader program.
[17:09:42] [Render thread/INFO]: OpenGL debug message: id=1282, source=API, type=ERROR, severity=HIGH, message='Error has been generated. GL error GL_INVALID_OPERATION in (null): (ID: 3891749976) glGetUniformLocation- program 358, "" is not linked'
[17:09:42] [Render thread/WARN]: Shader supplementaries:spherify could not find uniform named NoiseSpeed in the specified shader program.
[17:09:42] [Render thread/INFO]: OpenGL debug message: id=1282, source=API, type=ERROR, severity=HIGH, message='Error has been generated. GL error GL_INVALID_OPERATION in (null): (ID: 3891749976) glGetUniformLocation- program 358, "" is not linked'
[17:09:42] [Render thread/WARN]: Shader supplementaries:spherify could not find uniform named NoiseScale in the specified shader program.
[17:09:42] [Render thread/INFO]: OpenGL debug message: id=1282, source=API, type=ERROR, severity=HIGH, message='Error has been generated. GL error GL_INVALID_OPERATION in (null): (ID: 3891749976) glGetUniformLocation- program 358, "" is not linked'
[17:09:42] [Render thread/WARN]: Shader supplementaries:spherify could not find uniform named Intensity in the specified shader program.
[17:09:42] [Render thread/INFO]: OpenGL debug message: id=1282, source=API, type=ERROR, severity=HIGH, message='Error has been generated. GL error GL_INVALID_OPERATION in (null): (ID: 3891749976) glGetUniformLocation- program 358, "" is not linked'
[17:09:42] [Render thread/WARN]: Shader supplementaries:spherify could not find uniform named CameraPos in the specified shader program.
[17:09:43] [Render thread/INFO]: OpenGL debug message: id=1, source=SHADER COMPILER, type=ERROR, severity=HIGH, message='SHADER_ID_LINK error has been generated. GLSL link failed for program 367, "": The  shader uses varying frag_IViewRotMat, but previous shader does not write to it.
Out of resource error.
'
[17:09:43] [Render thread/WARN]: Error encountered when linking program containing VS supplementaries:spherify and FS supplementaries:spherify. Log output:
[17:09:43] [Render thread/WARN]: The  shader uses varying frag_IViewRotMat, but previous shader does not write to it.
Out of resource error.

[17:09:43] [Render thread/INFO]: OpenGL debug message: id=1282, source=API, type=ERROR, severity=HIGH, message='Error has been generated. GL error GL_INVALID_OPERATION in (null): (ID: 3891749976) glGetUniformLocation- program 367, "" is not linked'
[17:09:43] [Render thread/INFO]: OpenGL debug message: id=1282, source=API, type=ERROR, severity=HIGH, message='Error has been generated. GL error GL_INVALID_OPERATION in (null): (ID: 3891749976) glGetUniformLocation- program 367, "" is not linked'
[17:09:43] [Render thread/INFO]: OpenGL debug message: id=1282, source=API, type=ERROR, severity=HIGH, message='Error has been generated. GL error GL_INVALID_OPERATION in (null): (ID: 3891749976) glGetUniformLocation- program 367, "" is not linked'
[17:09:43] [Render thread/INFO]: OpenGL debug message: id=1282, source=API, type=ERROR, severity=HIGH, message='Error has been generated. GL error GL_INVALID_OPERATION in (null): (ID: 3891749976) glGetUniformLocation- program 367, "" is not linked'
[17:09:43] [Render thread/WARN]: Shader supplementaries:spherify could not find sampler named Sampler0 in the specified shader program.
[17:09:43] [Render thread/INFO]: OpenGL debug message: id=1282, source=API, type=ERROR, severity=HIGH, message='Error has been generated. GL error GL_INVALID_OPERATION in (null): (ID: 3891749976) glGetUniformLocation- program 367, "" is not linked'
[17:09:43] [Render thread/WARN]: Shader supplementaries:spherify could not find sampler named Sampler1 in the specified shader program.
[17:09:43] [Render thread/INFO]: OpenGL debug message: id=1282, source=API, type=ERROR, severity=HIGH, message='Error has been generated. GL error GL_INVALID_OPERATION in (null): (ID: 3891749976) glGetUniformLocation- program 367, "" is not linked'
[17:09:43] [Render thread/WARN]: Shader supplementaries:spherify could not find sampler named Sampler2 in the specified shader program.
[17:09:43] [Render thread/INFO]: OpenGL debug message: id=1282, source=API, type=ERROR, severity=HIGH, message='Error has been generated. GL error GL_INVALID_OPERATION in (null): (ID: 3891749976) glGetUniformLocation- program 367, "" is not linked'
[17:09:43] [Render thread/WARN]: Shader supplementaries:spherify could not find uniform named ModelViewMat in the specified shader program.
[17:09:43] [Render thread/INFO]: OpenGL debug message: id=1282, source=API, type=ERROR, severity=HIGH, message='Error has been generated. GL error GL_INVALID_OPERATION in (null): (ID: 3891749976) glGetUniformLocation- program 367, "" is not linked'
[17:09:43] [Render thread/WARN]: Shader supplementaries:spherify could not find uniform named ProjMat in the specified shader program.
[17:09:43] [Render thread/INFO]: OpenGL debug message: id=1282, source=API, type=ERROR, severity=HIGH, message='Error has been generated. GL error GL_INVALID_OPERATION in (null): (ID: 3891749976) glGetUniformLocation- program 367, "" is not linked'
[17:09:43] [Render thread/WARN]: Shader supplementaries:spherify could not find uniform named IViewRotMat in the specified shader program.
[17:09:43] [Render thread/INFO]: OpenGL debug message: id=1282, source=API, type=ERROR, severity=HIGH, message='Error has been generated. GL error GL_INVALID_OPERATION in (null): (ID: 3891749976) glGetUniformLocation- program 367, "" is not linked'
[17:09:43] [Render thread/WARN]: Shader supplementaries:spherify could not find uniform named ColorModulator in the specified shader program.
[17:09:43] [Render thread/INFO]: OpenGL debug message: id=1282, source=API, type=ERROR, severity=HIGH, message='Error has been generated. GL error GL_INVALID_OPERATION in (null): (ID: 3891749976) glGetUniformLocation- program 367, "" is not linked'
[17:09:43] [Render thread/WARN]: Shader supplementaries:spherify could not find uniform named Light0_Direction in the specified shader program.
[17:09:43] [Render thread/INFO]: OpenGL debug message: id=1282, source=API, type=ERROR, severity=HIGH, message='Error has been generated. GL error GL_INVALID_OPERATION in (null): (ID: 3891749976) glGetUniformLocation- program 367, "" is not linked'
[17:09:43] [Render thread/WARN]: Shader supplementaries:spherify could not find uniform named Light1_Direction in the specified shader program.
[17:09:43] [Render thread/INFO]: OpenGL debug message: id=1282, source=API, type=ERROR, severity=HIGH, message='Error has been generated. GL error GL_INVALID_OPERATION in (null): (ID: 3891749976) glGetUniformLocation- program 367, "" is not linked'
[17:09:43] [Render thread/WARN]: Shader supplementaries:spherify could not find uniform named FogStart in the specified shader program.
[17:09:43] [Render thread/INFO]: OpenGL debug message: id=1282, source=API, type=ERROR, severity=HIGH, message='Error has been generated. GL error GL_INVALID_OPERATION in (null): (ID: 3891749976) glGetUniformLocation- program 367, "" is not linked'
[17:09:43] [Render thread/WARN]: Shader supplementaries:spherify could not find uniform named FogEnd in the specified shader program.
[17:09:43] [Render thread/INFO]: OpenGL debug message: id=1282, source=API, type=ERROR, severity=HIGH, message='Error has been generated. GL error GL_INVALID_OPERATION in (null): (ID: 3891749976) glGetUniformLocation- program 367, "" is not linked'
[17:09:43] [Render thread/WARN]: Shader supplementaries:spherify could not find uniform named FogColor in the specified shader program.
[17:09:43] [Render thread/INFO]: OpenGL debug message: id=1282, source=API, type=ERROR, severity=HIGH, message='Error has been generated. GL error GL_INVALID_OPERATION in (null): (ID: 3891749976) glGetUniformLocation- program 367, "" is not linked'
[17:09:43] [Render thread/WARN]: Shader supplementaries:spherify could not find uniform named FogShape in the specified shader program.
[17:09:43] [Render thread/INFO]: OpenGL debug message: id=1282, source=API, type=ERROR, severity=HIGH, message='Error has been generated. GL error GL_INVALID_OPERATION in (null): (ID: 3891749976) glGetUniformLocation- program 367, "" is not linked'
[17:09:43] [Render thread/WARN]: Shader supplementaries:spherify could not find uniform named NoiseSpeed in the specified shader program.
[17:09:43] [Render thread/INFO]: OpenGL debug message: id=1282, source=API, type=ERROR, severity=HIGH, message='Error has been generated. GL error GL_INVALID_OPERATION in (null): (ID: 3891749976) glGetUniformLocation- program 367, "" is not linked'
[17:09:43] [Render thread/WARN]: Shader supplementaries:spherify could not find uniform named NoiseScale in the specified shader program.
[17:09:43] [Render thread/INFO]: OpenGL debug message: id=1282, source=API, type=ERROR, severity=HIGH, message='Error has been generated. GL error GL_INVALID_OPERATION in (null): (ID: 3891749976) glGetUniformLocation- program 367, "" is not linked'
[17:09:43] [Render thread/WARN]: Shader supplementaries:spherify could not find uniform named Intensity in the specified shader program.
[17:09:43] [Render thread/INFO]: OpenGL debug message: id=1282, source=API, type=ERROR, severity=HIGH, message='Error has been generated. GL error GL_INVALID_OPERATION in (null): (ID: 3891749976) glGetUniformLocation- program 367, "" is not linked'
[17:09:43] [Render thread/WARN]: Shader supplementaries:spherify could not find uniform named CameraPos in the specified shader program.
[17:09:43] [Render thread/INFO]: OpenGL debug message: id=1, source=SHADER COMPILER, type=ERROR, severity=HIGH, message='SHADER_ID_LINK error has been generated. GLSL link failed for program 376, "": The  shader uses varying frag_IViewRotMat, but previous shader does not write to it.
Out of resource error.
'
[17:09:43] [Render thread/WARN]: Error encountered when linking program containing VS supplementaries:spherify and FS supplementaries:spherify. Log output:
[17:09:43] [Render thread/WARN]: The  shader uses varying frag_IViewRotMat, but previous shader does not write to it.
Out of resource error.

[17:09:43] [Render thread/INFO]: OpenGL debug message: id=1282, source=API, type=ERROR, severity=HIGH, message='Error has been generated. GL error GL_INVALID_OPERATION in (null): (ID: 3891749976) glGetUniformLocation- program 376, "" is not linked'
[17:09:43] [Render thread/INFO]: OpenGL debug message: id=1282, source=API, type=ERROR, severity=HIGH, message='Error has been generated. GL error GL_INVALID_OPERATION in (null): (ID: 3891749976) glGetUniformLocation- program 376, "" is not linked'
[17:09:43] [Render thread/INFO]: OpenGL debug message: id=1282, source=API, type=ERROR, severity=HIGH, message='Error has been generated. GL error GL_INVALID_OPERATION in (null): (ID: 3891749976) glGetUniformLocation- program 376, "" is not linked'
[17:09:43] [Render thread/INFO]: OpenGL debug message: id=1282, source=API, type=ERROR, severity=HIGH, message='Error has been generated. GL error GL_INVALID_OPERATION in (null): (ID: 3891749976) glGetUniformLocation- program 376, "" is not linked'
[17:09:43] [Render thread/WARN]: Shader supplementaries:spherify could not find sampler named Sampler0 in the specified shader program.
[17:09:43] [Render thread/INFO]: OpenGL debug message: id=1282, source=API, type=ERROR, severity=HIGH, message='Error has been generated. GL error GL_INVALID_OPERATION in (null): (ID: 3891749976) glGetUniformLocation- program 376, "" is not linked'
[17:09:43] [Render thread/WARN]: Shader supplementaries:spherify could not find sampler named Sampler1 in the specified shader program.
[17:09:43] [Render thread/INFO]: OpenGL debug message: id=1282, source=API, type=ERROR, severity=HIGH, message='Error has been generated. GL error GL_INVALID_OPERATION in (null): (ID: 3891749976) glGetUniformLocation- program 376, "" is not linked'
[17:09:43] [Render thread/WARN]: Shader supplementaries:spherify could not find sampler named Sampler2 in the specified shader program.
[17:09:43] [Render thread/INFO]: OpenGL debug message: id=1282, source=API, type=ERROR, severity=HIGH, message='Error has been generated. GL error GL_INVALID_OPERATION in (null): (ID: 3891749976) glGetUniformLocation- program 376, "" is not linked'
[17:09:43] [Render thread/WARN]: Shader supplementaries:spherify could not find uniform named ModelViewMat in the specified shader program.
[17:09:43] [Render thread/INFO]: OpenGL debug message: id=1282, source=API, type=ERROR, severity=HIGH, message='Error has been generated. GL error GL_INVALID_OPERATION in (null): (ID: 3891749976) glGetUniformLocation- program 376, "" is not linked'
[17:09:43] [Render thread/WARN]: Shader supplementaries:spherify could not find uniform named ProjMat in the specified shader program.
[17:09:43] [Render thread/INFO]: OpenGL debug message: id=1282, source=API, type=ERROR, severity=HIGH, message='Error has been generated. GL error GL_INVALID_OPERATION in (null): (ID: 3891749976) glGetUniformLocation- program 376, "" is not linked'
[17:09:43] [Render thread/WARN]: Shader supplementaries:spherify could not find uniform named IViewRotMat in the specified shader program.
[17:09:43] [Render thread/INFO]: OpenGL debug message: id=1282, source=API, type=ERROR, severity=HIGH, message='Error has been generated. GL error GL_INVALID_OPERATION in (null): (ID: 3891749976) glGetUniformLocation- program 376, "" is not linked'
[17:09:43] [Render thread/WARN]: Shader supplementaries:spherify could not find uniform named ColorModulator in the specified shader program.
[17:09:43] [Render thread/INFO]: OpenGL debug message: id=1282, source=API, type=ERROR, severity=HIGH, message='Error has been generated. GL error GL_INVALID_OPERATION in (null): (ID: 3891749976) glGetUniformLocation- program 376, "" is not linked'
[17:09:43] [Render thread/WARN]: Shader supplementaries:spherify could not find uniform named Light0_Direction in the specified shader program.
[17:09:43] [Render thread/INFO]: OpenGL debug message: id=1282, source=API, type=ERROR, severity=HIGH, message='Error has been generated. GL error GL_INVALID_OPERATION in (null): (ID: 3891749976) glGetUniformLocation- program 376, "" is not linked'
[17:09:43] [Render thread/WARN]: Shader supplementaries:spherify could not find uniform named Light1_Direction in the specified shader program.
[17:09:43] [Render thread/INFO]: OpenGL debug message: id=1282, source=API, type=ERROR, severity=HIGH, message='Error has been generated. GL error GL_INVALID_OPERATION in (null): (ID: 3891749976) glGetUniformLocation- program 376, "" is not linked'
[17:09:43] [Render thread/WARN]: Shader supplementaries:spherify could not find uniform named FogStart in the specified shader program.
[17:09:43] [Render thread/INFO]: OpenGL debug message: id=1282, source=API, type=ERROR, severity=HIGH, message='Error has been generated. GL error GL_INVALID_OPERATION in (null): (ID: 3891749976) glGetUniformLocation- program 376, "" is not linked'
[17:09:43] [Render thread/WARN]: Shader supplementaries:spherify could not find uniform named FogEnd in the specified shader program.
[17:09:43] [Render thread/INFO]: OpenGL debug message: id=1282, source=API, type=ERROR, severity=HIGH, message='Error has been generated. GL error GL_INVALID_OPERATION in (null): (ID: 3891749976) glGetUniformLocation- program 376, "" is not linked'
[17:09:43] [Render thread/WARN]: Shader supplementaries:spherify could not find uniform named FogColor in the specified shader program.
[17:09:43] [Render thread/INFO]: OpenGL debug message: id=1282, source=API, type=ERROR, severity=HIGH, message='Error has been generated. GL error GL_INVALID_OPERATION in (null): (ID: 3891749976) glGetUniformLocation- program 376, "" is not linked'
[17:09:43] [Render thread/WARN]: Shader supplementaries:spherify could not find uniform named FogShape in the specified shader program.
[17:09:43] [Render thread/INFO]: OpenGL debug message: id=1282, source=API, type=ERROR, severity=HIGH, message='Error has been generated. GL error GL_INVALID_OPERATION in (null): (ID: 3891749976) glGetUniformLocation- program 376, "" is not linked'
[17:09:43] [Render thread/WARN]: Shader supplementaries:spherify could not find uniform named NoiseSpeed in the specified shader program.
[17:09:43] [Render thread/INFO]: OpenGL debug message: id=1282, source=API, type=ERROR, severity=HIGH, message='Error has been generated. GL error GL_INVALID_OPERATION in (null): (ID: 3891749976) glGetUniformLocation- program 376, "" is not linked'
[17:09:43] [Render thread/WARN]: Shader supplementaries:spherify could not find uniform named NoiseScale in the specified shader program.
[17:09:43] [Render thread/INFO]: OpenGL debug message: id=1282, source=API, type=ERROR, severity=HIGH, message='Error has been generated. GL error GL_INVALID_OPERATION in (null): (ID: 3891749976) glGetUniformLocation- program 376, "" is not linked'
[17:09:43] [Render thread/WARN]: Shader supplementaries:spherify could not find uniform named Intensity in the specified shader program.
[17:09:43] [Render thread/INFO]: OpenGL debug message: id=1282, source=API, type=ERROR, severity=HIGH, message='Error has been generated. GL error GL_INVALID_OPERATION in (null): (ID: 3891749976) glGetUniformLocation- program 376, "" is not linked'
[17:09:43] [Render thread/WARN]: Shader supplementaries:spherify could not find uniform named CameraPos in the specified shader program.
[17:09:43] [Render thread/INFO]: OpenGL debug message: id=1, source=SHADER COMPILER, type=ERROR, severity=HIGH, message='SHADER_ID_LINK error has been generated. GLSL link failed for program 385, "": The  shader uses varying frag_IViewRotMat, but previous shader does not write to it.
Out of resource error.
'
[17:09:43] [Render thread/WARN]: Error encountered when linking program containing VS supplementaries:spherify and FS supplementaries:spherify. Log output:
[17:09:43] [Render thread/WARN]: The  shader uses varying frag_IViewRotMat, but previous shader does not write to it.
Out of resource error.

[17:09:43] [Render thread/INFO]: OpenGL debug message: id=1282, source=API, type=ERROR, severity=HIGH, message='Error has been generated. GL error GL_INVALID_OPERATION in (null): (ID: 3891749976) glGetUniformLocation- program 385, "" is not linked'
[17:09:43] [Render thread/INFO]: OpenGL debug message: id=1282, source=API, type=ERROR, severity=HIGH, message='Error has been generated. GL error GL_INVALID_OPERATION in (null): (ID: 3891749976) glGetUniformLocation- program 385, "" is not linked'
[17:09:43] [Render thread/INFO]: OpenGL debug message: id=1282, source=API, type=ERROR, severity=HIGH, message='Error has been generated. GL error GL_INVALID_OPERATION in (null): (ID: 3891749976) glGetUniformLocation- program 385, "" is not linked'
[17:09:43] [Render thread/INFO]: OpenGL debug message: id=1282, source=API, type=ERROR, severity=HIGH, message='Error has been generated. GL error GL_INVALID_OPERATION in (null): (ID: 3891749976) glGetUniformLocation- program 385, "" is not linked'
[17:09:43] [Render thread/WARN]: Shader supplementaries:spherify could not find sampler named Sampler0 in the specified shader program.
[17:09:43] [Render thread/INFO]: OpenGL debug message: id=1282, source=API, type=ERROR, severity=HIGH, message='Error has been generated. GL error GL_INVALID_OPERATION in (null): (ID: 3891749976) glGetUniformLocation- program 385, "" is not linked'
[17:09:43] [Render thread/WARN]: Shader supplementaries:spherify could not find sampler named Sampler1 in the specified shader program.
[17:09:43] [Render thread/INFO]: OpenGL debug message: id=1282, source=API, type=ERROR, severity=HIGH, message='Error has been generated. GL error GL_INVALID_OPERATION in (null): (ID: 3891749976) glGetUniformLocation- program 385, "" is not linked'
[17:09:43] [Render thread/WARN]: Shader supplementaries:spherify could not find sampler named Sampler2 in the specified shader program.
[17:09:43] [Render thread/INFO]: OpenGL debug message: id=1282, source=API, type=ERROR, severity=HIGH, message='Error has been generated. GL error GL_INVALID_OPERATION in (null): (ID: 3891749976) glGetUniformLocation- program 385, "" is not linked'
[17:09:43] [Render thread/WARN]: Shader supplementaries:spherify could not find uniform named ModelViewMat in the specified shader program.
[17:09:43] [Render thread/INFO]: OpenGL debug message: id=1282, source=API, type=ERROR, severity=HIGH, message='Error has been generated. GL error GL_INVALID_OPERATION in (null): (ID: 3891749976) glGetUniformLocation- program 385, "" is not linked'
[17:09:43] [Render thread/WARN]: Shader supplementaries:spherify could not find uniform named ProjMat in the specified shader program.
[17:09:43] [Render thread/INFO]: OpenGL debug message: id=1282, source=API, type=ERROR, severity=HIGH, message='Error has been generated. GL error GL_INVALID_OPERATION in (null): (ID: 3891749976) glGetUniformLocation- program 385, "" is not linked'
[17:09:43] [Render thread/WARN]: Shader supplementaries:spherify could not find uniform named IViewRotMat in the specified shader program.
[17:09:43] [Render thread/INFO]: OpenGL debug message: id=1282, source=API, type=ERROR, severity=HIGH, message='Error has been generated. GL error GL_INVALID_OPERATION in (null): (ID: 3891749976) glGetUniformLocation- program 385, "" is not linked'
[17:09:43] [Render thread/WARN]: Shader supplementaries:spherify could not find uniform named ColorModulator in the specified shader program.
[17:09:43] [Render thread/INFO]: OpenGL debug message: id=1282, source=API, type=ERROR, severity=HIGH, message='Error has been generated. GL error GL_INVALID_OPERATION in (null): (ID: 3891749976) glGetUniformLocation- program 385, "" is not linked'
[17:09:43] [Render thread/WARN]: Shader supplementaries:spherify could not find uniform named Light0_Direction in the specified shader program.
[17:09:43] [Render thread/INFO]: OpenGL debug message: id=1282, source=API, type=ERROR, severity=HIGH, message='Error has been generated. GL error GL_INVALID_OPERATION in (null): (ID: 3891749976) glGetUniformLocation- program 385, "" is not linked'
[17:09:43] [Render thread/WARN]: Shader supplementaries:spherify could not find uniform named Light1_Direction in the specified shader program.
[17:09:43] [Render thread/INFO]: OpenGL debug message: id=1282, source=API, type=ERROR, severity=HIGH, message='Error has been generated. GL error GL_INVALID_OPERATION in (null): (ID: 3891749976) glGetUniformLocation- program 385, "" is not linked'
[17:09:43] [Render thread/WARN]: Shader supplementaries:spherify could not find uniform named FogStart in the specified shader program.
[17:09:43] [Render thread/INFO]: OpenGL debug message: id=1282, source=API, type=ERROR, severity=HIGH, message='Error has been generated. GL error GL_INVALID_OPERATION in (null): (ID: 3891749976) glGetUniformLocation- program 385, "" is not linked'
[17:09:43] [Render thread/WARN]: Shader supplementaries:spherify could not find uniform named FogEnd in the specified shader program.
[17:09:43] [Render thread/INFO]: OpenGL debug message: id=1282, source=API, type=ERROR, severity=HIGH, message='Error has been generated. GL error GL_INVALID_OPERATION in (null): (ID: 3891749976) glGetUniformLocation- program 385, "" is not linked'
[17:09:43] [Render thread/WARN]: Shader supplementaries:spherify could not find uniform named FogColor in the specified shader program.
[17:09:43] [Render thread/INFO]: OpenGL debug message: id=1282, source=API, type=ERROR, severity=HIGH, message='Error has been generated. GL error GL_INVALID_OPERATION in (null): (ID: 3891749976) glGetUniformLocation- program 385, "" is not linked'
[17:09:43] [Render thread/WARN]: Shader supplementaries:spherify could not find uniform named FogShape in the specified shader program.
[17:09:43] [Render thread/INFO]: OpenGL debug message: id=1282, source=API, type=ERROR, severity=HIGH, message='Error has been generated. GL error GL_INVALID_OPERATION in (null): (ID: 3891749976) glGetUniformLocation- program 385, "" is not linked'
[17:09:43] [Render thread/WARN]: Shader supplementaries:spherify could not find uniform named NoiseSpeed in the specified shader program.
[17:09:43] [Render thread/INFO]: OpenGL debug message: id=1282, source=API, type=ERROR, severity=HIGH, message='Error has been generated. GL error GL_INVALID_OPERATION in (null): (ID: 3891749976) glGetUniformLocation- program 385, "" is not linked'
[17:09:43] [Render thread/WARN]: Shader supplementaries:spherify could not find uniform named NoiseScale in the specified shader program.
[17:09:43] [Render thread/INFO]: OpenGL debug message: id=1282, source=API, type=ERROR, severity=HIGH, message='Error has been generated. GL error GL_INVALID_OPERATION in (null): (ID: 3891749976) glGetUniformLocation- program 385, "" is not linked'
[17:09:43] [Render thread/WARN]: Shader supplementaries:spherify could not find uniform named Intensity in the specified shader program.
[17:09:43] [Render thread/INFO]: OpenGL debug message: id=1282, source=API, type=ERROR, severity=HIGH, message='Error has been generated. GL error GL_INVALID_OPERATION in (null): (ID: 3891749976) glGetUniformLocation- program 385, "" is not linked'
[17:09:43] [Render thread/WARN]: Shader supplementaries:spherify could not find uniform named CameraPos in the specified shader program.
[17:09:43] [Render thread/INFO]: OpenGL debug message: id=1, source=SHADER COMPILER, type=ERROR, severity=HIGH, message='SHADER_ID_LINK error has been generated. GLSL link failed for program 394, "": The  shader uses varying frag_IViewRotMat, but previous shader does not write to it.
Out of resource error.
'
[17:09:43] [Render thread/WARN]: Error encountered when linking program containing VS supplementaries:spherify and FS supplementaries:spherify. Log output:
[17:09:43] [Render thread/WARN]: The  shader uses varying frag_IViewRotMat, but previous shader does not write to it.
Out of resource error.

[17:09:43] [Render thread/INFO]: OpenGL debug message: id=1282, source=API, type=ERROR, severity=HIGH, message='Error has been generated. GL error GL_INVALID_OPERATION in (null): (ID: 3891749976) glGetUniformLocation- program 394, "" is not linked'
[17:09:43] [Render thread/INFO]: OpenGL debug message: id=1282, source=API, type=ERROR, severity=HIGH, message='Error has been generated. GL error GL_INVALID_OPERATION in (null): (ID: 3891749976) glGetUniformLocation- program 394, "" is not linked'
[17:09:43] [Render thread/INFO]: OpenGL debug message: id=1282, source=API, type=ERROR, severity=HIGH, message='Error has been generated. GL error GL_INVALID_OPERATION in (null): (ID: 3891749976) glGetUniformLocation- program 394, "" is not linked'
[17:09:43] [Render thread/INFO]: OpenGL debug message: id=1282, source=API, type=ERROR, severity=HIGH, message='Error has been generated. GL error GL_INVALID_OPERATION in (null): (ID: 3891749976) glGetUniformLocation- program 394, "" is not linked'
[17:09:43] [Render thread/WARN]: Shader supplementaries:spherify could not find sampler named Sampler0 in the specified shader program.
[17:09:43] [Render thread/INFO]: OpenGL debug message: id=1282, source=API, type=ERROR, severity=HIGH, message='Error has been generated. GL error GL_INVALID_OPERATION in (null): (ID: 3891749976) glGetUniformLocation- program 394, "" is not linked'
[17:09:43] [Render thread/WARN]: Shader supplementaries:spherify could not find sampler named Sampler1 in the specified shader program.
[17:09:43] [Render thread/INFO]: OpenGL debug message: id=1282, source=API, type=ERROR, severity=HIGH, message='Error has been generated. GL error GL_INVALID_OPERATION in (null): (ID: 3891749976) glGetUniformLocation- program 394, "" is not linked'
[17:09:43] [Render thread/WARN]: Shader supplementaries:spherify could not find sampler named Sampler2 in the specified shader program.
[17:09:43] [Render thread/INFO]: OpenGL debug message: id=1282, source=API, type=ERROR, severity=HIGH, message='Error has been generated. GL error GL_INVALID_OPERATION in (null): (ID: 3891749976) glGetUniformLocation- program 394, "" is not linked'
[17:09:43] [Render thread/WARN]: Shader supplementaries:spherify could not find uniform named ModelViewMat in the specified shader program.
[17:09:43] [Render thread/INFO]: OpenGL debug message: id=1282, source=API, type=ERROR, severity=HIGH, message='Error has been generated. GL error GL_INVALID_OPERATION in (null): (ID: 3891749976) glGetUniformLocation- program 394, "" is not linked'
[17:09:43] [Render thread/WARN]: Shader supplementaries:spherify could not find uniform named ProjMat in the specified shader program.
[17:09:43] [Render thread/INFO]: OpenGL debug message: id=1282, source=API, type=ERROR, severity=HIGH, message='Error has been generated. GL error GL_INVALID_OPERATION in (null): (ID: 3891749976) glGetUniformLocation- program 394, "" is not linked'
[17:09:43] [Render thread/WARN]: Shader supplementaries:spherify could not find uniform named IViewRotMat in the specified shader program.
[17:09:43] [Render thread/INFO]: OpenGL debug message: id=1282, source=API, type=ERROR, severity=HIGH, message='Error has been generated. GL error GL_INVALID_OPERATION in (null): (ID: 3891749976) glGetUniformLocation- program 394, "" is not linked'
[17:09:43] [Render thread/WARN]: Shader supplementaries:spherify could not find uniform named ColorModulator in the specified shader program.
[17:09:43] [Render thread/INFO]: OpenGL debug message: id=1282, source=API, type=ERROR, severity=HIGH, message='Error has been generated. GL error GL_INVALID_OPERATION in (null): (ID: 3891749976) glGetUniformLocation- program 394, "" is not linked'
[17:09:43] [Render thread/WARN]: Shader supplementaries:spherify could not find uniform named Light0_Direction in the specified shader program.
[17:09:43] [Render thread/INFO]: OpenGL debug message: id=1282, source=API, type=ERROR, severity=HIGH, message='Error has been generated. GL error GL_INVALID_OPERATION in (null): (ID: 3891749976) glGetUniformLocation- program 394, "" is not linked'
[17:09:43] [Render thread/WARN]: Shader supplementaries:spherify could not find uniform named Light1_Direction in the specified shader program.
[17:09:43] [Render thread/INFO]: OpenGL debug message: id=1282, source=API, type=ERROR, severity=HIGH, message='Error has been generated. GL error GL_INVALID_OPERATION in (null): (ID: 3891749976) glGetUniformLocation- program 394, "" is not linked'
[17:09:43] [Render thread/WARN]: Shader supplementaries:spherify could not find uniform named FogStart in the specified shader program.
[17:09:43] [Render thread/INFO]: OpenGL debug message: id=1282, source=API, type=ERROR, severity=HIGH, message='Error has been generated. GL error GL_INVALID_OPERATION in (null): (ID: 3891749976) glGetUniformLocation- program 394, "" is not linked'
[17:09:43] [Render thread/WARN]: Shader supplementaries:spherify could not find uniform named FogEnd in the specified shader program.
[17:09:43] [Render thread/INFO]: OpenGL debug message: id=1282, source=API, type=ERROR, severity=HIGH, message='Error has been generated. GL error GL_INVALID_OPERATION in (null): (ID: 3891749976) glGetUniformLocation- program 394, "" is not linked'
[17:09:43] [Render thread/WARN]: Shader supplementaries:spherify could not find uniform named FogColor in the specified shader program.
[17:09:43] [Render thread/INFO]: OpenGL debug message: id=1282, source=API, type=ERROR, severity=HIGH, message='Error has been generated. GL error GL_INVALID_OPERATION in (null): (ID: 3891749976) glGetUniformLocation- program 394, "" is not linked'
[17:09:43] [Render thread/WARN]: Shader supplementaries:spherify could not find uniform named FogShape in the specified shader program.
[17:09:43] [Render thread/INFO]: OpenGL debug message: id=1282, source=API, type=ERROR, severity=HIGH, message='Error has been generated. GL error GL_INVALID_OPERATION in (null): (ID: 3891749976) glGetUniformLocation- program 394, "" is not linked'
[17:09:43] [Render thread/WARN]: Shader supplementaries:spherify could not find uniform named NoiseSpeed in the specified shader program.
[17:09:43] [Render thread/INFO]: OpenGL debug message: id=1282, source=API, type=ERROR, severity=HIGH, message='Error has been generated. GL error GL_INVALID_OPERATION in (null): (ID: 3891749976) glGetUniformLocation- program 394, "" is not linked'
[17:09:43] [Render thread/WARN]: Shader supplementaries:spherify could not find uniform named NoiseScale in the specified shader program.
[17:09:43] [Render thread/INFO]: OpenGL debug message: id=1282, source=API, type=ERROR, severity=HIGH, message='Error has been generated. GL error GL_INVALID_OPERATION in (null): (ID: 3891749976) glGetUniformLocation- program 394, "" is not linked'
[17:09:43] [Render thread/WARN]: Shader supplementaries:spherify could not find uniform named Intensity in the specified shader program.
[17:09:43] [Render thread/INFO]: OpenGL debug message: id=1282, source=API, type=ERROR, severity=HIGH, message='Error has been generated. GL error GL_INVALID_OPERATION in (null): (ID: 3891749976) glGetUniformLocation- program 394, "" is not linked'
[17:09:43] [Render thread/WARN]: Shader supplementaries:spherify could not find uniform named CameraPos in the specified shader program.
[17:09:44] [Render thread/INFO]: OpenGL debug message: id=1, source=SHADER COMPILER, type=ERROR, severity=HIGH, message='SHADER_ID_LINK error has been generated. GLSL link failed for program 403, "": The  shader uses varying frag_IViewRotMat, but previous shader does not write to it.
Out of resource error.
'
[17:09:44] [Render thread/WARN]: Error encountered when linking program containing VS supplementaries:spherify and FS supplementaries:spherify. Log output:
[17:09:44] [Render thread/WARN]: The  shader uses varying frag_IViewRotMat, but previous shader does not write to it.
Out of resource error.

[17:09:44] [Render thread/INFO]: OpenGL debug message: id=1282, source=API, type=ERROR, severity=HIGH, message='Error has been generated. GL error GL_INVALID_OPERATION in (null): (ID: 3891749976) glGetUniformLocation- program 403, "" is not linked'
[17:09:44] [Render thread/INFO]: OpenGL debug message: id=1282, source=API, type=ERROR, severity=HIGH, message='Error has been generated. GL error GL_INVALID_OPERATION in (null): (ID: 3891749976) glGetUniformLocation- program 403, "" is not linked'
[17:09:44] [Render thread/INFO]: OpenGL debug message: id=1282, source=API, type=ERROR, severity=HIGH, message='Error has been generated. GL error GL_INVALID_OPERATION in (null): (ID: 3891749976) glGetUniformLocation- program 403, "" is not linked'
[17:09:44] [Render thread/INFO]: OpenGL debug message: id=1282, source=API, type=ERROR, severity=HIGH, message='Error has been generated. GL error GL_INVALID_OPERATION in (null): (ID: 3891749976) glGetUniformLocation- program 403, "" is not linked'
[17:09:44] [Render thread/WARN]: Shader supplementaries:spherify could not find sampler named Sampler0 in the specified shader program.
[17:09:44] [Render thread/INFO]: OpenGL debug message: id=1282, source=API, type=ERROR, severity=HIGH, message='Error has been generated. GL error GL_INVALID_OPERATION in (null): (ID: 3891749976) glGetUniformLocation- program 403, "" is not linked'
[17:09:44] [Render thread/WARN]: Shader supplementaries:spherify could not find sampler named Sampler1 in the specified shader program.
[17:09:44] [Render thread/INFO]: OpenGL debug message: id=1282, source=API, type=ERROR, severity=HIGH, message='Error has been generated. GL error GL_INVALID_OPERATION in (null): (ID: 3891749976) glGetUniformLocation- program 403, "" is not linked'
[17:09:44] [Render thread/WARN]: Shader supplementaries:spherify could not find sampler named Sampler2 in the specified shader program.
[17:09:44] [Render thread/INFO]: OpenGL debug message: id=1282, source=API, type=ERROR, severity=HIGH, message='Error has been generated. GL error GL_INVALID_OPERATION in (null): (ID: 3891749976) glGetUniformLocation- program 403, "" is not linked'
[17:09:44] [Render thread/WARN]: Shader supplementaries:spherify could not find uniform named ModelViewMat in the specified shader program.
[17:09:44] [Render thread/INFO]: OpenGL debug message: id=1282, source=API, type=ERROR, severity=HIGH, message='Error has been generated. GL error GL_INVALID_OPERATION in (null): (ID: 3891749976) glGetUniformLocation- program 403, "" is not linked'
[17:09:44] [Render thread/WARN]: Shader supplementaries:spherify could not find uniform named ProjMat in the specified shader program.
[17:09:44] [Render thread/INFO]: OpenGL debug message: id=1282, source=API, type=ERROR, severity=HIGH, message='Error has been generated. GL error GL_INVALID_OPERATION in (null): (ID: 3891749976) glGetUniformLocation- program 403, "" is not linked'
[17:09:44] [Render thread/WARN]: Shader supplementaries:spherify could not find uniform named IViewRotMat in the specified shader program.
[17:09:44] [Render thread/INFO]: OpenGL debug message: id=1282, source=API, type=ERROR, severity=HIGH, message='Error has been generated. GL error GL_INVALID_OPERATION in (null): (ID: 3891749976) glGetUniformLocation- program 403, "" is not linked'
[17:09:44] [Render thread/WARN]: Shader supplementaries:spherify could not find uniform named ColorModulator in the specified shader program.
[17:09:44] [Render thread/INFO]: OpenGL debug message: id=1282, source=API, type=ERROR, severity=HIGH, message='Error has been generated. GL error GL_INVALID_OPERATION in (null): (ID: 3891749976) glGetUniformLocation- program 403, "" is not linked'
[17:09:44] [Render thread/WARN]: Shader supplementaries:spherify could not find uniform named Light0_Direction in the specified shader program.
[17:09:44] [Render thread/INFO]: OpenGL debug message: id=1282, source=API, type=ERROR, severity=HIGH, message='Error has been generated. GL error GL_INVALID_OPERATION in (null): (ID: 3891749976) glGetUniformLocation- program 403, "" is not linked'
[17:09:44] [Render thread/WARN]: Shader supplementaries:spherify could not find uniform named Light1_Direction in the specified shader program.
[17:09:44] [Render thread/INFO]: OpenGL debug message: id=1282, source=API, type=ERROR, severity=HIGH, message='Error has been generated. GL error GL_INVALID_OPERATION in (null): (ID: 3891749976) glGetUniformLocation- program 403, "" is not linked'
[17:09:44] [Render thread/WARN]: Shader supplementaries:spherify could not find uniform named FogStart in the specified shader program.
[17:09:44] [Render thread/INFO]: OpenGL debug message: id=1282, source=API, type=ERROR, severity=HIGH, message='Error has been generated. GL error GL_INVALID_OPERATION in (null): (ID: 3891749976) glGetUniformLocation- program 403, "" is not linked'
[17:09:44] [Render thread/WARN]: Shader supplementaries:spherify could not find uniform named FogEnd in the specified shader program.
[17:09:44] [Render thread/INFO]: OpenGL debug message: id=1282, source=API, type=ERROR, severity=HIGH, message='Error has been generated. GL error GL_INVALID_OPERATION in (null): (ID: 3891749976) glGetUniformLocation- program 403, "" is not linked'
[17:09:44] [Render thread/WARN]: Shader supplementaries:spherify could not find uniform named FogColor in the specified shader program.
[17:09:44] [Render thread/INFO]: OpenGL debug message: id=1282, source=API, type=ERROR, severity=HIGH, message='Error has been generated. GL error GL_INVALID_OPERATION in (null): (ID: 3891749976) glGetUniformLocation- program 403, "" is not linked'
[17:09:44] [Render thread/WARN]: Shader supplementaries:spherify could not find uniform named FogShape in the specified shader program.
[17:09:44] [Render thread/INFO]: OpenGL debug message: id=1282, source=API, type=ERROR, severity=HIGH, message='Error has been generated. GL error GL_INVALID_OPERATION in (null): (ID: 3891749976) glGetUniformLocation- program 403, "" is not linked'
[17:09:44] [Render thread/WARN]: Shader supplementaries:spherify could not find uniform named NoiseSpeed in the specified shader program.
[17:09:44] [Render thread/INFO]: OpenGL debug message: id=1282, source=API, type=ERROR, severity=HIGH, message='Error has been generated. GL error GL_INVALID_OPERATION in (null): (ID: 3891749976) glGetUniformLocation- program 403, "" is not linked'
[17:09:44] [Render thread/WARN]: Shader supplementaries:spherify could not find uniform named NoiseScale in the specified shader program.
[17:09:44] [Render thread/INFO]: OpenGL debug message: id=1282, source=API, type=ERROR, severity=HIGH, message='Error has been generated. GL error GL_INVALID_OPERATION in (null): (ID: 3891749976) glGetUniformLocation- program 403, "" is not linked'
[17:09:44] [Render thread/WARN]: Shader supplementaries:spherify could not find uniform named Intensity in the specified shader program.
[17:09:44] [Render thread/INFO]: OpenGL debug message: id=1282, source=API, type=ERROR, severity=HIGH, message='Error has been generated. GL error GL_INVALID_OPERATION in (null): (ID: 3891749976) glGetUniformLocation- program 403, "" is not linked'
[17:09:44] [Render thread/WARN]: Shader supplementaries:spherify could not find uniform named CameraPos in the specified shader program.
[17:09:44] [Render thread/INFO]: OpenGL debug message: id=1, source=SHADER COMPILER, type=ERROR, severity=HIGH, message='SHADER_ID_LINK error has been generated. GLSL link failed for program 412, "": The  shader uses varying frag_IViewRotMat, but previous shader does not write to it.
Out of resource error.
'
[17:09:44] [Render thread/WARN]: Error encountered when linking program containing VS supplementaries:spherify and FS supplementaries:spherify. Log output:
[17:09:44] [Render thread/WARN]: The  shader uses varying frag_IViewRotMat, but previous shader does not write to it.
Out of resource error.

[17:09:44] [Render thread/INFO]: OpenGL debug message: id=1282, source=API, type=ERROR, severity=HIGH, message='Error has been generated. GL error GL_INVALID_OPERATION in (null): (ID: 3891749976) glGetUniformLocation- program 412, "" is not linked'
[17:09:44] [Render thread/INFO]: OpenGL debug message: id=1282, source=API, type=ERROR, severity=HIGH, message='Error has been generated. GL error GL_INVALID_OPERATION in (null): (ID: 3891749976) glGetUniformLocation- program 412, "" is not linked'
[17:09:44] [Render thread/INFO]: OpenGL debug message: id=1282, source=API, type=ERROR, severity=HIGH, message='Error has been generated. GL error GL_INVALID_OPERATION in (null): (ID: 3891749976) glGetUniformLocation- program 412, "" is not linked'
[17:09:44] [Render thread/INFO]: OpenGL debug message: id=1282, source=API, type=ERROR, severity=HIGH, message='Error has been generated. GL error GL_INVALID_OPERATION in (null): (ID: 3891749976) glGetUniformLocation- program 412, "" is not linked'
[17:09:44] [Render thread/WARN]: Shader supplementaries:spherify could not find sampler named Sampler0 in the specified shader program.
[17:09:44] [Render thread/INFO]: OpenGL debug message: id=1282, source=API, type=ERROR, severity=HIGH, message='Error has been generated. GL error GL_INVALID_OPERATION in (null): (ID: 3891749976) glGetUniformLocation- program 412, "" is not linked'
[17:09:44] [Render thread/WARN]: Shader supplementaries:spherify could not find sampler named Sampler1 in the specified shader program.
[17:09:44] [Render thread/INFO]: OpenGL debug message: id=1282, source=API, type=ERROR, severity=HIGH, message='Error has been generated. GL error GL_INVALID_OPERATION in (null): (ID: 3891749976) glGetUniformLocation- program 412, "" is not linked'
[17:09:44] [Render thread/WARN]: Shader supplementaries:spherify could not find sampler named Sampler2 in the specified shader program.
[17:09:44] [Render thread/INFO]: OpenGL debug message: id=1282, source=API, type=ERROR, severity=HIGH, message='Error has been generated. GL error GL_INVALID_OPERATION in (null): (ID: 3891749976) glGetUniformLocation- program 412, "" is not linked'
[17:09:44] [Render thread/WARN]: Shader supplementaries:spherify could not find uniform named ModelViewMat in the specified shader program.
[17:09:44] [Render thread/INFO]: OpenGL debug message: id=1282, source=API, type=ERROR, severity=HIGH, message='Error has been generated. GL error GL_INVALID_OPERATION in (null): (ID: 3891749976) glGetUniformLocation- program 412, "" is not linked'
[17:09:44] [Render thread/WARN]: Shader supplementaries:spherify could not find uniform named ProjMat in the specified shader program.
[17:09:44] [Render thread/INFO]: OpenGL debug message: id=1282, source=API, type=ERROR, severity=HIGH, message='Error has been generated. GL error GL_INVALID_OPERATION in (null): (ID: 3891749976) glGetUniformLocation- program 412, "" is not linked'
[17:09:44] [Render thread/WARN]: Shader supplementaries:spherify could not find uniform named IViewRotMat in the specified shader program.
[17:09:44] [Render thread/INFO]: OpenGL debug message: id=1282, source=API, type=ERROR, severity=HIGH, message='Error has been generated. GL error GL_INVALID_OPERATION in (null): (ID: 3891749976) glGetUniformLocation- program 412, "" is not linked'
[17:09:44] [Render thread/WARN]: Shader supplementaries:spherify could not find uniform named ColorModulator in the specified shader program.
[17:09:44] [Render thread/INFO]: OpenGL debug message: id=1282, source=API, type=ERROR, severity=HIGH, message='Error has been generated. GL error GL_INVALID_OPERATION in (null): (ID: 3891749976) glGetUniformLocation- program 412, "" is not linked'
[17:09:44] [Render thread/WARN]: Shader supplementaries:spherify could not find uniform named Light0_Direction in the specified shader program.
[17:09:44] [Render thread/INFO]: OpenGL debug message: id=1282, source=API, type=ERROR, severity=HIGH, message='Error has been generated. GL error GL_INVALID_OPERATION in (null): (ID: 3891749976) glGetUniformLocation- program 412, "" is not linked'
[17:09:44] [Render thread/WARN]: Shader supplementaries:spherify could not find uniform named Light1_Direction in the specified shader program.
[17:09:44] [Render thread/INFO]: OpenGL debug message: id=1282, source=API, type=ERROR, severity=HIGH, message='Error has been generated. GL error GL_INVALID_OPERATION in (null): (ID: 3891749976) glGetUniformLocation- program 412, "" is not linked'
[17:09:44] [Render thread/WARN]: Shader supplementaries:spherify could not find uniform named FogStart in the specified shader program.
[17:09:44] [Render thread/INFO]: OpenGL debug message: id=1282, source=API, type=ERROR, severity=HIGH, message='Error has been generated. GL error GL_INVALID_OPERATION in (null): (ID: 3891749976) glGetUniformLocation- program 412, "" is not linked'
[17:09:44] [Render thread/WARN]: Shader supplementaries:spherify could not find uniform named FogEnd in the specified shader program.
[17:09:44] [Render thread/INFO]: OpenGL debug message: id=1282, source=API, type=ERROR, severity=HIGH, message='Error has been generated. GL error GL_INVALID_OPERATION in (null): (ID: 3891749976) glGetUniformLocation- program 412, "" is not linked'
[17:09:44] [Render thread/WARN]: Shader supplementaries:spherify could not find uniform named FogColor in the specified shader program.
[17:09:44] [Render thread/INFO]: OpenGL debug message: id=1282, source=API, type=ERROR, severity=HIGH, message='Error has been generated. GL error GL_INVALID_OPERATION in (null): (ID: 3891749976) glGetUniformLocation- program 412, "" is not linked'
[17:09:44] [Render thread/WARN]: Shader supplementaries:spherify could not find uniform named FogShape in the specified shader program.
[17:09:44] [Render thread/INFO]: OpenGL debug message: id=1282, source=API, type=ERROR, severity=HIGH, message='Error has been generated. GL error GL_INVALID_OPERATION in (null): (ID: 3891749976) glGetUniformLocation- program 412, "" is not linked'
[17:09:44] [Render thread/WARN]: Shader supplementaries:spherify could not find uniform named NoiseSpeed in the specified shader program.
[17:09:44] [Render thread/INFO]: OpenGL debug message: id=1282, source=API, type=ERROR, severity=HIGH, message='Error has been generated. GL error GL_INVALID_OPERATION in (null): (ID: 3891749976) glGetUniformLocation- program 412, "" is not linked'
[17:09:44] [Render thread/WARN]: Shader supplementaries:spherify could not find uniform named NoiseScale in the specified shader program.
[17:09:44] [Render thread/INFO]: OpenGL debug message: id=1282, source=API, type=ERROR, severity=HIGH, message='Error has been generated. GL error GL_INVALID_OPERATION in (null): (ID: 3891749976) glGetUniformLocation- program 412, "" is not linked'
[17:09:44] [Render thread/WARN]: Shader supplementaries:spherify could not find uniform named Intensity in the specified shader program.
[17:09:44] [Render thread/INFO]: OpenGL debug message: id=1282, source=API, type=ERROR, severity=HIGH, message='Error has been generated. GL error GL_INVALID_OPERATION in (null): (ID: 3891749976) glGetUniformLocation- program 412, "" is not linked'
[17:09:44] [Render thread/WARN]: Shader supplementaries:spherify could not find uniform named CameraPos in the specified shader program.
[17:09:44] [Render thread/INFO]: OpenGL debug message: id=1, source=SHADER COMPILER, type=ERROR, severity=HIGH, message='SHADER_ID_LINK error has been generated. GLSL link failed for program 421, "": The  shader uses varying frag_IViewRotMat, but previous shader does not write to it.
Out of resource error.
'
[17:09:44] [Render thread/WARN]: Error encountered when linking program containing VS supplementaries:spherify and FS supplementaries:spherify. Log output:
[17:09:44] [Render thread/WARN]: The  shader uses varying frag_IViewRotMat, but previous shader does not write to it.
Out of resource error.

[17:09:44] [Render thread/INFO]: OpenGL debug message: id=1282, source=API, type=ERROR, severity=HIGH, message='Error has been generated. GL error GL_INVALID_OPERATION in (null): (ID: 3891749976) glGetUniformLocation- program 421, "" is not linked'
[17:09:44] [Render thread/INFO]: OpenGL debug message: id=1282, source=API, type=ERROR, severity=HIGH, message='Error has been generated. GL error GL_INVALID_OPERATION in (null): (ID: 3891749976) glGetUniformLocation- program 421, "" is not linked'
[17:09:44] [Render thread/INFO]: OpenGL debug message: id=1282, source=API, type=ERROR, severity=HIGH, message='Error has been generated. GL error GL_INVALID_OPERATION in (null): (ID: 3891749976) glGetUniformLocation- program 421, "" is not linked'
[17:09:44] [Render thread/INFO]: OpenGL debug message: id=1282, source=API, type=ERROR, severity=HIGH, message='Error has been generated. GL error GL_INVALID_OPERATION in (null): (ID: 3891749976) glGetUniformLocation- program 421, "" is not linked'
[17:09:44] [Render thread/WARN]: Shader supplementaries:spherify could not find sampler named Sampler0 in the specified shader program.
[17:09:44] [Render thread/INFO]: OpenGL debug message: id=1282, source=API, type=ERROR, severity=HIGH, message='Error has been generated. GL error GL_INVALID_OPERATION in (null): (ID: 3891749976) glGetUniformLocation- program 421, "" is not linked'
[17:09:44] [Render thread/WARN]: Shader supplementaries:spherify could not find sampler named Sampler1 in the specified shader program.
[17:09:44] [Render thread/INFO]: OpenGL debug message: id=1282, source=API, type=ERROR, severity=HIGH, message='Error has been generated. GL error GL_INVALID_OPERATION in (null): (ID: 3891749976) glGetUniformLocation- program 421, "" is not linked'
[17:09:44] [Render thread/WARN]: Shader supplementaries:spherify could not find sampler named Sampler2 in the specified shader program.
[17:09:44] [Render thread/INFO]: OpenGL debug message: id=1282, source=API, type=ERROR, severity=HIGH, message='Error has been generated. GL error GL_INVALID_OPERATION in (null): (ID: 3891749976) glGetUniformLocation- program 421, "" is not linked'
[17:09:44] [Render thread/WARN]: Shader supplementaries:spherify could not find uniform named ModelViewMat in the specified shader program.
[17:09:44] [Render thread/INFO]: OpenGL debug message: id=1282, source=API, type=ERROR, severity=HIGH, message='Error has been generated. GL error GL_INVALID_OPERATION in (null): (ID: 3891749976) glGetUniformLocation- program 421, "" is not linked'
[17:09:44] [Render thread/WARN]: Shader supplementaries:spherify could not find uniform named ProjMat in the specified shader program.
[17:09:44] [Render thread/INFO]: OpenGL debug message: id=1282, source=API, type=ERROR, severity=HIGH, message='Error has been generated. GL error GL_INVALID_OPERATION in (null): (ID: 3891749976) glGetUniformLocation- program 421, "" is not linked'
[17:09:44] [Render thread/WARN]: Shader supplementaries:spherify could not find uniform named IViewRotMat in the specified shader program.
[17:09:44] [Render thread/INFO]: OpenGL debug message: id=1282, source=API, type=ERROR, severity=HIGH, message='Error has been generated. GL error GL_INVALID_OPERATION in (null): (ID: 3891749976) glGetUniformLocation- program 421, "" is not linked'
[17:09:44] [Render thread/WARN]: Shader supplementaries:spherify could not find uniform named ColorModulator in the specified shader program.
[17:09:44] [Render thread/INFO]: OpenGL debug message: id=1282, source=API, type=ERROR, severity=HIGH, message='Error has been generated. GL error GL_INVALID_OPERATION in (null): (ID: 3891749976) glGetUniformLocation- program 421, "" is not linked'
[17:09:44] [Render thread/WARN]: Shader supplementaries:spherify could not find uniform named Light0_Direction in the specified shader program.
[17:09:44] [Render thread/INFO]: OpenGL debug message: id=1282, source=API, type=ERROR, severity=HIGH, message='Error has been generated. GL error GL_INVALID_OPERATION in (null): (ID: 3891749976) glGetUniformLocation- program 421, "" is not linked'
[17:09:44] [Render thread/WARN]: Shader supplementaries:spherify could not find uniform named Light1_Direction in the specified shader program.
[17:09:44] [Render thread/INFO]: OpenGL debug message: id=1282, source=API, type=ERROR, severity=HIGH, message='Error has been generated. GL error GL_INVALID_OPERATION in (null): (ID: 3891749976) glGetUniformLocation- program 421, "" is not linked'
[17:09:44] [Render thread/WARN]: Shader supplementaries:spherify could not find uniform named FogStart in the specified shader program.
[17:09:44] [Render thread/INFO]: OpenGL debug message: id=1282, source=API, type=ERROR, severity=HIGH, message='Error has been generated. GL error GL_INVALID_OPERATION in (null): (ID: 3891749976) glGetUniformLocation- program 421, "" is not linked'
[17:09:44] [Render thread/WARN]: Shader supplementaries:spherify could not find uniform named FogEnd in the specified shader program.
[17:09:44] [Render thread/INFO]: OpenGL debug message: id=1282, source=API, type=ERROR, severity=HIGH, message='Error has been generated. GL error GL_INVALID_OPERATION in (null): (ID: 3891749976) glGetUniformLocation- program 421, "" is not linked'
[17:09:44] [Render thread/WARN]: Shader supplementaries:spherify could not find uniform named FogColor in the specified shader program.
[17:09:44] [Render thread/INFO]: OpenGL debug message: id=1282, source=API, type=ERROR, severity=HIGH, message='Error has been generated. GL error GL_INVALID_OPERATION in (null): (ID: 3891749976) glGetUniformLocation- program 421, "" is not linked'
[17:09:44] [Render thread/WARN]: Shader supplementaries:spherify could not find uniform named FogShape in the specified shader program.
[17:09:44] [Render thread/INFO]: OpenGL debug message: id=1282, source=API, type=ERROR, severity=HIGH, message='Error has been generated. GL error GL_INVALID_OPERATION in (null): (ID: 3891749976) glGetUniformLocation- program 421, "" is not linked'
[17:09:44] [Render thread/WARN]: Shader supplementaries:spherify could not find uniform named NoiseSpeed in the specified shader program.
[17:09:44] [Render thread/INFO]: OpenGL debug message: id=1282, source=API, type=ERROR, severity=HIGH, message='Error has been generated. GL error GL_INVALID_OPERATION in (null): (ID: 3891749976) glGetUniformLocation- program 421, "" is not linked'
[17:09:44] [Render thread/WARN]: Shader supplementaries:spherify could not find uniform named NoiseScale in the specified shader program.
[17:09:44] [Render thread/INFO]: OpenGL debug message: id=1282, source=API, type=ERROR, severity=HIGH, message='Error has been generated. GL error GL_INVALID_OPERATION in (null): (ID: 3891749976) glGetUniformLocation- program 421, "" is not linked'
[17:09:44] [Render thread/WARN]: Shader supplementaries:spherify could not find uniform named Intensity in the specified shader program.
[17:09:44] [Render thread/INFO]: OpenGL debug message: id=1282, source=API, type=ERROR, severity=HIGH, message='Error has been generated. GL error GL_INVALID_OPERATION in (null): (ID: 3891749976) glGetUniformLocation- program 421, "" is not linked'
[17:09:44] [Render thread/WARN]: Shader supplementaries:spherify could not find uniform named CameraPos in the specified shader program.
[17:09:44] [Render thread/INFO]: OpenGL debug message: id=1, source=SHADER COMPILER, type=ERROR, severity=HIGH, message='SHADER_ID_LINK error has been generated. GLSL link failed for program 430, "": The  shader uses varying frag_IViewRotMat, but previous shader does not write to it.
Out of resource error.
'
[17:09:44] [Render thread/WARN]: Error encountered when linking program containing VS supplementaries:spherify and FS supplementaries:spherify. Log output:
[17:09:44] [Render thread/WARN]: The  shader uses varying frag_IViewRotMat, but previous shader does not write to it.
Out of resource error.

[17:09:44] [Render thread/INFO]: OpenGL debug message: id=1282, source=API, type=ERROR, severity=HIGH, message='Error has been generated. GL error GL_INVALID_OPERATION in (null): (ID: 3891749976) glGetUniformLocation- program 430, "" is not linked'
[17:09:44] [Render thread/INFO]: OpenGL debug message: id=1282, source=API, type=ERROR, severity=HIGH, message='Error has been generated. GL error GL_INVALID_OPERATION in (null): (ID: 3891749976) glGetUniformLocation- program 430, "" is not linked'
[17:09:44] [Render thread/INFO]: OpenGL debug message: id=1282, source=API, type=ERROR, severity=HIGH, message='Error has been generated. GL error GL_INVALID_OPERATION in (null): (ID: 3891749976) glGetUniformLocation- program 430, "" is not linked'
[17:09:44] [Render thread/INFO]: OpenGL debug message: id=1282, source=API, type=ERROR, severity=HIGH, message='Error has been generated. GL error GL_INVALID_OPERATION in (null): (ID: 3891749976) glGetUniformLocation- program 430, "" is not linked'
[17:09:44] [Render thread/WARN]: Shader supplementaries:spherify could not find sampler named Sampler0 in the specified shader program.
[17:09:44] [Render thread/INFO]: OpenGL debug message: id=1282, source=API, type=ERROR, severity=HIGH, message='Error has been generated. GL error GL_INVALID_OPERATION in (null): (ID: 3891749976) glGetUniformLocation- program 430, "" is not linked'
[17:09:44] [Render thread/WARN]: Shader supplementaries:spherify could not find sampler named Sampler1 in the specified shader program.
[17:09:44] [Render thread/INFO]: OpenGL debug message: id=1282, source=API, type=ERROR, severity=HIGH, message='Error has been generated. GL error GL_INVALID_OPERATION in (null): (ID: 3891749976) glGetUniformLocation- program 430, "" is not linked'
[17:09:44] [Render thread/WARN]: Shader supplementaries:spherify could not find sampler named Sampler2 in the specified shader program.
[17:09:44] [Render thread/INFO]: OpenGL debug message: id=1282, source=API, type=ERROR, severity=HIGH, message='Error has been generated. GL error GL_INVALID_OPERATION in (null): (ID: 3891749976) glGetUniformLocation- program 430, "" is not linked'
[17:09:44] [Render thread/WARN]: Shader supplementaries:spherify could not find uniform named ModelViewMat in the specified shader program.
[17:09:44] [Render thread/INFO]: OpenGL debug message: id=1282, source=API, type=ERROR, severity=HIGH, message='Error has been generated. GL error GL_INVALID_OPERATION in (null): (ID: 3891749976) glGetUniformLocation- program 430, "" is not linked'
[17:09:44] [Render thread/WARN]: Shader supplementaries:spherify could not find uniform named ProjMat in the specified shader program.
[17:09:44] [Render thread/INFO]: OpenGL debug message: id=1282, source=API, type=ERROR, severity=HIGH, message='Error has been generated. GL error GL_INVALID_OPERATION in (null): (ID: 3891749976) glGetUniformLocation- program 430, "" is not linked'
[17:09:44] [Render thread/WARN]: Shader supplementaries:spherify could not find uniform named IViewRotMat in the specified shader program.
[17:09:44] [Render thread/INFO]: OpenGL debug message: id=1282, source=API, type=ERROR, severity=HIGH, message='Error has been generated. GL error GL_INVALID_OPERATION in (null): (ID: 3891749976) glGetUniformLocation- program 430, "" is not linked'
[17:09:44] [Render thread/WARN]: Shader supplementaries:spherify could not find uniform named ColorModulator in the specified shader program.
[17:09:44] [Render thread/INFO]: OpenGL debug message: id=1282, source=API, type=ERROR, severity=HIGH, message='Error has been generated. GL error GL_INVALID_OPERATION in (null): (ID: 3891749976) glGetUniformLocation- program 430, "" is not linked'
[17:09:44] [Render thread/WARN]: Shader supplementaries:spherify could not find uniform named Light0_Direction in the specified shader program.
[17:09:44] [Render thread/INFO]: OpenGL debug message: id=1282, source=API, type=ERROR, severity=HIGH, message='Error has been generated. GL error GL_INVALID_OPERATION in (null): (ID: 3891749976) glGetUniformLocation- program 430, "" is not linked'
[17:09:44] [Render thread/WARN]: Shader supplementaries:spherify could not find uniform named Light1_Direction in the specified shader program.
[17:09:44] [Render thread/INFO]: OpenGL debug message: id=1282, source=API, type=ERROR, severity=HIGH, message='Error has been generated. GL error GL_INVALID_OPERATION in (null): (ID: 3891749976) glGetUniformLocation- program 430, "" is not linked'
[17:09:44] [Render thread/WARN]: Shader supplementaries:spherify could not find uniform named FogStart in the specified shader program.
[17:09:44] [Render thread/INFO]: OpenGL debug message: id=1282, source=API, type=ERROR, severity=HIGH, message='Error has been generated. GL error GL_INVALID_OPERATION in (null): (ID: 3891749976) glGetUniformLocation- program 430, "" is not linked'
[17:09:44] [Render thread/WARN]: Shader supplementaries:spherify could not find uniform named FogEnd in the specified shader program.
[17:09:44] [Render thread/INFO]: OpenGL debug message: id=1282, source=API, type=ERROR, severity=HIGH, message='Error has been generated. GL error GL_INVALID_OPERATION in (null): (ID: 3891749976) glGetUniformLocation- program 430, "" is not linked'
[17:09:44] [Render thread/WARN]: Shader supplementaries:spherify could not find uniform named FogColor in the specified shader program.
[17:09:44] [Render thread/INFO]: OpenGL debug message: id=1282, source=API, type=ERROR, severity=HIGH, message='Error has been generated. GL error GL_INVALID_OPERATION in (null): (ID: 3891749976) glGetUniformLocation- program 430, "" is not linked'
[17:09:44] [Render thread/WARN]: Shader supplementaries:spherify could not find uniform named FogShape in the specified shader program.
[17:09:44] [Render thread/INFO]: OpenGL debug message: id=1282, source=API, type=ERROR, severity=HIGH, message='Error has been generated. GL error GL_INVALID_OPERATION in (null): (ID: 3891749976) glGetUniformLocation- program 430, "" is not linked'
[17:09:44] [Render thread/WARN]: Shader supplementaries:spherify could not find uniform named NoiseSpeed in the specified shader program.
[17:09:44] [Render thread/INFO]: OpenGL debug message: id=1282, source=API, type=ERROR, severity=HIGH, message='Error has been generated. GL error GL_INVALID_OPERATION in (null): (ID: 3891749976) glGetUniformLocation- program 430, "" is not linked'
[17:09:44] [Render thread/WARN]: Shader supplementaries:spherify could not find uniform named NoiseScale in the specified shader program.
[17:09:44] [Render thread/INFO]: OpenGL debug message: id=1282, source=API, type=ERROR, severity=HIGH, message='Error has been generated. GL error GL_INVALID_OPERATION in (null): (ID: 3891749976) glGetUniformLocation- program 430, "" is not linked'
[17:09:44] [Render thread/WARN]: Shader supplementaries:spherify could not find uniform named Intensity in the specified shader program.
[17:09:44] [Render thread/INFO]: OpenGL debug message: id=1282, source=API, type=ERROR, severity=HIGH, message='Error has been generated. GL error GL_INVALID_OPERATION in (null): (ID: 3891749976) glGetUniformLocation- program 430, "" is not linked'
[17:09:44] [Render thread/WARN]: Shader supplementaries:spherify could not find uniform named CameraPos in the specified shader program.
[17:09:45] [Render thread/INFO]: OpenGL debug message: id=1, source=SHADER COMPILER, type=ERROR, severity=HIGH, message='SHADER_ID_LINK error has been generated. GLSL link failed for program 439, "": The  shader uses varying frag_IViewRotMat, but previous shader does not write to it.
Out of resource error.
'
[17:09:45] [Render thread/WARN]: Error encountered when linking program containing VS supplementaries:spherify and FS supplementaries:spherify. Log output:
[17:09:45] [Render thread/WARN]: The  shader uses varying frag_IViewRotMat, but previous shader does not write to it.
Out of resource error.

[17:09:45] [Render thread/INFO]: OpenGL debug message: id=1282, source=API, type=ERROR, severity=HIGH, message='Error has been generated. GL error GL_INVALID_OPERATION in (null): (ID: 3891749976) glGetUniformLocation- program 439, "" is not linked'
[17:09:45] [Render thread/INFO]: OpenGL debug message: id=1282, source=API, type=ERROR, severity=HIGH, message='Error has been generated. GL error GL_INVALID_OPERATION in (null): (ID: 3891749976) glGetUniformLocation- program 439, "" is not linked'
[17:09:45] [Render thread/INFO]: OpenGL debug message: id=1282, source=API, type=ERROR, severity=HIGH, message='Error has been generated. GL error GL_INVALID_OPERATION in (null): (ID: 3891749976) glGetUniformLocation- program 439, "" is not linked'
[17:09:45] [Render thread/INFO]: OpenGL debug message: id=1282, source=API, type=ERROR, severity=HIGH, message='Error has been generated. GL error GL_INVALID_OPERATION in (null): (ID: 3891749976) glGetUniformLocation- program 439, "" is not linked'
[17:09:45] [Render thread/WARN]: Shader supplementaries:spherify could not find sampler named Sampler0 in the specified shader program.
[17:09:45] [Render thread/INFO]: OpenGL debug message: id=1282, source=API, type=ERROR, severity=HIGH, message='Error has been generated. GL error GL_INVALID_OPERATION in (null): (ID: 3891749976) glGetUniformLocation- program 439, "" is not linked'
[17:09:45] [Render thread/WARN]: Shader supplementaries:spherify could not find sampler named Sampler1 in the specified shader program.
[17:09:45] [Render thread/INFO]: OpenGL debug message: id=1282, source=API, type=ERROR, severity=HIGH, message='Error has been generated. GL error GL_INVALID_OPERATION in (null): (ID: 3891749976) glGetUniformLocation- program 439, "" is not linked'
[17:09:45] [Render thread/WARN]: Shader supplementaries:spherify could not find sampler named Sampler2 in the specified shader program.
[17:09:45] [Render thread/INFO]: OpenGL debug message: id=1282, source=API, type=ERROR, severity=HIGH, message='Error has been generated. GL error GL_INVALID_OPERATION in (null): (ID: 3891749976) glGetUniformLocation- program 439, "" is not linked'
[17:09:45] [Render thread/WARN]: Shader supplementaries:spherify could not find uniform named ModelViewMat in the specified shader program.
[17:09:45] [Render thread/INFO]: OpenGL debug message: id=1282, source=API, type=ERROR, severity=HIGH, message='Error has been generated. GL error GL_INVALID_OPERATION in (null): (ID: 3891749976) glGetUniformLocation- program 439, "" is not linked'
[17:09:45] [Render thread/WARN]: Shader supplementaries:spherify could not find uniform named ProjMat in the specified shader program.
[17:09:45] [Render thread/INFO]: OpenGL debug message: id=1282, source=API, type=ERROR, severity=HIGH, message='Error has been generated. GL error GL_INVALID_OPERATION in (null): (ID: 3891749976) glGetUniformLocation- program 439, "" is not linked'
[17:09:45] [Render thread/WARN]: Shader supplementaries:spherify could not find uniform named IViewRotMat in the specified shader program.
[17:09:45] [Render thread/INFO]: OpenGL debug message: id=1282, source=API, type=ERROR, severity=HIGH, message='Error has been generated. GL error GL_INVALID_OPERATION in (null): (ID: 3891749976) glGetUniformLocation- program 439, "" is not linked'
[17:09:45] [Render thread/WARN]: Shader supplementaries:spherify could not find uniform named ColorModulator in the specified shader program.
[17:09:45] [Render thread/INFO]: OpenGL debug message: id=1282, source=API, type=ERROR, severity=HIGH, message='Error has been generated. GL error GL_INVALID_OPERATION in (null): (ID: 3891749976) glGetUniformLocation- program 439, "" is not linked'
[17:09:45] [Render thread/WARN]: Shader supplementaries:spherify could not find uniform named Light0_Direction in the specified shader program.
[17:09:45] [Render thread/INFO]: OpenGL debug message: id=1282, source=API, type=ERROR, severity=HIGH, message='Error has been generated. GL error GL_INVALID_OPERATION in (null): (ID: 3891749976) glGetUniformLocation- program 439, "" is not linked'
[17:09:45] [Render thread/WARN]: Shader supplementaries:spherify could not find uniform named Light1_Direction in the specified shader program.
[17:09:45] [Render thread/INFO]: OpenGL debug message: id=1282, source=API, type=ERROR, severity=HIGH, message='Error has been generated. GL error GL_INVALID_OPERATION in (null): (ID: 3891749976) glGetUniformLocation- program 439, "" is not linked'
[17:09:45] [Render thread/WARN]: Shader supplementaries:spherify could not find uniform named FogStart in the specified shader program.
[17:09:45] [Render thread/INFO]: OpenGL debug message: id=1282, source=API, type=ERROR, severity=HIGH, message='Error has been generated. GL error GL_INVALID_OPERATION in (null): (ID: 3891749976) glGetUniformLocation- program 439, "" is not linked'
[17:09:45] [Render thread/WARN]: Shader supplementaries:spherify could not find uniform named FogEnd in the specified shader program.
[17:09:45] [Render thread/INFO]: OpenGL debug message: id=1282, source=API, type=ERROR, severity=HIGH, message='Error has been generated. GL error GL_INVALID_OPERATION in (null): (ID: 3891749976) glGetUniformLocation- program 439, "" is not linked'
[17:09:45] [Render thread/WARN]: Shader supplementaries:spherify could not find uniform named FogColor in the specified shader program.
[17:09:45] [Render thread/INFO]: OpenGL debug message: id=1282, source=API, type=ERROR, severity=HIGH, message='Error has been generated. GL error GL_INVALID_OPERATION in (null): (ID: 3891749976) glGetUniformLocation- program 439, "" is not linked'
[17:09:45] [Render thread/WARN]: Shader supplementaries:spherify could not find uniform named FogShape in the specified shader program.
[17:09:45] [Render thread/INFO]: OpenGL debug message: id=1282, source=API, type=ERROR, severity=HIGH, message='Error has been generated. GL error GL_INVALID_OPERATION in (null): (ID: 3891749976) glGetUniformLocation- program 439, "" is not linked'
[17:09:45] [Render thread/WARN]: Shader supplementaries:spherify could not find uniform named NoiseSpeed in the specified shader program.
[17:09:45] [Render thread/INFO]: OpenGL debug message: id=1282, source=API, type=ERROR, severity=HIGH, message='Error has been generated. GL error GL_INVALID_OPERATION in (null): (ID: 3891749976) glGetUniformLocation- program 439, "" is not linked'
[17:09:45] [Render thread/WARN]: Shader supplementaries:spherify could not find uniform named NoiseScale in the specified shader program.
[17:09:45] [Render thread/INFO]: OpenGL debug message: id=1282, source=API, type=ERROR, severity=HIGH, message='Error has been generated. GL error GL_INVALID_OPERATION in (null): (ID: 3891749976) glGetUniformLocation- program 439, "" is not linked'
[17:09:45] [Render thread/WARN]: Shader supplementaries:spherify could not find uniform named Intensity in the specified shader program.
[17:09:45] [Render thread/INFO]: OpenGL debug message: id=1282, source=API, type=ERROR, severity=HIGH, message='Error has been generated. GL error GL_INVALID_OPERATION in (null): (ID: 3891749976) glGetUniformLocation- program 439, "" is not linked'
[17:09:45] [Render thread/WARN]: Shader supplementaries:spherify could not find uniform named CameraPos in the specified shader program.
[17:09:45] [Render thread/INFO]: OpenGL debug message: id=1, source=SHADER COMPILER, type=ERROR, severity=HIGH, message='SHADER_ID_LINK error has been generated. GLSL link failed for program 447, "": The  shader uses varying frag_IViewRotMat, but previous shader does not write to it.
Out of resource error.
'
[17:09:45] [Render thread/WARN]: Error encountered when linking program containing VS supplementaries:spherify and FS supplementaries:spherify. Log output:
[17:09:45] [Render thread/WARN]: The  shader uses varying frag_IViewRotMat, but previous shader does not write to it.
Out of resource error.

[17:09:45] [Render thread/INFO]: OpenGL debug message: id=1282, source=API, type=ERROR, severity=HIGH, message='Error has been generated. GL error GL_INVALID_OPERATION in (null): (ID: 3891749976) glGetUniformLocation- program 447, "" is not linked'
[17:09:45] [Render thread/INFO]: OpenGL debug message: id=1282, source=API, type=ERROR, severity=HIGH, message='Error has been generated. GL error GL_INVALID_OPERATION in (null): (ID: 3891749976) glGetUniformLocation- program 447, "" is not linked'
[17:09:45] [Render thread/INFO]: OpenGL debug message: id=1282, source=API, type=ERROR, severity=HIGH, message='Error has been generated. GL error GL_INVALID_OPERATION in (null): (ID: 3891749976) glGetUniformLocation- program 447, "" is not linked'
[17:09:45] [Render thread/INFO]: OpenGL debug message: id=1282, source=API, type=ERROR, severity=HIGH, message='Error has been generated. GL error GL_INVALID_OPERATION in (null): (ID: 3891749976) glGetUniformLocation- program 447, "" is not linked'
[17:09:45] [Render thread/WARN]: Shader supplementaries:spherify could not find sampler named Sampler0 in the specified shader program.
[17:09:45] [Render thread/INFO]: OpenGL debug message: id=1282, source=API, type=ERROR, severity=HIGH, message='Error has been generated. GL error GL_INVALID_OPERATION in (null): (ID: 3891749976) glGetUniformLocation- program 447, "" is not linked'
[17:09:45] [Render thread/WARN]: Shader supplementaries:spherify could not find sampler named Sampler1 in the specified shader program.
[17:09:45] [Render thread/INFO]: OpenGL debug message: id=1282, source=API, type=ERROR, severity=HIGH, message='Error has been generated. GL error GL_INVALID_OPERATION in (null): (ID: 3891749976) glGetUniformLocation- program 447, "" is not linked'
[17:09:45] [Render thread/WARN]: Shader supplementaries:spherify could not find sampler named Sampler2 in the specified shader program.
[17:09:45] [Render thread/INFO]: OpenGL debug message: id=1282, source=API, type=ERROR, severity=HIGH, message='Error has been generated. GL error GL_INVALID_OPERATION in (null): (ID: 3891749976) glGetUniformLocation- program 447, "" is not linked'
[17:09:45] [Render thread/WARN]: Shader supplementaries:spherify could not find uniform named ModelViewMat in the specified shader program.
[17:09:45] [Render thread/INFO]: OpenGL debug message: id=1282, source=API, type=ERROR, severity=HIGH, message='Error has been generated. GL error GL_INVALID_OPERATION in (null): (ID: 3891749976) glGetUniformLocation- program 447, "" is not linked'
[17:09:45] [Render thread/WARN]: Shader supplementaries:spherify could not find uniform named ProjMat in the specified shader program.
[17:09:45] [Render thread/INFO]: OpenGL debug message: id=1282, source=API, type=ERROR, severity=HIGH, message='Error has been generated. GL error GL_INVALID_OPERATION in (null): (ID: 3891749976) glGetUniformLocation- program 447, "" is not linked'
[17:09:45] [Render thread/WARN]: Shader supplementaries:spherify could not find uniform named IViewRotMat in the specified shader program.
[17:09:45] [Render thread/INFO]: OpenGL debug message: id=1282, source=API, type=ERROR, severity=HIGH, message='Error has been generated. GL error GL_INVALID_OPERATION in (null): (ID: 3891749976) glGetUniformLocation- program 447, "" is not linked'
[17:09:45] [Render thread/WARN]: Shader supplementaries:spherify could not find uniform named ColorModulator in the specified shader program.
[17:09:45] [Render thread/INFO]: OpenGL debug message: id=1282, source=API, type=ERROR, severity=HIGH, message='Error has been generated. GL error GL_INVALID_OPERATION in (null): (ID: 3891749976) glGetUniformLocation- program 447, "" is not linked'
[17:09:45] [Render thread/WARN]: Shader supplementaries:spherify could not find uniform named Light0_Direction in the specified shader program.
[17:09:45] [Render thread/INFO]: OpenGL debug message: id=1282, source=API, type=ERROR, severity=HIGH, message='Error has been generated. GL error GL_INVALID_OPERATION in (null): (ID: 3891749976) glGetUniformLocation- program 447, "" is not linked'
[17:09:45] [Render thread/WARN]: Shader supplementaries:spherify could not find uniform named Light1_Direction in the specified shader program.
[17:09:45] [Render thread/INFO]: OpenGL debug message: id=1282, source=API, type=ERROR, severity=HIGH, message='Error has been generated. GL error GL_INVALID_OPERATION in (null): (ID: 3891749976) glGetUniformLocation- program 447, "" is not linked'
[17:09:45] [Render thread/WARN]: Shader supplementaries:spherify could not find uniform named FogStart in the specified shader program.
[17:09:45] [Render thread/INFO]: OpenGL debug message: id=1282, source=API, type=ERROR, severity=HIGH, message='Error has been generated. GL error GL_INVALID_OPERATION in (null): (ID: 3891749976) glGetUniformLocation- program 447, "" is not linked'
[17:09:45] [Render thread/WARN]: Shader supplementaries:spherify could not find uniform named FogEnd in the specified shader program.
[17:09:45] [Render thread/INFO]: OpenGL debug message: id=1282, source=API, type=ERROR, severity=HIGH, message='Error has been generated. GL error GL_INVALID_OPERATION in (null): (ID: 3891749976) glGetUniformLocation- program 447, "" is not linked'
[17:09:45] [Render thread/WARN]: Shader supplementaries:spherify could not find uniform named FogColor in the specified shader program.
[17:09:45] [Render thread/INFO]: OpenGL debug message: id=1282, source=API, type=ERROR, severity=HIGH, message='Error has been generated. GL error GL_INVALID_OPERATION in (null): (ID: 3891749976) glGetUniformLocation- program 447, "" is not linked'
[17:09:45] [Render thread/WARN]: Shader supplementaries:spherify could not find uniform named FogShape in the specified shader program.
[17:09:45] [Render thread/INFO]: OpenGL debug message: id=1282, source=API, type=ERROR, severity=HIGH, message='Error has been generated. GL error GL_INVALID_OPERATION in (null): (ID: 3891749976) glGetUniformLocation- program 447, "" is not linked'
[17:09:45] [Render thread/WARN]: Shader supplementaries:spherify could not find uniform named NoiseSpeed in the specified shader program.
[17:09:45] [Render thread/INFO]: OpenGL debug message: id=1282, source=API, type=ERROR, severity=HIGH, message='Error has been generated. GL error GL_INVALID_OPERATION in (null): (ID: 3891749976) glGetUniformLocation- program 447, "" is not linked'
[17:09:45] [Render thread/WARN]: Shader supplementaries:spherify could not find uniform named NoiseScale in the specified shader program.
[17:09:45] [Render thread/INFO]: OpenGL debug message: id=1282, source=API, type=ERROR, severity=HIGH, message='Error has been generated. GL error GL_INVALID_OPERATION in (null): (ID: 3891749976) glGetUniformLocation- program 447, "" is not linked'
[17:09:45] [Render thread/WARN]: Shader supplementaries:spherify could not find uniform named Intensity in the specified shader program.
[17:09:45] [Render thread/INFO]: OpenGL debug message: id=1282, source=API, type=ERROR, severity=HIGH, message='Error has been generated. GL error GL_INVALID_OPERATION in (null): (ID: 3891749976) glGetUniformLocation- program 447, "" is not linked'
[17:09:45] [Render thread/WARN]: Shader supplementaries:spherify could not find uniform named CameraPos in the specified shader program.
[17:09:45] [Render thread/INFO]: OpenGL debug message: id=1, source=SHADER COMPILER, type=ERROR, severity=HIGH, message='SHADER_ID_LINK error has been generated. GLSL link failed for program 456, "": The  shader uses varying frag_IViewRotMat, but previous shader does not write to it.
Out of resource error.
'
[17:09:45] [Render thread/WARN]: Error encountered when linking program containing VS supplementaries:spherify and FS supplementaries:spherify. Log output:
[17:09:45] [Render thread/WARN]: The  shader uses varying frag_IViewRotMat, but previous shader does not write to it.
Out of resource error.

[17:09:45] [Render thread/INFO]: OpenGL debug message: id=1282, source=API, type=ERROR, severity=HIGH, message='Error has been generated. GL error GL_INVALID_OPERATION in (null): (ID: 3891749976) glGetUniformLocation- program 456, "" is not linked'
[17:09:45] [Render thread/INFO]: OpenGL debug message: id=1282, source=API, type=ERROR, severity=HIGH, message='Error has been generated. GL error GL_INVALID_OPERATION in (null): (ID: 3891749976) glGetUniformLocation- program 456, "" is not linked'
[17:09:45] [Render thread/INFO]: OpenGL debug message: id=1282, source=API, type=ERROR, severity=HIGH, message='Error has been generated. GL error GL_INVALID_OPERATION in (null): (ID: 3891749976) glGetUniformLocation- program 456, "" is not linked'
[17:09:45] [Render thread/INFO]: OpenGL debug message: id=1282, source=API, type=ERROR, severity=HIGH, message='Error has been generated. GL error GL_INVALID_OPERATION in (null): (ID: 3891749976) glGetUniformLocation- program 456, "" is not linked'
[17:09:45] [Render thread/WARN]: Shader supplementaries:spherify could not find sampler named Sampler0 in the specified shader program.
[17:09:45] [Render thread/INFO]: OpenGL debug message: id=1282, source=API, type=ERROR, severity=HIGH, message='Error has been generated. GL error GL_INVALID_OPERATION in (null): (ID: 3891749976) glGetUniformLocation- program 456, "" is not linked'
[17:09:45] [Render thread/WARN]: Shader supplementaries:spherify could not find sampler named Sampler1 in the specified shader program.
[17:09:45] [Render thread/INFO]: OpenGL debug message: id=1282, source=API, type=ERROR, severity=HIGH, message='Error has been generated. GL error GL_INVALID_OPERATION in (null): (ID: 3891749976) glGetUniformLocation- program 456, "" is not linked'
[17:09:45] [Render thread/WARN]: Shader supplementaries:spherify could not find sampler named Sampler2 in the specified shader program.
[17:09:45] [Render thread/INFO]: OpenGL debug message: id=1282, source=API, type=ERROR, severity=HIGH, message='Error has been generated. GL error GL_INVALID_OPERATION in (null): (ID: 3891749976) glGetUniformLocation- program 456, "" is not linked'
[17:09:45] [Render thread/WARN]: Shader supplementaries:spherify could not find uniform named ModelViewMat in the specified shader program.
[17:09:45] [Render thread/INFO]: OpenGL debug message: id=1282, source=API, type=ERROR, severity=HIGH, message='Error has been generated. GL error GL_INVALID_OPERATION in (null): (ID: 3891749976) glGetUniformLocation- program 456, "" is not linked'
[17:09:45] [Render thread/WARN]: Shader supplementaries:spherify could not find uniform named ProjMat in the specified shader program.
[17:09:45] [Render thread/INFO]: OpenGL debug message: id=1282, source=API, type=ERROR, severity=HIGH, message='Error has been generated. GL error GL_INVALID_OPERATION in (null): (ID: 3891749976) glGetUniformLocation- program 456, "" is not linked'
[17:09:45] [Render thread/WARN]: Shader supplementaries:spherify could not find uniform named IViewRotMat in the specified shader program.
[17:09:45] [Render thread/INFO]: OpenGL debug message: id=1282, source=API, type=ERROR, severity=HIGH, message='Error has been generated. GL error GL_INVALID_OPERATION in (null): (ID: 3891749976) glGetUniformLocation- program 456, "" is not linked'
[17:09:45] [Render thread/WARN]: Shader supplementaries:spherify could not find uniform named ColorModulator in the specified shader program.
[17:09:45] [Render thread/INFO]: OpenGL debug message: id=1282, source=API, type=ERROR, severity=HIGH, message='Error has been generated. GL error GL_INVALID_OPERATION in (null): (ID: 3891749976) glGetUniformLocation- program 456, "" is not linked'
[17:09:45] [Render thread/WARN]: Shader supplementaries:spherify could not find uniform named Light0_Direction in the specified shader program.
[17:09:45] [Render thread/INFO]: OpenGL debug message: id=1282, source=API, type=ERROR, severity=HIGH, message='Error has been generated. GL error GL_INVALID_OPERATION in (null): (ID: 3891749976) glGetUniformLocation- program 456, "" is not linked'
[17:09:45] [Render thread/WARN]: Shader supplementaries:spherify could not find uniform named Light1_Direction in the specified shader program.
[17:09:45] [Render thread/INFO]: OpenGL debug message: id=1282, source=API, type=ERROR, severity=HIGH, message='Error has been generated. GL error GL_INVALID_OPERATION in (null): (ID: 3891749976) glGetUniformLocation- program 456, "" is not linked'
[17:09:45] [Render thread/WARN]: Shader supplementaries:spherify could not find uniform named FogStart in the specified shader program.
[17:09:45] [Render thread/INFO]: OpenGL debug message: id=1282, source=API, type=ERROR, severity=HIGH, message='Error has been generated. GL error GL_INVALID_OPERATION in (null): (ID: 3891749976) glGetUniformLocation- program 456, "" is not linked'
[17:09:45] [Render thread/WARN]: Shader supplementaries:spherify could not find uniform named FogEnd in the specified shader program.
[17:09:45] [Render thread/INFO]: OpenGL debug message: id=1282, source=API, type=ERROR, severity=HIGH, message='Error has been generated. GL error GL_INVALID_OPERATION in (null): (ID: 3891749976) glGetUniformLocation- program 456, "" is not linked'
[17:09:45] [Render thread/WARN]: Shader supplementaries:spherify could not find uniform named FogColor in the specified shader program.
[17:09:45] [Render thread/INFO]: OpenGL debug message: id=1282, source=API, type=ERROR, severity=HIGH, message='Error has been generated. GL error GL_INVALID_OPERATION in (null): (ID: 3891749976) glGetUniformLocation- program 456, "" is not linked'
[17:09:45] [Render thread/WARN]: Shader supplementaries:spherify could not find uniform named FogShape in the specified shader program.
[17:09:45] [Render thread/INFO]: OpenGL debug message: id=1282, source=API, type=ERROR, severity=HIGH, message='Error has been generated. GL error GL_INVALID_OPERATION in (null): (ID: 3891749976) glGetUniformLocation- program 456, "" is not linked'
[17:09:45] [Render thread/WARN]: Shader supplementaries:spherify could not find uniform named NoiseSpeed in the specified shader program.
[17:09:45] [Render thread/INFO]: OpenGL debug message: id=1282, source=API, type=ERROR, severity=HIGH, message='Error has been generated. GL error GL_INVALID_OPERATION in (null): (ID: 3891749976) glGetUniformLocation- program 456, "" is not linked'
[17:09:45] [Render thread/WARN]: Shader supplementaries:spherify could not find uniform named NoiseScale in the specified shader program.
[17:09:45] [Render thread/INFO]: OpenGL debug message: id=1282, source=API, type=ERROR, severity=HIGH, message='Error has been generated. GL error GL_INVALID_OPERATION in (null): (ID: 3891749976) glGetUniformLocation- program 456, "" is not linked'
[17:09:45] [Render thread/WARN]: Shader supplementaries:spherify could not find uniform named Intensity in the specified shader program.
[17:09:45] [Render thread/INFO]: OpenGL debug message: id=1282, source=API, type=ERROR, severity=HIGH, message='Error has been generated. GL error GL_INVALID_OPERATION in (null): (ID: 3891749976) glGetUniformLocation- program 456, "" is not linked'
[17:09:45] [Render thread/WARN]: Shader supplementaries:spherify could not find uniform named CameraPos in the specified shader program.
[17:09:45] [Render thread/INFO]: OpenGL debug message: id=1, source=SHADER COMPILER, type=ERROR, severity=HIGH, message='SHADER_ID_LINK error has been generated. GLSL link failed for program 465, "": The  shader uses varying frag_IViewRotMat, but previous shader does not write to it.
Out of resource error.
'
[17:09:45] [Render thread/WARN]: Error encountered when linking program containing VS supplementaries:spherify and FS supplementaries:spherify. Log output:
[17:09:45] [Render thread/WARN]: The  shader uses varying frag_IViewRotMat, but previous shader does not write to it.
Out of resource error.

[17:09:45] [Render thread/INFO]: OpenGL debug message: id=1282, source=API, type=ERROR, severity=HIGH, message='Error has been generated. GL error GL_INVALID_OPERATION in (null): (ID: 3891749976) glGetUniformLocation- program 465, "" is not linked'
[17:09:45] [Render thread/INFO]: OpenGL debug message: id=1282, source=API, type=ERROR, severity=HIGH, message='Error has been generated. GL error GL_INVALID_OPERATION in (null): (ID: 3891749976) glGetUniformLocation- program 465, "" is not linked'
[17:09:45] [Render thread/INFO]: OpenGL debug message: id=1282, source=API, type=ERROR, severity=HIGH, message='Error has been generated. GL error GL_INVALID_OPERATION in (null): (ID: 3891749976) glGetUniformLocation- program 465, "" is not linked'
[17:09:45] [Render thread/INFO]: OpenGL debug message: id=1282, source=API, type=ERROR, severity=HIGH, message='Error has been generated. GL error GL_INVALID_OPERATION in (null): (ID: 3891749976) glGetUniformLocation- program 465, "" is not linked'
[17:09:45] [Render thread/WARN]: Shader supplementaries:spherify could not find sampler named Sampler0 in the specified shader program.
[17:09:45] [Render thread/INFO]: OpenGL debug message: id=1282, source=API, type=ERROR, severity=HIGH, message='Error has been generated. GL error GL_INVALID_OPERATION in (null): (ID: 3891749976) glGetUniformLocation- program 465, "" is not linked'
[17:09:45] [Render thread/WARN]: Shader supplementaries:spherify could not find sampler named Sampler1 in the specified shader program.
[17:09:45] [Render thread/INFO]: OpenGL debug message: id=1282, source=API, type=ERROR, severity=HIGH, message='Error has been generated. GL error GL_INVALID_OPERATION in (null): (ID: 3891749976) glGetUniformLocation- program 465, "" is not linked'
[17:09:45] [Render thread/WARN]: Shader supplementaries:spherify could not find sampler named Sampler2 in the specified shader program.
[17:09:45] [Render thread/INFO]: OpenGL debug message: id=1282, source=API, type=ERROR, severity=HIGH, message='Error has been generated. GL error GL_INVALID_OPERATION in (null): (ID: 3891749976) glGetUniformLocation- program 465, "" is not linked'
[17:09:45] [Render thread/WARN]: Shader supplementaries:spherify could not find uniform named ModelViewMat in the specified shader program.
[17:09:45] [Render thread/INFO]: OpenGL debug message: id=1282, source=API, type=ERROR, severity=HIGH, message='Error has been generated. GL error GL_INVALID_OPERATION in (null): (ID: 3891749976) glGetUniformLocation- program 465, "" is not linked'
[17:09:45] [Render thread/WARN]: Shader supplementaries:spherify could not find uniform named ProjMat in the specified shader program.
[17:09:45] [Render thread/INFO]: OpenGL debug message: id=1282, source=API, type=ERROR, severity=HIGH, message='Error has been generated. GL error GL_INVALID_OPERATION in (null): (ID: 3891749976) glGetUniformLocation- program 465, "" is not linked'
[17:09:45] [Render thread/WARN]: Shader supplementaries:spherify could not find uniform named IViewRotMat in the specified shader program.
[17:09:45] [Render thread/INFO]: OpenGL debug message: id=1282, source=API, type=ERROR, severity=HIGH, message='Error has been generated. GL error GL_INVALID_OPERATION in (null): (ID: 3891749976) glGetUniformLocation- program 465, "" is not linked'
[17:09:45] [Render thread/WARN]: Shader supplementaries:spherify could not find uniform named ColorModulator in the specified shader program.
[17:09:45] [Render thread/INFO]: OpenGL debug message: id=1282, source=API, type=ERROR, severity=HIGH, message='Error has been generated. GL error GL_INVALID_OPERATION in (null): (ID: 3891749976) glGetUniformLocation- program 465, "" is not linked'
[17:09:45] [Render thread/WARN]: Shader supplementaries:spherify could not find uniform named Light0_Direction in the specified shader program.
[17:09:45] [Render thread/INFO]: OpenGL debug message: id=1282, source=API, type=ERROR, severity=HIGH, message='Error has been generated. GL error GL_INVALID_OPERATION in (null): (ID: 3891749976) glGetUniformLocation- program 465, "" is not linked'
[17:09:45] [Render thread/WARN]: Shader supplementaries:spherify could not find uniform named Light1_Direction in the specified shader program.
[17:09:45] [Render thread/INFO]: OpenGL debug message: id=1282, source=API, type=ERROR, severity=HIGH, message='Error has been generated. GL error GL_INVALID_OPERATION in (null): (ID: 3891749976) glGetUniformLocation- program 465, "" is not linked'
[17:09:45] [Render thread/WARN]: Shader supplementaries:spherify could not find uniform named FogStart in the specified shader program.
[17:09:45] [Render thread/INFO]: OpenGL debug message: id=1282, source=API, type=ERROR, severity=HIGH, message='Error has been generated. GL error GL_INVALID_OPERATION in (null): (ID: 3891749976) glGetUniformLocation- program 465, "" is not linked'
[17:09:45] [Render thread/WARN]: Shader supplementaries:spherify could not find uniform named FogEnd in the specified shader program.
[17:09:45] [Render thread/INFO]: OpenGL debug message: id=1282, source=API, type=ERROR, severity=HIGH, message='Error has been generated. GL error GL_INVALID_OPERATION in (null): (ID: 3891749976) glGetUniformLocation- program 465, "" is not linked'
[17:09:45] [Render thread/WARN]: Shader supplementaries:spherify could not find uniform named FogColor in the specified shader program.
[17:09:45] [Render thread/INFO]: OpenGL debug message: id=1282, source=API, type=ERROR, severity=HIGH, message='Error has been generated. GL error GL_INVALID_OPERATION in (null): (ID: 3891749976) glGetUniformLocation- program 465, "" is not linked'
[17:09:45] [Render thread/WARN]: Shader supplementaries:spherify could not find uniform named FogShape in the specified shader program.
[17:09:45] [Render thread/INFO]: OpenGL debug message: id=1282, source=API, type=ERROR, severity=HIGH, message='Error has been generated. GL error GL_INVALID_OPERATION in (null): (ID: 3891749976) glGetUniformLocation- program 465, "" is not linked'
[17:09:45] [Render thread/WARN]: Shader supplementaries:spherify could not find uniform named NoiseSpeed in the specified shader program.
[17:09:45] [Render thread/INFO]: OpenGL debug message: id=1282, source=API, type=ERROR, severity=HIGH, message='Error has been generated. GL error GL_INVALID_OPERATION in (null): (ID: 3891749976) glGetUniformLocation- program 465, "" is not linked'
[17:09:45] [Render thread/WARN]: Shader supplementaries:spherify could not find uniform named NoiseScale in the specified shader program.
[17:09:45] [Render thread/INFO]: OpenGL debug message: id=1282, source=API, type=ERROR, severity=HIGH, message='Error has been generated. GL error GL_INVALID_OPERATION in (null): (ID: 3891749976) glGetUniformLocation- program 465, "" is not linked'
[17:09:45] [Render thread/WARN]: Shader supplementaries:spherify could not find uniform named Intensity in the specified shader program.
[17:09:45] [Render thread/INFO]: OpenGL debug message: id=1282, source=API, type=ERROR, severity=HIGH, message='Error has been generated. GL error GL_INVALID_OPERATION in (null): (ID: 3891749976) glGetUniformLocation- program 465, "" is not linked'
[17:09:45] [Render thread/WARN]: Shader supplementaries:spherify could not find uniform named CameraPos in the specified shader program.
[17:09:45] [Render thread/INFO]: OpenGL debug message: id=1, source=SHADER COMPILER, type=ERROR, severity=HIGH, message='SHADER_ID_LINK error has been generated. GLSL link failed for program 474, "": The  shader uses varying frag_IViewRotMat, but previous shader does not write to it.
Out of resource error.
'
[17:09:45] [Render thread/WARN]: Error encountered when linking program containing VS supplementaries:spherify and FS supplementaries:spherify. Log output:
[17:09:45] [Render thread/WARN]: The  shader uses varying frag_IViewRotMat, but previous shader does not write to it.
Out of resource error.

[17:09:45] [Render thread/INFO]: OpenGL debug message: id=1282, source=API, type=ERROR, severity=HIGH, message='Error has been generated. GL error GL_INVALID_OPERATION in (null): (ID: 3891749976) glGetUniformLocation- program 474, "" is not linked'
[17:09:45] [Render thread/INFO]: OpenGL debug message: id=1282, source=API, type=ERROR, severity=HIGH, message='Error has been generated. GL error GL_INVALID_OPERATION in (null): (ID: 3891749976) glGetUniformLocation- program 474, "" is not linked'
[17:09:45] [Render thread/INFO]: OpenGL debug message: id=1282, source=API, type=ERROR, severity=HIGH, message='Error has been generated. GL error GL_INVALID_OPERATION in (null): (ID: 3891749976) glGetUniformLocation- program 474, "" is not linked'
[17:09:45] [Render thread/INFO]: OpenGL debug message: id=1282, source=API, type=ERROR, severity=HIGH, message='Error has been generated. GL error GL_INVALID_OPERATION in (null): (ID: 3891749976) glGetUniformLocation- program 474, "" is not linked'
[17:09:45] [Render thread/WARN]: Shader supplementaries:spherify could not find sampler named Sampler0 in the specified shader program.
[17:09:45] [Render thread/INFO]: OpenGL debug message: id=1282, source=API, type=ERROR, severity=HIGH, message='Error has been generated. GL error GL_INVALID_OPERATION in (null): (ID: 3891749976) glGetUniformLocation- program 474, "" is not linked'
[17:09:45] [Render thread/WARN]: Shader supplementaries:spherify could not find sampler named Sampler1 in the specified shader program.
[17:09:45] [Render thread/INFO]: OpenGL debug message: id=1282, source=API, type=ERROR, severity=HIGH, message='Error has been generated. GL error GL_INVALID_OPERATION in (null): (ID: 3891749976) glGetUniformLocation- program 474, "" is not linked'
[17:09:45] [Render thread/WARN]: Shader supplementaries:spherify could not find sampler named Sampler2 in the specified shader program.
[17:09:45] [Render thread/INFO]: OpenGL debug message: id=1282, source=API, type=ERROR, severity=HIGH, message='Error has been generated. GL error GL_INVALID_OPERATION in (null): (ID: 3891749976) glGetUniformLocation- program 474, "" is not linked'
[17:09:45] [Render thread/WARN]: Shader supplementaries:spherify could not find uniform named ModelViewMat in the specified shader program.
[17:09:45] [Render thread/INFO]: OpenGL debug message: id=1282, source=API, type=ERROR, severity=HIGH, message='Error has been generated. GL error GL_INVALID_OPERATION in (null): (ID: 3891749976) glGetUniformLocation- program 474, "" is not linked'
[17:09:45] [Render thread/WARN]: Shader supplementaries:spherify could not find uniform named ProjMat in the specified shader program.
[17:09:45] [Render thread/INFO]: OpenGL debug message: id=1282, source=API, type=ERROR, severity=HIGH, message='Error has been generated. GL error GL_INVALID_OPERATION in (null): (ID: 3891749976) glGetUniformLocation- program 474, "" is not linked'
[17:09:45] [Render thread/WARN]: Shader supplementaries:spherify could not find uniform named IViewRotMat in the specified shader program.
[17:09:45] [Render thread/INFO]: OpenGL debug message: id=1282, source=API, type=ERROR, severity=HIGH, message='Error has been generated. GL error GL_INVALID_OPERATION in (null): (ID: 3891749976) glGetUniformLocation- program 474, "" is not linked'
[17:09:45] [Render thread/WARN]: Shader supplementaries:spherify could not find uniform named ColorModulator in the specified shader program.
[17:09:45] [Render thread/INFO]: OpenGL debug message: id=1282, source=API, type=ERROR, severity=HIGH, message='Error has been generated. GL error GL_INVALID_OPERATION in (null): (ID: 3891749976) glGetUniformLocation- program 474, "" is not linked'
[17:09:45] [Render thread/WARN]: Shader supplementaries:spherify could not find uniform named Light0_Direction in the specified shader program.
[17:09:45] [Render thread/INFO]: OpenGL debug message: id=1282, source=API, type=ERROR, severity=HIGH, message='Error has been generated. GL error GL_INVALID_OPERATION in (null): (ID: 3891749976) glGetUniformLocation- program 474, "" is not linked'
[17:09:45] [Render thread/WARN]: Shader supplementaries:spherify could not find uniform named Light1_Direction in the specified shader program.
[17:09:45] [Render thread/INFO]: OpenGL debug message: id=1282, source=API, type=ERROR, severity=HIGH, message='Error has been generated. GL error GL_INVALID_OPERATION in (null): (ID: 3891749976) glGetUniformLocation- program 474, "" is not linked'
[17:09:45] [Render thread/WARN]: Shader supplementaries:spherify could not find uniform named FogStart in the specified shader program.
[17:09:45] [Render thread/INFO]: OpenGL debug message: id=1282, source=API, type=ERROR, severity=HIGH, message='Error has been generated. GL error GL_INVALID_OPERATION in (null): (ID: 3891749976) glGetUniformLocation- program 474, "" is not linked'
[17:09:45] [Render thread/WARN]: Shader supplementaries:spherify could not find uniform named FogEnd in the specified shader program.
[17:09:45] [Render thread/INFO]: OpenGL debug message: id=1282, source=API, type=ERROR, severity=HIGH, message='Error has been generated. GL error GL_INVALID_OPERATION in (null): (ID: 3891749976) glGetUniformLocation- program 474, "" is not linked'
[17:09:45] [Render thread/WARN]: Shader supplementaries:spherify could not find uniform named FogColor in the specified shader program.
[17:09:45] [Render thread/INFO]: OpenGL debug message: id=1282, source=API, type=ERROR, severity=HIGH, message='Error has been generated. GL error GL_INVALID_OPERATION in (null): (ID: 3891749976) glGetUniformLocation- program 474, "" is not linked'
[17:09:45] [Render thread/WARN]: Shader supplementaries:spherify could not find uniform named FogShape in the specified shader program.
[17:09:45] [Render thread/INFO]: OpenGL debug message: id=1282, source=API, type=ERROR, severity=HIGH, message='Error has been generated. GL error GL_INVALID_OPERATION in (null): (ID: 3891749976) glGetUniformLocation- program 474, "" is not linked'
[17:09:45] [Render thread/WARN]: Shader supplementaries:spherify could not find uniform named NoiseSpeed in the specified shader program.
[17:09:45] [Render thread/INFO]: OpenGL debug message: id=1282, source=API, type=ERROR, severity=HIGH, message='Error has been generated. GL error GL_INVALID_OPERATION in (null): (ID: 3891749976) glGetUniformLocation- program 474, "" is not linked'
[17:09:45] [Render thread/WARN]: Shader supplementaries:spherify could not find uniform named NoiseScale in the specified shader program.
[17:09:45] [Render thread/INFO]: OpenGL debug message: id=1282, source=API, type=ERROR, severity=HIGH, message='Error has been generated. GL error GL_INVALID_OPERATION in (null): (ID: 3891749976) glGetUniformLocation- program 474, "" is not linked'
[17:09:45] [Render thread/WARN]: Shader supplementaries:spherify could not find uniform named Intensity in the specified shader program.
[17:09:45] [Render thread/INFO]: OpenGL debug message: id=1282, source=API, type=ERROR, severity=HIGH, message='Error has been generated. GL error GL_INVALID_OPERATION in (null): (ID: 3891749976) glGetUniformLocation- program 474, "" is not linked'
[17:09:45] [Render thread/WARN]: Shader supplementaries:spherify could not find uniform named CameraPos in the specified shader program.
[17:09:45] [Render thread/INFO]: OpenGL debug message: id=1, source=SHADER COMPILER, type=ERROR, severity=HIGH, message='SHADER_ID_LINK error has been generated. GLSL link failed for program 483, "": The  shader uses varying frag_IViewRotMat, but previous shader does not write to it.
Out of resource error.
'
[17:09:45] [Render thread/WARN]: Error encountered when linking program containing VS supplementaries:spherify and FS supplementaries:spherify. Log output:
[17:09:45] [Render thread/WARN]: The  shader uses varying frag_IViewRotMat, but previous shader does not write to it.
Out of resource error.

[17:09:45] [Render thread/INFO]: OpenGL debug message: id=1282, source=API, type=ERROR, severity=HIGH, message='Error has been generated. GL error GL_INVALID_OPERATION in (null): (ID: 3891749976) glGetUniformLocation- program 483, "" is not linked'
[17:09:45] [Render thread/INFO]: OpenGL debug message: id=1282, source=API, type=ERROR, severity=HIGH, message='Error has been generated. GL error GL_INVALID_OPERATION in (null): (ID: 3891749976) glGetUniformLocation- program 483, "" is not linked'
[17:09:45] [Render thread/INFO]: OpenGL debug message: id=1282, source=API, type=ERROR, severity=HIGH, message='Error has been generated. GL error GL_INVALID_OPERATION in (null): (ID: 3891749976) glGetUniformLocation- program 483, "" is not linked'
[17:09:45] [Render thread/INFO]: OpenGL debug message: id=1282, source=API, type=ERROR, severity=HIGH, message='Error has been generated. GL error GL_INVALID_OPERATION in (null): (ID: 3891749976) glGetUniformLocation- program 483, "" is not linked'
[17:09:45] [Render thread/WARN]: Shader supplementaries:spherify could not find sampler named Sampler0 in the specified shader program.
[17:09:45] [Render thread/INFO]: OpenGL debug message: id=1282, source=API, type=ERROR, severity=HIGH, message='Error has been generated. GL error GL_INVALID_OPERATION in (null): (ID: 3891749976) glGetUniformLocation- program 483, "" is not linked'
[17:09:45] [Render thread/WARN]: Shader supplementaries:spherify could not find sampler named Sampler1 in the specified shader program.
[17:09:45] [Render thread/INFO]: OpenGL debug message: id=1282, source=API, type=ERROR, severity=HIGH, message='Error has been generated. GL error GL_INVALID_OPERATION in (null): (ID: 3891749976) glGetUniformLocation- program 483, "" is not linked'
[17:09:45] [Render thread/WARN]: Shader supplementaries:spherify could not find sampler named Sampler2 in the specified shader program.
[17:09:45] [Render thread/INFO]: OpenGL debug message: id=1282, source=API, type=ERROR, severity=HIGH, message='Error has been generated. GL error GL_INVALID_OPERATION in (null): (ID: 3891749976) glGetUniformLocation- program 483, "" is not linked'
[17:09:45] [Render thread/WARN]: Shader supplementaries:spherify could not find uniform named ModelViewMat in the specified shader program.
[17:09:45] [Render thread/INFO]: OpenGL debug message: id=1282, source=API, type=ERROR, severity=HIGH, message='Error has been generated. GL error GL_INVALID_OPERATION in (null): (ID: 3891749976) glGetUniformLocation- program 483, "" is not linked'
[17:09:45] [Render thread/WARN]: Shader supplementaries:spherify could not find uniform named ProjMat in the specified shader program.
[17:09:45] [Render thread/INFO]: OpenGL debug message: id=1282, source=API, type=ERROR, severity=HIGH, message='Error has been generated. GL error GL_INVALID_OPERATION in (null): (ID: 3891749976) glGetUniformLocation- program 483, "" is not linked'
[17:09:45] [Render thread/WARN]: Shader supplementaries:spherify could not find uniform named IViewRotMat in the specified shader program.
[17:09:45] [Render thread/INFO]: OpenGL debug message: id=1282, source=API, type=ERROR, severity=HIGH, message='Error has been generated. GL error GL_INVALID_OPERATION in (null): (ID: 3891749976) glGetUniformLocation- program 483, "" is not linked'
[17:09:45] [Render thread/WARN]: Shader supplementaries:spherify could not find uniform named ColorModulator in the specified shader program.
[17:09:45] [Render thread/INFO]: OpenGL debug message: id=1282, source=API, type=ERROR, severity=HIGH, message='Error has been generated. GL error GL_INVALID_OPERATION in (null): (ID: 3891749976) glGetUniformLocation- program 483, "" is not linked'
[17:09:45] [Render thread/WARN]: Shader supplementaries:spherify could not find uniform named Light0_Direction in the specified shader program.
[17:09:45] [Render thread/INFO]: OpenGL debug message: id=1282, source=API, type=ERROR, severity=HIGH, message='Error has been generated. GL error GL_INVALID_OPERATION in (null): (ID: 3891749976) glGetUniformLocation- program 483, "" is not linked'
[17:09:45] [Render thread/WARN]: Shader supplementaries:spherify could not find uniform named Light1_Direction in the specified shader program.
[17:09:45] [Render thread/INFO]: OpenGL debug message: id=1282, source=API, type=ERROR, severity=HIGH, message='Error has been generated. GL error GL_INVALID_OPERATION in (null): (ID: 3891749976) glGetUniformLocation- program 483, "" is not linked'
[17:09:45] [Render thread/WARN]: Shader supplementaries:spherify could not find uniform named FogStart in the specified shader program.
[17:09:45] [Render thread/INFO]: OpenGL debug message: id=1282, source=API, type=ERROR, severity=HIGH, message='Error has been generated. GL error GL_INVALID_OPERATION in (null): (ID: 3891749976) glGetUniformLocation- program 483, "" is not linked'
[17:09:45] [Render thread/WARN]: Shader supplementaries:spherify could not find uniform named FogEnd in the specified shader program.
[17:09:45] [Render thread/INFO]: OpenGL debug message: id=1282, source=API, type=ERROR, severity=HIGH, message='Error has been generated. GL error GL_INVALID_OPERATION in (null): (ID: 3891749976) glGetUniformLocation- program 483, "" is not linked'
[17:09:45] [Render thread/WARN]: Shader supplementaries:spherify could not find uniform named FogColor in the specified shader program.
[17:09:45] [Render thread/INFO]: OpenGL debug message: id=1282, source=API, type=ERROR, severity=HIGH, message='Error has been generated. GL error GL_INVALID_OPERATION in (null): (ID: 3891749976) glGetUniformLocation- program 483, "" is not linked'
[17:09:45] [Render thread/WARN]: Shader supplementaries:spherify could not find uniform named FogShape in the specified shader program.
[17:09:45] [Render thread/INFO]: OpenGL debug message: id=1282, source=API, type=ERROR, severity=HIGH, message='Error has been generated. GL error GL_INVALID_OPERATION in (null): (ID: 3891749976) glGetUniformLocation- program 483, "" is not linked'
[17:09:45] [Render thread/WARN]: Shader supplementaries:spherify could not find uniform named NoiseSpeed in the specified shader program.
[17:09:45] [Render thread/INFO]: OpenGL debug message: id=1282, source=API, type=ERROR, severity=HIGH, message='Error has been generated. GL error GL_INVALID_OPERATION in (null): (ID: 3891749976) glGetUniformLocation- program 483, "" is not linked'
[17:09:45] [Render thread/WARN]: Shader supplementaries:spherify could not find uniform named NoiseScale in the specified shader program.
[17:09:45] [Render thread/INFO]: OpenGL debug message: id=1282, source=API, type=ERROR, severity=HIGH, message='Error has been generated. GL error GL_INVALID_OPERATION in (null): (ID: 3891749976) glGetUniformLocation- program 483, "" is not linked'
[17:09:45] [Render thread/WARN]: Shader supplementaries:spherify could not find uniform named Intensity in the specified shader program.
[17:09:45] [Render thread/INFO]: OpenGL debug message: id=1282, source=API, type=ERROR, severity=HIGH, message='Error has been generated. GL error GL_INVALID_OPERATION in (null): (ID: 3891749976) glGetUniformLocation- program 483, "" is not linked'
[17:09:45] [Render thread/WARN]: Shader supplementaries:spherify could not find uniform named CameraPos in the specified shader program.
[17:09:46] [Render thread/INFO]: OpenGL debug message: id=1, source=SHADER COMPILER, type=ERROR, severity=HIGH, message='SHADER_ID_LINK error has been generated. GLSL link failed for program 492, "": The  shader uses varying frag_IViewRotMat, but previous shader does not write to it.
Out of resource error.
'
[17:09:46] [Render thread/WARN]: Error encountered when linking program containing VS supplementaries:spherify and FS supplementaries:spherify. Log output:
[17:09:46] [Render thread/WARN]: The  shader uses varying frag_IViewRotMat, but previous shader does not write to it.
Out of resource error.

[17:09:46] [Render thread/INFO]: OpenGL debug message: id=1282, source=API, type=ERROR, severity=HIGH, message='Error has been generated. GL error GL_INVALID_OPERATION in (null): (ID: 3891749976) glGetUniformLocation- program 492, "" is not linked'
[17:09:46] [Render thread/INFO]: OpenGL debug message: id=1282, source=API, type=ERROR, severity=HIGH, message='Error has been generated. GL error GL_INVALID_OPERATION in (null): (ID: 3891749976) glGetUniformLocation- program 492, "" is not linked'
[17:09:46] [Render thread/INFO]: OpenGL debug message: id=1282, source=API, type=ERROR, severity=HIGH, message='Error has been generated. GL error GL_INVALID_OPERATION in (null): (ID: 3891749976) glGetUniformLocation- program 492, "" is not linked'
[17:09:46] [Render thread/INFO]: OpenGL debug message: id=1282, source=API, type=ERROR, severity=HIGH, message='Error has been generated. GL error GL_INVALID_OPERATION in (null): (ID: 3891749976) glGetUniformLocation- program 492, "" is not linked'
[17:09:46] [Render thread/WARN]: Shader supplementaries:spherify could not find sampler named Sampler0 in the specified shader program.
[17:09:46] [Render thread/INFO]: OpenGL debug message: id=1282, source=API, type=ERROR, severity=HIGH, message='Error has been generated. GL error GL_INVALID_OPERATION in (null): (ID: 3891749976) glGetUniformLocation- program 492, "" is not linked'
[17:09:46] [Render thread/WARN]: Shader supplementaries:spherify could not find sampler named Sampler1 in the specified shader program.
[17:09:46] [Render thread/INFO]: OpenGL debug message: id=1282, source=API, type=ERROR, severity=HIGH, message='Error has been generated. GL error GL_INVALID_OPERATION in (null): (ID: 3891749976) glGetUniformLocation- program 492, "" is not linked'
[17:09:46] [Render thread/WARN]: Shader supplementaries:spherify could not find sampler named Sampler2 in the specified shader program.
[17:09:46] [Render thread/INFO]: OpenGL debug message: id=1282, source=API, type=ERROR, severity=HIGH, message='Error has been generated. GL error GL_INVALID_OPERATION in (null): (ID: 3891749976) glGetUniformLocation- program 492, "" is not linked'
[17:09:46] [Render thread/WARN]: Shader supplementaries:spherify could not find uniform named ModelViewMat in the specified shader program.
[17:09:46] [Render thread/INFO]: OpenGL debug message: id=1282, source=API, type=ERROR, severity=HIGH, message='Error has been generated. GL error GL_INVALID_OPERATION in (null): (ID: 3891749976) glGetUniformLocation- program 492, "" is not linked'
[17:09:46] [Render thread/WARN]: Shader supplementaries:spherify could not find uniform named ProjMat in the specified shader program.
[17:09:46] [Render thread/INFO]: OpenGL debug message: id=1282, source=API, type=ERROR, severity=HIGH, message='Error has been generated. GL error GL_INVALID_OPERATION in (null): (ID: 3891749976) glGetUniformLocation- program 492, "" is not linked'
[17:09:46] [Render thread/WARN]: Shader supplementaries:spherify could not find uniform named IViewRotMat in the specified shader program.
[17:09:46] [Render thread/INFO]: OpenGL debug message: id=1282, source=API, type=ERROR, severity=HIGH, message='Error has been generated. GL error GL_INVALID_OPERATION in (null): (ID: 3891749976) glGetUniformLocation- program 492, "" is not linked'
[17:09:46] [Render thread/WARN]: Shader supplementaries:spherify could not find uniform named ColorModulator in the specified shader program.
[17:09:46] [Render thread/INFO]: OpenGL debug message: id=1282, source=API, type=ERROR, severity=HIGH, message='Error has been generated. GL error GL_INVALID_OPERATION in (null): (ID: 3891749976) glGetUniformLocation- program 492, "" is not linked'
[17:09:46] [Render thread/WARN]: Shader supplementaries:spherify could not find uniform named Light0_Direction in the specified shader program.
[17:09:46] [Render thread/INFO]: OpenGL debug message: id=1282, source=API, type=ERROR, severity=HIGH, message='Error has been generated. GL error GL_INVALID_OPERATION in (null): (ID: 3891749976) glGetUniformLocation- program 492, "" is not linked'
[17:09:46] [Render thread/WARN]: Shader supplementaries:spherify could not find uniform named Light1_Direction in the specified shader program.
[17:09:46] [Render thread/INFO]: OpenGL debug message: id=1282, source=API, type=ERROR, severity=HIGH, message='Error has been generated. GL error GL_INVALID_OPERATION in (null): (ID: 3891749976) glGetUniformLocation- program 492, "" is not linked'
[17:09:46] [Render thread/WARN]: Shader supplementaries:spherify could not find uniform named FogStart in the specified shader program.
[17:09:46] [Render thread/INFO]: OpenGL debug message: id=1282, source=API, type=ERROR, severity=HIGH, message='Error has been generated. GL error GL_INVALID_OPERATION in (null): (ID: 3891749976) glGetUniformLocation- program 492, "" is not linked'
[17:09:46] [Render thread/WARN]: Shader supplementaries:spherify could not find uniform named FogEnd in the specified shader program.
[17:09:46] [Render thread/INFO]: OpenGL debug message: id=1282, source=API, type=ERROR, severity=HIGH, message='Error has been generated. GL error GL_INVALID_OPERATION in (null): (ID: 3891749976) glGetUniformLocation- program 492, "" is not linked'
[17:09:46] [Render thread/WARN]: Shader supplementaries:spherify could not find uniform named FogColor in the specified shader program.
[17:09:46] [Render thread/INFO]: OpenGL debug message: id=1282, source=API, type=ERROR, severity=HIGH, message='Error has been generated. GL error GL_INVALID_OPERATION in (null): (ID: 3891749976) glGetUniformLocation- program 492, "" is not linked'
[17:09:46] [Render thread/WARN]: Shader supplementaries:spherify could not find uniform named FogShape in the specified shader program.
[17:09:46] [Render thread/INFO]: OpenGL debug message: id=1282, source=API, type=ERROR, severity=HIGH, message='Error has been generated. GL error GL_INVALID_OPERATION in (null): (ID: 3891749976) glGetUniformLocation- program 492, "" is not linked'
[17:09:46] [Render thread/WARN]: Shader supplementaries:spherify could not find uniform named NoiseSpeed in the specified shader program.
[17:09:46] [Render thread/INFO]: OpenGL debug message: id=1282, source=API, type=ERROR, severity=HIGH, message='Error has been generated. GL error GL_INVALID_OPERATION in (null): (ID: 3891749976) glGetUniformLocation- program 492, "" is not linked'
[17:09:46] [Render thread/WARN]: Shader supplementaries:spherify could not find uniform named NoiseScale in the specified shader program.
[17:09:46] [Render thread/INFO]: OpenGL debug message: id=1282, source=API, type=ERROR, severity=HIGH, message='Error has been generated. GL error GL_INVALID_OPERATION in (null): (ID: 3891749976) glGetUniformLocation- program 492, "" is not linked'
[17:09:46] [Render thread/WARN]: Shader supplementaries:spherify could not find uniform named Intensity in the specified shader program.
[17:09:46] [Render thread/INFO]: OpenGL debug message: id=1282, source=API, type=ERROR, severity=HIGH, message='Error has been generated. GL error GL_INVALID_OPERATION in (null): (ID: 3891749976) glGetUniformLocation- program 492, "" is not linked'
[17:09:46] [Render thread/WARN]: Shader supplementaries:spherify could not find uniform named CameraPos in the specified shader program.
[17:09:46] [Render thread/INFO]: OpenGL debug message: id=1, source=SHADER COMPILER, type=ERROR, severity=HIGH, message='SHADER_ID_LINK error has been generated. GLSL link failed for program 501, "": The  shader uses varying frag_IViewRotMat, but previous shader does not write to it.
Out of resource error.
'
[17:09:46] [Render thread/WARN]: Error encountered when linking program containing VS supplementaries:spherify and FS supplementaries:spherify. Log output:
[17:09:46] [Render thread/WARN]: The  shader uses varying frag_IViewRotMat, but previous shader does not write to it.
Out of resource error.

[17:09:46] [Render thread/INFO]: OpenGL debug message: id=1282, source=API, type=ERROR, severity=HIGH, message='Error has been generated. GL error GL_INVALID_OPERATION in (null): (ID: 3891749976) glGetUniformLocation- program 501, "" is not linked'
[17:09:46] [Render thread/INFO]: OpenGL debug message: id=1282, source=API, type=ERROR, severity=HIGH, message='Error has been generated. GL error GL_INVALID_OPERATION in (null): (ID: 3891749976) glGetUniformLocation- program 501, "" is not linked'
[17:09:46] [Render thread/INFO]: OpenGL debug message: id=1282, source=API, type=ERROR, severity=HIGH, message='Error has been generated. GL error GL_INVALID_OPERATION in (null): (ID: 3891749976) glGetUniformLocation- program 501, "" is not linked'
[17:09:46] [Render thread/INFO]: OpenGL debug message: id=1282, source=API, type=ERROR, severity=HIGH, message='Error has been generated. GL error GL_INVALID_OPERATION in (null): (ID: 3891749976) glGetUniformLocation- program 501, "" is not linked'
[17:09:46] [Render thread/WARN]: Shader supplementaries:spherify could not find sampler named Sampler0 in the specified shader program.
[17:09:46] [Render thread/INFO]: OpenGL debug message: id=1282, source=API, type=ERROR, severity=HIGH, message='Error has been generated. GL error GL_INVALID_OPERATION in (null): (ID: 3891749976) glGetUniformLocation- program 501, "" is not linked'
[17:09:46] [Render thread/WARN]: Shader supplementaries:spherify could not find sampler named Sampler1 in the specified shader program.
[17:09:46] [Render thread/INFO]: OpenGL debug message: id=1282, source=API, type=ERROR, severity=HIGH, message='Error has been generated. GL error GL_INVALID_OPERATION in (null): (ID: 3891749976) glGetUniformLocation- program 501, "" is not linked'
[17:09:46] [Render thread/WARN]: Shader supplementaries:spherify could not find sampler named Sampler2 in the specified shader program.
[17:09:46] [Render thread/INFO]: OpenGL debug message: id=1282, source=API, type=ERROR, severity=HIGH, message='Error has been generated. GL error GL_INVALID_OPERATION in (null): (ID: 3891749976) glGetUniformLocation- program 501, "" is not linked'
[17:09:46] [Render thread/WARN]: Shader supplementaries:spherify could not find uniform named ModelViewMat in the specified shader program.
[17:09:46] [Render thread/INFO]: OpenGL debug message: id=1282, source=API, type=ERROR, severity=HIGH, message='Error has been generated. GL error GL_INVALID_OPERATION in (null): (ID: 3891749976) glGetUniformLocation- program 501, "" is not linked'
[17:09:46] [Render thread/WARN]: Shader supplementaries:spherify could not find uniform named ProjMat in the specified shader program.
[17:09:46] [Render thread/INFO]: OpenGL debug message: id=1282, source=API, type=ERROR, severity=HIGH, message='Error has been generated. GL error GL_INVALID_OPERATION in (null): (ID: 3891749976) glGetUniformLocation- program 501, "" is not linked'
[17:09:46] [Render thread/WARN]: Shader supplementaries:spherify could not find uniform named IViewRotMat in the specified shader program.
[17:09:46] [Render thread/INFO]: OpenGL debug message: id=1282, source=API, type=ERROR, severity=HIGH, message='Error has been generated. GL error GL_INVALID_OPERATION in (null): (ID: 3891749976) glGetUniformLocation- program 501, "" is not linked'
[17:09:46] [Render thread/WARN]: Shader supplementaries:spherify could not find uniform named ColorModulator in the specified shader program.
[17:09:46] [Render thread/INFO]: OpenGL debug message: id=1282, source=API, type=ERROR, severity=HIGH, message='Error has been generated. GL error GL_INVALID_OPERATION in (null): (ID: 3891749976) glGetUniformLocation- program 501, "" is not linked'
[17:09:46] [Render thread/WARN]: Shader supplementaries:spherify could not find uniform named Light0_Direction in the specified shader program.
[17:09:46] [Render thread/INFO]: OpenGL debug message: id=1282, source=API, type=ERROR, severity=HIGH, message='Error has been generated. GL error GL_INVALID_OPERATION in (null): (ID: 3891749976) glGetUniformLocation- program 501, "" is not linked'
[17:09:46] [Render thread/WARN]: Shader supplementaries:spherify could not find uniform named Light1_Direction in the specified shader program.
[17:09:46] [Render thread/INFO]: OpenGL debug message: id=1282, source=API, type=ERROR, severity=HIGH, message='Error has been generated. GL error GL_INVALID_OPERATION in (null): (ID: 3891749976) glGetUniformLocation- program 501, "" is not linked'
[17:09:46] [Render thread/WARN]: Shader supplementaries:spherify could not find uniform named FogStart in the specified shader program.
[17:09:46] [Render thread/INFO]: OpenGL debug message: id=1282, source=API, type=ERROR, severity=HIGH, message='Error has been generated. GL error GL_INVALID_OPERATION in (null): (ID: 3891749976) glGetUniformLocation- program 501, "" is not linked'
[17:09:46] [Render thread/WARN]: Shader supplementaries:spherify could not find uniform named FogEnd in the specified shader program.
[17:09:46] [Render thread/INFO]: OpenGL debug message: id=1282, source=API, type=ERROR, severity=HIGH, message='Error has been generated. GL error GL_INVALID_OPERATION in (null): (ID: 3891749976) glGetUniformLocation- program 501, "" is not linked'
[17:09:46] [Render thread/WARN]: Shader supplementaries:spherify could not find uniform named FogColor in the specified shader program.
[17:09:46] [Render thread/INFO]: OpenGL debug message: id=1282, source=API, type=ERROR, severity=HIGH, message='Error has been generated. GL error GL_INVALID_OPERATION in (null): (ID: 3891749976) glGetUniformLocation- program 501, "" is not linked'
[17:09:46] [Render thread/WARN]: Shader supplementaries:spherify could not find uniform named FogShape in the specified shader program.
[17:09:46] [Render thread/INFO]: OpenGL debug message: id=1282, source=API, type=ERROR, severity=HIGH, message='Error has been generated. GL error GL_INVALID_OPERATION in (null): (ID: 3891749976) glGetUniformLocation- program 501, "" is not linked'
[17:09:46] [Render thread/WARN]: Shader supplementaries:spherify could not find uniform named NoiseSpeed in the specified shader program.
[17:09:46] [Render thread/INFO]: OpenGL debug message: id=1282, source=API, type=ERROR, severity=HIGH, message='Error has been generated. GL error GL_INVALID_OPERATION in (null): (ID: 3891749976) glGetUniformLocation- program 501, "" is not linked'
[17:09:46] [Render thread/WARN]: Shader supplementaries:spherify could not find uniform named NoiseScale in the specified shader program.
[17:09:46] [Render thread/INFO]: OpenGL debug message: id=1282, source=API, type=ERROR, severity=HIGH, message='Error has been generated. GL error GL_INVALID_OPERATION in (null): (ID: 3891749976) glGetUniformLocation- program 501, "" is not linked'
[17:09:46] [Render thread/WARN]: Shader supplementaries:spherify could not find uniform named Intensity in the specified shader program.
[17:09:46] [Render thread/INFO]: OpenGL debug message: id=1282, source=API, type=ERROR, severity=HIGH, message='Error has been generated. GL error GL_INVALID_OPERATION in (null): (ID: 3891749976) glGetUniformLocation- program 501, "" is not linked'
[17:09:46] [Render thread/WARN]: Shader supplementaries:spherify could not find uniform named CameraPos in the specified shader program.
[17:09:46] [Render thread/INFO]: OpenGL debug message: id=1, source=SHADER COMPILER, type=ERROR, severity=HIGH, message='SHADER_ID_LINK error has been generated. GLSL link failed for program 510, "": The  shader uses varying frag_IViewRotMat, but previous shader does not write to it.
Out of resource error.
'
[17:09:46] [Render thread/WARN]: Error encountered when linking program containing VS supplementaries:spherify and FS supplementaries:spherify. Log output:
[17:09:46] [Render thread/WARN]: The  shader uses varying frag_IViewRotMat, but previous shader does not write to it.
Out of resource error.

[17:09:46] [Render thread/INFO]: OpenGL debug message: id=1282, source=API, type=ERROR, severity=HIGH, message='Error has been generated. GL error GL_INVALID_OPERATION in (null): (ID: 3891749976) glGetUniformLocation- program 510, "" is not linked'
[17:09:46] [Render thread/INFO]: OpenGL debug message: id=1282, source=API, type=ERROR, severity=HIGH, message='Error has been generated. GL error GL_INVALID_OPERATION in (null): (ID: 3891749976) glGetUniformLocation- program 510, "" is not linked'
[17:09:46] [Render thread/INFO]: OpenGL debug message: id=1282, source=API, type=ERROR, severity=HIGH, message='Error has been generated. GL error GL_INVALID_OPERATION in (null): (ID: 3891749976) glGetUniformLocation- program 510, "" is not linked'
[17:09:46] [Render thread/INFO]: OpenGL debug message: id=1282, source=API, type=ERROR, severity=HIGH, message='Error has been generated. GL error GL_INVALID_OPERATION in (null): (ID: 3891749976) glGetUniformLocation- program 510, "" is not linked'
[17:09:46] [Render thread/WARN]: Shader supplementaries:spherify could not find sampler named Sampler0 in the specified shader program.
[17:09:46] [Render thread/INFO]: OpenGL debug message: id=1282, source=API, type=ERROR, severity=HIGH, message='Error has been generated. GL error GL_INVALID_OPERATION in (null): (ID: 3891749976) glGetUniformLocation- program 510, "" is not linked'
[17:09:46] [Render thread/WARN]: Shader supplementaries:spherify could not find sampler named Sampler1 in the specified shader program.
[17:09:46] [Render thread/INFO]: OpenGL debug message: id=1282, source=API, type=ERROR, severity=HIGH, message='Error has been generated. GL error GL_INVALID_OPERATION in (null): (ID: 3891749976) glGetUniformLocation- program 510, "" is not linked'
[17:09:46] [Render thread/WARN]: Shader supplementaries:spherify could not find sampler named Sampler2 in the specified shader program.
[17:09:46] [Render thread/INFO]: OpenGL debug message: id=1282, source=API, type=ERROR, severity=HIGH, message='Error has been generated. GL error GL_INVALID_OPERATION in (null): (ID: 3891749976) glGetUniformLocation- program 510, "" is not linked'
[17:09:46] [Render thread/WARN]: Shader supplementaries:spherify could not find uniform named ModelViewMat in the specified shader program.
[17:09:46] [Render thread/INFO]: OpenGL debug message: id=1282, source=API, type=ERROR, severity=HIGH, message='Error has been generated. GL error GL_INVALID_OPERATION in (null): (ID: 3891749976) glGetUniformLocation- program 510, "" is not linked'
[17:09:46] [Render thread/WARN]: Shader supplementaries:spherify could not find uniform named ProjMat in the specified shader program.
[17:09:46] [Render thread/INFO]: OpenGL debug message: id=1282, source=API, type=ERROR, severity=HIGH, message='Error has been generated. GL error GL_INVALID_OPERATION in (null): (ID: 3891749976) glGetUniformLocation- program 510, "" is not linked'
[17:09:46] [Render thread/WARN]: Shader supplementaries:spherify could not find uniform named IViewRotMat in the specified shader program.
[17:09:46] [Render thread/INFO]: OpenGL debug message: id=1282, source=API, type=ERROR, severity=HIGH, message='Error has been generated. GL error GL_INVALID_OPERATION in (null): (ID: 3891749976) glGetUniformLocation- program 510, "" is not linked'
[17:09:46] [Render thread/WARN]: Shader supplementaries:spherify could not find uniform named ColorModulator in the specified shader program.
[17:09:46] [Render thread/INFO]: OpenGL debug message: id=1282, source=API, type=ERROR, severity=HIGH, message='Error has been generated. GL error GL_INVALID_OPERATION in (null): (ID: 3891749976) glGetUniformLocation- program 510, "" is not linked'
[17:09:46] [Render thread/WARN]: Shader supplementaries:spherify could not find uniform named Light0_Direction in the specified shader program.
[17:09:46] [Render thread/INFO]: OpenGL debug message: id=1282, source=API, type=ERROR, severity=HIGH, message='Error has been generated. GL error GL_INVALID_OPERATION in (null): (ID: 3891749976) glGetUniformLocation- program 510, "" is not linked'
[17:09:46] [Render thread/WARN]: Shader supplementaries:spherify could not find uniform named Light1_Direction in the specified shader program.
[17:09:46] [Render thread/INFO]: OpenGL debug message: id=1282, source=API, type=ERROR, severity=HIGH, message='Error has been generated. GL error GL_INVALID_OPERATION in (null): (ID: 3891749976) glGetUniformLocation- program 510, "" is not linked'
[17:09:46] [Render thread/WARN]: Shader supplementaries:spherify could not find uniform named FogStart in the specified shader program.
[17:09:46] [Render thread/INFO]: OpenGL debug message: id=1282, source=API, type=ERROR, severity=HIGH, message='Error has been generated. GL error GL_INVALID_OPERATION in (null): (ID: 3891749976) glGetUniformLocation- program 510, "" is not linked'
[17:09:46] [Render thread/WARN]: Shader supplementaries:spherify could not find uniform named FogEnd in the specified shader program.
[17:09:46] [Render thread/INFO]: OpenGL debug message: id=1282, source=API, type=ERROR, severity=HIGH, message='Error has been generated. GL error GL_INVALID_OPERATION in (null): (ID: 3891749976) glGetUniformLocation- program 510, "" is not linked'
[17:09:46] [Render thread/WARN]: Shader supplementaries:spherify could not find uniform named FogColor in the specified shader program.
[17:09:46] [Render thread/INFO]: OpenGL debug message: id=1282, source=API, type=ERROR, severity=HIGH, message='Error has been generated. GL error GL_INVALID_OPERATION in (null): (ID: 3891749976) glGetUniformLocation- program 510, "" is not linked'
[17:09:46] [Render thread/WARN]: Shader supplementaries:spherify could not find uniform named FogShape in the specified shader program.
[17:09:46] [Render thread/INFO]: OpenGL debug message: id=1282, source=API, type=ERROR, severity=HIGH, message='Error has been generated. GL error GL_INVALID_OPERATION in (null): (ID: 3891749976) glGetUniformLocation- program 510, "" is not linked'
[17:09:46] [Render thread/WARN]: Shader supplementaries:spherify could not find uniform named NoiseSpeed in the specified shader program.
[17:09:46] [Render thread/INFO]: OpenGL debug message: id=1282, source=API, type=ERROR, severity=HIGH, message='Error has been generated. GL error GL_INVALID_OPERATION in (null): (ID: 3891749976) glGetUniformLocation- program 510, "" is not linked'
[17:09:46] [Render thread/WARN]: Shader supplementaries:spherify could not find uniform named NoiseScale in the specified shader program.
[17:09:46] [Render thread/INFO]: OpenGL debug message: id=1282, source=API, type=ERROR, severity=HIGH, message='Error has been generated. GL error GL_INVALID_OPERATION in (null): (ID: 3891749976) glGetUniformLocation- program 510, "" is not linked'
[17:09:46] [Render thread/WARN]: Shader supplementaries:spherify could not find uniform named Intensity in the specified shader program.
[17:09:46] [Render thread/INFO]: OpenGL debug message: id=1282, source=API, type=ERROR, severity=HIGH, message='Error has been generated. GL error GL_INVALID_OPERATION in (null): (ID: 3891749976) glGetUniformLocation- program 510, "" is not linked'
[17:09:46] [Render thread/WARN]: Shader supplementaries:spherify could not find uniform named CameraPos in the specified shader program.
[17:09:46] [Render thread/INFO]: OpenGL debug message: id=1, source=SHADER COMPILER, type=ERROR, severity=HIGH, message='SHADER_ID_LINK error has been generated. GLSL link failed for program 519, "": The  shader uses varying frag_IViewRotMat, but previous shader does not write to it.
Out of resource error.
'
[17:09:46] [Render thread/WARN]: Error encountered when linking program containing VS supplementaries:spherify and FS supplementaries:spherify. Log output:
[17:09:46] [Render thread/WARN]: The  shader uses varying frag_IViewRotMat, but previous shader does not write to it.
Out of resource error.

[17:09:46] [Render thread/INFO]: OpenGL debug message: id=1282, source=API, type=ERROR, severity=HIGH, message='Error has been generated. GL error GL_INVALID_OPERATION in (null): (ID: 3891749976) glGetUniformLocation- program 519, "" is not linked'
[17:09:46] [Render thread/INFO]: OpenGL debug message: id=1282, source=API, type=ERROR, severity=HIGH, message='Error has been generated. GL error GL_INVALID_OPERATION in (null): (ID: 3891749976) glGetUniformLocation- program 519, "" is not linked'
[17:09:46] [Render thread/INFO]: OpenGL debug message: id=1282, source=API, type=ERROR, severity=HIGH, message='Error has been generated. GL error GL_INVALID_OPERATION in (null): (ID: 3891749976) glGetUniformLocation- program 519, "" is not linked'
[17:09:46] [Render thread/INFO]: OpenGL debug message: id=1282, source=API, type=ERROR, severity=HIGH, message='Error has been generated. GL error GL_INVALID_OPERATION in (null): (ID: 3891749976) glGetUniformLocation- program 519, "" is not linked'
[17:09:46] [Render thread/WARN]: Shader supplementaries:spherify could not find sampler named Sampler0 in the specified shader program.
[17:09:46] [Render thread/INFO]: OpenGL debug message: id=1282, source=API, type=ERROR, severity=HIGH, message='Error has been generated. GL error GL_INVALID_OPERATION in (null): (ID: 3891749976) glGetUniformLocation- program 519, "" is not linked'
[17:09:46] [Render thread/WARN]: Shader supplementaries:spherify could not find sampler named Sampler1 in the specified shader program.
[17:09:46] [Render thread/INFO]: OpenGL debug message: id=1282, source=API, type=ERROR, severity=HIGH, message='Error has been generated. GL error GL_INVALID_OPERATION in (null): (ID: 3891749976) glGetUniformLocation- program 519, "" is not linked'
[17:09:46] [Render thread/WARN]: Shader supplementaries:spherify could not find sampler named Sampler2 in the specified shader program.
[17:09:46] [Render thread/INFO]: OpenGL debug message: id=1282, source=API, type=ERROR, severity=HIGH, message='Error has been generated. GL error GL_INVALID_OPERATION in (null): (ID: 3891749976) glGetUniformLocation- program 519, "" is not linked'
[17:09:46] [Render thread/WARN]: Shader supplementaries:spherify could not find uniform named ModelViewMat in the specified shader program.
[17:09:46] [Render thread/INFO]: OpenGL debug message: id=1282, source=API, type=ERROR, severity=HIGH, message='Error has been generated. GL error GL_INVALID_OPERATION in (null): (ID: 3891749976) glGetUniformLocation- program 519, "" is not linked'
[17:09:46] [Render thread/WARN]: Shader supplementaries:spherify could not find uniform named ProjMat in the specified shader program.
[17:09:46] [Render thread/INFO]: OpenGL debug message: id=1282, source=API, type=ERROR, severity=HIGH, message='Error has been generated. GL error GL_INVALID_OPERATION in (null): (ID: 3891749976) glGetUniformLocation- program 519, "" is not linked'
[17:09:46] [Render thread/WARN]: Shader supplementaries:spherify could not find uniform named IViewRotMat in the specified shader program.
[17:09:46] [Render thread/INFO]: OpenGL debug message: id=1282, source=API, type=ERROR, severity=HIGH, message='Error has been generated. GL error GL_INVALID_OPERATION in (null): (ID: 3891749976) glGetUniformLocation- program 519, "" is not linked'
[17:09:46] [Render thread/WARN]: Shader supplementaries:spherify could not find uniform named ColorModulator in the specified shader program.
[17:09:46] [Render thread/INFO]: OpenGL debug message: id=1282, source=API, type=ERROR, severity=HIGH, message='Error has been generated. GL error GL_INVALID_OPERATION in (null): (ID: 3891749976) glGetUniformLocation- program 519, "" is not linked'
[17:09:46] [Render thread/WARN]: Shader supplementaries:spherify could not find uniform named Light0_Direction in the specified shader program.
[17:09:46] [Render thread/INFO]: OpenGL debug message: id=1282, source=API, type=ERROR, severity=HIGH, message='Error has been generated. GL error GL_INVALID_OPERATION in (null): (ID: 3891749976) glGetUniformLocation- program 519, "" is not linked'
[17:09:46] [Render thread/WARN]: Shader supplementaries:spherify could not find uniform named Light1_Direction in the specified shader program.
[17:09:46] [Render thread/INFO]: OpenGL debug message: id=1282, source=API, type=ERROR, severity=HIGH, message='Error has been generated. GL error GL_INVALID_OPERATION in (null): (ID: 3891749976) glGetUniformLocation- program 519, "" is not linked'
[17:09:46] [Render thread/WARN]: Shader supplementaries:spherify could not find uniform named FogStart in the specified shader program.
[17:09:46] [Render thread/INFO]: OpenGL debug message: id=1282, source=API, type=ERROR, severity=HIGH, message='Error has been generated. GL error GL_INVALID_OPERATION in (null): (ID: 3891749976) glGetUniformLocation- program 519, "" is not linked'
[17:09:46] [Render thread/WARN]: Shader supplementaries:spherify could not find uniform named FogEnd in the specified shader program.
[17:09:46] [Render thread/INFO]: OpenGL debug message: id=1282, source=API, type=ERROR, severity=HIGH, message='Error has been generated. GL error GL_INVALID_OPERATION in (null): (ID: 3891749976) glGetUniformLocation- program 519, "" is not linked'
[17:09:46] [Render thread/WARN]: Shader supplementaries:spherify could not find uniform named FogColor in the specified shader program.
[17:09:46] [Render thread/INFO]: OpenGL debug message: id=1282, source=API, type=ERROR, severity=HIGH, message='Error has been generated. GL error GL_INVALID_OPERATION in (null): (ID: 3891749976) glGetUniformLocation- program 519, "" is not linked'
[17:09:46] [Render thread/WARN]: Shader supplementaries:spherify could not find uniform named FogShape in the specified shader program.
[17:09:46] [Render thread/INFO]: OpenGL debug message: id=1282, source=API, type=ERROR, severity=HIGH, message='Error has been generated. GL error GL_INVALID_OPERATION in (null): (ID: 3891749976) glGetUniformLocation- program 519, "" is not linked'
[17:09:46] [Render thread/WARN]: Shader supplementaries:spherify could not find uniform named NoiseSpeed in the specified shader program.
[17:09:46] [Render thread/INFO]: OpenGL debug message: id=1282, source=API, type=ERROR, severity=HIGH, message='Error has been generated. GL error GL_INVALID_OPERATION in (null): (ID: 3891749976) glGetUniformLocation- program 519, "" is not linked'
[17:09:46] [Render thread/WARN]: Shader supplementaries:spherify could not find uniform named NoiseScale in the specified shader program.
[17:09:46] [Render thread/INFO]: OpenGL debug message: id=1282, source=API, type=ERROR, severity=HIGH, message='Error has been generated. GL error GL_INVALID_OPERATION in (null): (ID: 3891749976) glGetUniformLocation- program 519, "" is not linked'
[17:09:46] [Render thread/WARN]: Shader supplementaries:spherify could not find uniform named Intensity in the specified shader program.
[17:09:46] [Render thread/INFO]: OpenGL debug message: id=1282, source=API, type=ERROR, severity=HIGH, message='Error has been generated. GL error GL_INVALID_OPERATION in (null): (ID: 3891749976) glGetUniformLocation- program 519, "" is not linked'
[17:09:46] [Render thread/WARN]: Shader supplementaries:spherify could not find uniform named CameraPos in the specified shader program.
[17:09:47] [Render thread/INFO]: OpenGL debug message: id=1, source=SHADER COMPILER, type=ERROR, severity=HIGH, message='SHADER_ID_LINK error has been generated. GLSL link failed for program 526, "": The  shader uses varying frag_IViewRotMat, but previous shader does not write to it.
Out of resource error.
'
[17:09:47] [Render thread/WARN]: Error encountered when linking program containing VS supplementaries:spherify and FS supplementaries:spherify. Log output:
[17:09:47] [Render thread/WARN]: The  shader uses varying frag_IViewRotMat, but previous shader does not write to it.
Out of resource error.

[17:09:47] [Render thread/INFO]: OpenGL debug message: id=1282, source=API, type=ERROR, severity=HIGH, message='Error has been generated. GL error GL_INVALID_OPERATION in (null): (ID: 3891749976) glGetUniformLocation- program 526, "" is not linked'
[17:09:47] [Render thread/INFO]: OpenGL debug message: id=1282, source=API, type=ERROR, severity=HIGH, message='Error has been generated. GL error GL_INVALID_OPERATION in (null): (ID: 3891749976) glGetUniformLocation- program 526, "" is not linked'
[17:09:47] [Render thread/INFO]: OpenGL debug message: id=1282, source=API, type=ERROR, severity=HIGH, message='Error has been generated. GL error GL_INVALID_OPERATION in (null): (ID: 3891749976) glGetUniformLocation- program 526, "" is not linked'
[17:09:47] [Render thread/INFO]: OpenGL debug message: id=1282, source=API, type=ERROR, severity=HIGH, message='Error has been generated. GL error GL_INVALID_OPERATION in (null): (ID: 3891749976) glGetUniformLocation- program 526, "" is not linked'
[17:09:47] [Render thread/WARN]: Shader supplementaries:spherify could not find sampler named Sampler0 in the specified shader program.
[17:09:47] [Render thread/INFO]: OpenGL debug message: id=1282, source=API, type=ERROR, severity=HIGH, message='Error has been generated. GL error GL_INVALID_OPERATION in (null): (ID: 3891749976) glGetUniformLocation- program 526, "" is not linked'
[17:09:47] [Render thread/WARN]: Shader supplementaries:spherify could not find sampler named Sampler1 in the specified shader program.
[17:09:47] [Render thread/INFO]: OpenGL debug message: id=1282, source=API, type=ERROR, severity=HIGH, message='Error has been generated. GL error GL_INVALID_OPERATION in (null): (ID: 3891749976) glGetUniformLocation- program 526, "" is not linked'
[17:09:47] [Render thread/WARN]: Shader supplementaries:spherify could not find sampler named Sampler2 in the specified shader program.
[17:09:47] [Render thread/INFO]: OpenGL debug message: id=1282, source=API, type=ERROR, severity=HIGH, message='Error has been generated. GL error GL_INVALID_OPERATION in (null): (ID: 3891749976) glGetUniformLocation- program 526, "" is not linked'
[17:09:47] [Render thread/WARN]: Shader supplementaries:spherify could not find uniform named ModelViewMat in the specified shader program.
[17:09:47] [Render thread/INFO]: OpenGL debug message: id=1282, source=API, type=ERROR, severity=HIGH, message='Error has been generated. GL error GL_INVALID_OPERATION in (null): (ID: 3891749976) glGetUniformLocation- program 526, "" is not linked'
[17:09:47] [Render thread/WARN]: Shader supplementaries:spherify could not find uniform named ProjMat in the specified shader program.
[17:09:47] [Render thread/INFO]: OpenGL debug message: id=1282, source=API, type=ERROR, severity=HIGH, message='Error has been generated. GL error GL_INVALID_OPERATION in (null): (ID: 3891749976) glGetUniformLocation- program 526, "" is not linked'
[17:09:47] [Render thread/WARN]: Shader supplementaries:spherify could not find uniform named IViewRotMat in the specified shader program.
[17:09:47] [Render thread/INFO]: OpenGL debug message: id=1282, source=API, type=ERROR, severity=HIGH, message='Error has been generated. GL error GL_INVALID_OPERATION in (null): (ID: 3891749976) glGetUniformLocation- program 526, "" is not linked'
[17:09:47] [Render thread/WARN]: Shader supplementaries:spherify could not find uniform named ColorModulator in the specified shader program.
[17:09:47] [Render thread/INFO]: OpenGL debug message: id=1282, source=API, type=ERROR, severity=HIGH, message='Error has been generated. GL error GL_INVALID_OPERATION in (null): (ID: 3891749976) glGetUniformLocation- program 526, "" is not linked'
[17:09:47] [Render thread/WARN]: Shader supplementaries:spherify could not find uniform named Light0_Direction in the specified shader program.
[17:09:47] [Render thread/INFO]: OpenGL debug message: id=1282, source=API, type=ERROR, severity=HIGH, message='Error has been generated. GL error GL_INVALID_OPERATION in (null): (ID: 3891749976) glGetUniformLocation- program 526, "" is not linked'
[17:09:47] [Render thread/WARN]: Shader supplementaries:spherify could not find uniform named Light1_Direction in the specified shader program.
[17:09:47] [Render thread/INFO]: OpenGL debug message: id=1282, source=API, type=ERROR, severity=HIGH, message='Error has been generated. GL error GL_INVALID_OPERATION in (null): (ID: 3891749976) glGetUniformLocation- program 526, "" is not linked'
[17:09:47] [Render thread/WARN]: Shader supplementaries:spherify could not find uniform named FogStart in the specified shader program.
[17:09:47] [Render thread/INFO]: OpenGL debug message: id=1282, source=API, type=ERROR, severity=HIGH, message='Error has been generated. GL error GL_INVALID_OPERATION in (null): (ID: 3891749976) glGetUniformLocation- program 526, "" is not linked'
[17:09:47] [Render thread/WARN]: Shader supplementaries:spherify could not find uniform named FogEnd in the specified shader program.
[17:09:47] [Render thread/INFO]: OpenGL debug message: id=1282, source=API, type=ERROR, severity=HIGH, message='Error has been generated. GL error GL_INVALID_OPERATION in (null): (ID: 3891749976) glGetUniformLocation- program 526, "" is not linked'
[17:09:47] [Render thread/WARN]: Shader supplementaries:spherify could not find uniform named FogColor in the specified shader program.
[17:09:47] [Render thread/INFO]: OpenGL debug message: id=1282, source=API, type=ERROR, severity=HIGH, message='Error has been generated. GL error GL_INVALID_OPERATION in (null): (ID: 3891749976) glGetUniformLocation- program 526, "" is not linked'
[17:09:47] [Render thread/WARN]: Shader supplementaries:spherify could not find uniform named FogShape in the specified shader program.
[17:09:47] [Render thread/INFO]: OpenGL debug message: id=1282, source=API, type=ERROR, severity=HIGH, message='Error has been generated. GL error GL_INVALID_OPERATION in (null): (ID: 3891749976) glGetUniformLocation- program 526, "" is not linked'
[17:09:47] [Render thread/WARN]: Shader supplementaries:spherify could not find uniform named NoiseSpeed in the specified shader program.
[17:09:47] [Render thread/INFO]: OpenGL debug message: id=1282, source=API, type=ERROR, severity=HIGH, message='Error has been generated. GL error GL_INVALID_OPERATION in (null): (ID: 3891749976) glGetUniformLocation- program 526, "" is not linked'
[17:09:47] [Render thread/WARN]: Shader supplementaries:spherify could not find uniform named NoiseScale in the specified shader program.
[17:09:47] [Render thread/INFO]: OpenGL debug message: id=1282, source=API, type=ERROR, severity=HIGH, message='Error has been generated. GL error GL_INVALID_OPERATION in (null): (ID: 3891749976) glGetUniformLocation- program 526, "" is not linked'
[17:09:47] [Render thread/WARN]: Shader supplementaries:spherify could not find uniform named Intensity in the specified shader program.
[17:09:47] [Render thread/INFO]: OpenGL debug message: id=1282, source=API, type=ERROR, severity=HIGH, message='Error has been generated. GL error GL_INVALID_OPERATION in (null): (ID: 3891749976) glGetUniformLocation- program 526, "" is not linked'
[17:09:47] [Render thread/WARN]: Shader supplementaries:spherify could not find uniform named CameraPos in the specified shader program.
[17:09:47] [Render thread/INFO]: OpenGL debug message: id=1, source=SHADER COMPILER, type=ERROR, severity=HIGH, message='SHADER_ID_LINK error has been generated. GLSL link failed for program 535, "": The  shader uses varying frag_IViewRotMat, but previous shader does not write to it.
Out of resource error.
'
[17:09:47] [Render thread/WARN]: Error encountered when linking program containing VS supplementaries:spherify and FS supplementaries:spherify. Log output:
[17:09:47] [Render thread/WARN]: The  shader uses varying frag_IViewRotMat, but previous shader does not write to it.
Out of resource error.

[17:09:47] [Render thread/INFO]: OpenGL debug message: id=1282, source=API, type=ERROR, severity=HIGH, message='Error has been generated. GL error GL_INVALID_OPERATION in (null): (ID: 3891749976) glGetUniformLocation- program 535, "" is not linked'
[17:09:47] [Render thread/INFO]: OpenGL debug message: id=1282, source=API, type=ERROR, severity=HIGH, message='Error has been generated. GL error GL_INVALID_OPERATION in (null): (ID: 3891749976) glGetUniformLocation- program 535, "" is not linked'
[17:09:47] [Render thread/INFO]: OpenGL debug message: id=1282, source=API, type=ERROR, severity=HIGH, message='Error has been generated. GL error GL_INVALID_OPERATION in (null): (ID: 3891749976) glGetUniformLocation- program 535, "" is not linked'
[17:09:47] [Render thread/INFO]: OpenGL debug message: id=1282, source=API, type=ERROR, severity=HIGH, message='Error has been generated. GL error GL_INVALID_OPERATION in (null): (ID: 3891749976) glGetUniformLocation- program 535, "" is not linked'
[17:09:47] [Render thread/WARN]: Shader supplementaries:spherify could not find sampler named Sampler0 in the specified shader program.
[17:09:47] [Render thread/INFO]: OpenGL debug message: id=1282, source=API, type=ERROR, severity=HIGH, message='Error has been generated. GL error GL_INVALID_OPERATION in (null): (ID: 3891749976) glGetUniformLocation- program 535, "" is not linked'
[17:09:47] [Render thread/WARN]: Shader supplementaries:spherify could not find sampler named Sampler1 in the specified shader program.
[17:09:47] [Render thread/INFO]: OpenGL debug message: id=1282, source=API, type=ERROR, severity=HIGH, message='Error has been generated. GL error GL_INVALID_OPERATION in (null): (ID: 3891749976) glGetUniformLocation- program 535, "" is not linked'
[17:09:47] [Render thread/WARN]: Shader supplementaries:spherify could not find sampler named Sampler2 in the specified shader program.
[17:09:47] [Render thread/INFO]: OpenGL debug message: id=1282, source=API, type=ERROR, severity=HIGH, message='Error has been generated. GL error GL_INVALID_OPERATION in (null): (ID: 3891749976) glGetUniformLocation- program 535, "" is not linked'
[17:09:47] [Render thread/WARN]: Shader supplementaries:spherify could not find uniform named ModelViewMat in the specified shader program.
[17:09:47] [Render thread/INFO]: OpenGL debug message: id=1282, source=API, type=ERROR, severity=HIGH, message='Error has been generated. GL error GL_INVALID_OPERATION in (null): (ID: 3891749976) glGetUniformLocation- program 535, "" is not linked'
[17:09:47] [Render thread/WARN]: Shader supplementaries:spherify could not find uniform named ProjMat in the specified shader program.
[17:09:47] [Render thread/INFO]: OpenGL debug message: id=1282, source=API, type=ERROR, severity=HIGH, message='Error has been generated. GL error GL_INVALID_OPERATION in (null): (ID: 3891749976) glGetUniformLocation- program 535, "" is not linked'
[17:09:47] [Render thread/WARN]: Shader supplementaries:spherify could not find uniform named IViewRotMat in the specified shader program.
[17:09:47] [Render thread/INFO]: OpenGL debug message: id=1282, source=API, type=ERROR, severity=HIGH, message='Error has been generated. GL error GL_INVALID_OPERATION in (null): (ID: 3891749976) glGetUniformLocation- program 535, "" is not linked'
[17:09:47] [Render thread/WARN]: Shader supplementaries:spherify could not find uniform named ColorModulator in the specified shader program.
[17:09:47] [Render thread/INFO]: OpenGL debug message: id=1282, source=API, type=ERROR, severity=HIGH, message='Error has been generated. GL error GL_INVALID_OPERATION in (null): (ID: 3891749976) glGetUniformLocation- program 535, "" is not linked'
[17:09:47] [Render thread/WARN]: Shader supplementaries:spherify could not find uniform named Light0_Direction in the specified shader program.
[17:09:47] [Render thread/INFO]: OpenGL debug message: id=1282, source=API, type=ERROR, severity=HIGH, message='Error has been generated. GL error GL_INVALID_OPERATION in (null): (ID: 3891749976) glGetUniformLocation- program 535, "" is not linked'
[17:09:47] [Render thread/WARN]: Shader supplementaries:spherify could not find uniform named Light1_Direction in the specified shader program.
[17:09:47] [Render thread/INFO]: OpenGL debug message: id=1282, source=API, type=ERROR, severity=HIGH, message='Error has been generated. GL error GL_INVALID_OPERATION in (null): (ID: 3891749976) glGetUniformLocation- program 535, "" is not linked'
[17:09:47] [Render thread/WARN]: Shader supplementaries:spherify could not find uniform named FogStart in the specified shader program.
[17:09:47] [Render thread/INFO]: OpenGL debug message: id=1282, source=API, type=ERROR, severity=HIGH, message='Error has been generated. GL error GL_INVALID_OPERATION in (null): (ID: 3891749976) glGetUniformLocation- program 535, "" is not linked'
[17:09:47] [Render thread/WARN]: Shader supplementaries:spherify could not find uniform named FogEnd in the specified shader program.
[17:09:47] [Render thread/INFO]: OpenGL debug message: id=1282, source=API, type=ERROR, severity=HIGH, message='Error has been generated. GL error GL_INVALID_OPERATION in (null): (ID: 3891749976) glGetUniformLocation- program 535, "" is not linked'
[17:09:47] [Render thread/WARN]: Shader supplementaries:spherify could not find uniform named FogColor in the specified shader program.
[17:09:47] [Render thread/INFO]: OpenGL debug message: id=1282, source=API, type=ERROR, severity=HIGH, message='Error has been generated. GL error GL_INVALID_OPERATION in (null): (ID: 3891749976) glGetUniformLocation- program 535, "" is not linked'
[17:09:47] [Render thread/WARN]: Shader supplementaries:spherify could not find uniform named FogShape in the specified shader program.
[17:09:47] [Render thread/INFO]: OpenGL debug message: id=1282, source=API, type=ERROR, severity=HIGH, message='Error has been generated. GL error GL_INVALID_OPERATION in (null): (ID: 3891749976) glGetUniformLocation- program 535, "" is not linked'
[17:09:47] [Render thread/WARN]: Shader supplementaries:spherify could not find uniform named NoiseSpeed in the specified shader program.
[17:09:47] [Render thread/INFO]: OpenGL debug message: id=1282, source=API, type=ERROR, severity=HIGH, message='Error has been generated. GL error GL_INVALID_OPERATION in (null): (ID: 3891749976) glGetUniformLocation- program 535, "" is not linked'
[17:09:47] [Render thread/WARN]: Shader supplementaries:spherify could not find uniform named NoiseScale in the specified shader program.
[17:09:47] [Render thread/INFO]: OpenGL debug message: id=1282, source=API, type=ERROR, severity=HIGH, message='Error has been generated. GL error GL_INVALID_OPERATION in (null): (ID: 3891749976) glGetUniformLocation- program 535, "" is not linked'
[17:09:47] [Render thread/WARN]: Shader supplementaries:spherify could not find uniform named Intensity in the specified shader program.
[17:09:47] [Render thread/INFO]: OpenGL debug message: id=1282, source=API, type=ERROR, severity=HIGH, message='Error has been generated. GL error GL_INVALID_OPERATION in (null): (ID: 3891749976) glGetUniformLocation- program 535, "" is not linked'
[17:09:47] [Render thread/WARN]: Shader supplementaries:spherify could not find uniform named CameraPos in the specified shader program.
[17:09:47] [Render thread/INFO]: OpenGL debug message: id=1, source=SHADER COMPILER, type=ERROR, severity=HIGH, message='SHADER_ID_LINK error has been generated. GLSL link failed for program 544, "": The  shader uses varying frag_IViewRotMat, but previous shader does not write to it.
Out of resource error.
'
[17:09:47] [Render thread/WARN]: Error encountered when linking program containing VS supplementaries:spherify and FS supplementaries:spherify. Log output:
[17:09:47] [Render thread/WARN]: The  shader uses varying frag_IViewRotMat, but previous shader does not write to it.
Out of resource error.

[17:09:47] [Render thread/INFO]: OpenGL debug message: id=1282, source=API, type=ERROR, severity=HIGH, message='Error has been generated. GL error GL_INVALID_OPERATION in (null): (ID: 3891749976) glGetUniformLocation- program 544, "" is not linked'
[17:09:47] [Render thread/INFO]: OpenGL debug message: id=1282, source=API, type=ERROR, severity=HIGH, message='Error has been generated. GL error GL_INVALID_OPERATION in (null): (ID: 3891749976) glGetUniformLocation- program 544, "" is not linked'
[17:09:47] [Render thread/INFO]: OpenGL debug message: id=1282, source=API, type=ERROR, severity=HIGH, message='Error has been generated. GL error GL_INVALID_OPERATION in (null): (ID: 3891749976) glGetUniformLocation- program 544, "" is not linked'
[17:09:47] [Render thread/INFO]: OpenGL debug message: id=1282, source=API, type=ERROR, severity=HIGH, message='Error has been generated. GL error GL_INVALID_OPERATION in (null): (ID: 3891749976) glGetUniformLocation- program 544, "" is not linked'
[17:09:47] [Render thread/WARN]: Shader supplementaries:spherify could not find sampler named Sampler0 in the specified shader program.
[17:09:47] [Render thread/INFO]: OpenGL debug message: id=1282, source=API, type=ERROR, severity=HIGH, message='Error has been generated. GL error GL_INVALID_OPERATION in (null): (ID: 3891749976) glGetUniformLocation- program 544, "" is not linked'
[17:09:47] [Render thread/WARN]: Shader supplementaries:spherify could not find sampler named Sampler1 in the specified shader program.
[17:09:47] [Render thread/INFO]: OpenGL debug message: id=1282, source=API, type=ERROR, severity=HIGH, message='Error has been generated. GL error GL_INVALID_OPERATION in (null): (ID: 3891749976) glGetUniformLocation- program 544, "" is not linked'
[17:09:47] [Render thread/WARN]: Shader supplementaries:spherify could not find sampler named Sampler2 in the specified shader program.
[17:09:47] [Render thread/INFO]: OpenGL debug message: id=1282, source=API, type=ERROR, severity=HIGH, message='Error has been generated. GL error GL_INVALID_OPERATION in (null): (ID: 3891749976) glGetUniformLocation- program 544, "" is not linked'
[17:09:47] [Render thread/WARN]: Shader supplementaries:spherify could not find uniform named ModelViewMat in the specified shader program.
[17:09:47] [Render thread/INFO]: OpenGL debug message: id=1282, source=API, type=ERROR, severity=HIGH, message='Error has been generated. GL error GL_INVALID_OPERATION in (null): (ID: 3891749976) glGetUniformLocation- program 544, "" is not linked'
[17:09:47] [Render thread/WARN]: Shader supplementaries:spherify could not find uniform named ProjMat in the specified shader program.
[17:09:47] [Render thread/INFO]: OpenGL debug message: id=1282, source=API, type=ERROR, severity=HIGH, message='Error has been generated. GL error GL_INVALID_OPERATION in (null): (ID: 3891749976) glGetUniformLocation- program 544, "" is not linked'
[17:09:47] [Render thread/WARN]: Shader supplementaries:spherify could not find uniform named IViewRotMat in the specified shader program.
[17:09:47] [Render thread/INFO]: OpenGL debug message: id=1282, source=API, type=ERROR, severity=HIGH, message='Error has been generated. GL error GL_INVALID_OPERATION in (null): (ID: 3891749976) glGetUniformLocation- program 544, "" is not linked'
[17:09:47] [Render thread/WARN]: Shader supplementaries:spherify could not find uniform named ColorModulator in the specified shader program.
[17:09:47] [Render thread/INFO]: OpenGL debug message: id=1282, source=API, type=ERROR, severity=HIGH, message='Error has been generated. GL error GL_INVALID_OPERATION in (null): (ID: 3891749976) glGetUniformLocation- program 544, "" is not linked'
[17:09:47] [Render thread/WARN]: Shader supplementaries:spherify could not find uniform named Light0_Direction in the specified shader program.
[17:09:47] [Render thread/INFO]: OpenGL debug message: id=1282, source=API, type=ERROR, severity=HIGH, message='Error has been generated. GL error GL_INVALID_OPERATION in (null): (ID: 3891749976) glGetUniformLocation- program 544, "" is not linked'
[17:09:47] [Render thread/WARN]: Shader supplementaries:spherify could not find uniform named Light1_Direction in the specified shader program.
[17:09:47] [Render thread/INFO]: OpenGL debug message: id=1282, source=API, type=ERROR, severity=HIGH, message='Error has been generated. GL error GL_INVALID_OPERATION in (null): (ID: 3891749976) glGetUniformLocation- program 544, "" is not linked'
[17:09:47] [Render thread/WARN]: Shader supplementaries:spherify could not find uniform named FogStart in the specified shader program.
[17:09:47] [Render thread/INFO]: OpenGL debug message: id=1282, source=API, type=ERROR, severity=HIGH, message='Error has been generated. GL error GL_INVALID_OPERATION in (null): (ID: 3891749976) glGetUniformLocation- program 544, "" is not linked'
[17:09:47] [Render thread/WARN]: Shader supplementaries:spherify could not find uniform named FogEnd in the specified shader program.
[17:09:47] [Render thread/INFO]: OpenGL debug message: id=1282, source=API, type=ERROR, severity=HIGH, message='Error has been generated. GL error GL_INVALID_OPERATION in (null): (ID: 3891749976) glGetUniformLocation- program 544, "" is not linked'
[17:09:47] [Render thread/WARN]: Shader supplementaries:spherify could not find uniform named FogColor in the specified shader program.
[17:09:47] [Render thread/INFO]: OpenGL debug message: id=1282, source=API, type=ERROR, severity=HIGH, message='Error has been generated. GL error GL_INVALID_OPERATION in (null): (ID: 3891749976) glGetUniformLocation- program 544, "" is not linked'
[17:09:47] [Render thread/WARN]: Shader supplementaries:spherify could not find uniform named FogShape in the specified shader program.
[17:09:47] [Render thread/INFO]: OpenGL debug message: id=1282, source=API, type=ERROR, severity=HIGH, message='Error has been generated. GL error GL_INVALID_OPERATION in (null): (ID: 3891749976) glGetUniformLocation- program 544, "" is not linked'
[17:09:47] [Render thread/WARN]: Shader supplementaries:spherify could not find uniform named NoiseSpeed in the specified shader program.
[17:09:47] [Render thread/INFO]: OpenGL debug message: id=1282, source=API, type=ERROR, severity=HIGH, message='Error has been generated. GL error GL_INVALID_OPERATION in (null): (ID: 3891749976) glGetUniformLocation- program 544, "" is not linked'
[17:09:47] [Render thread/WARN]: Shader supplementaries:spherify could not find uniform named NoiseScale in the specified shader program.
[17:09:47] [Render thread/INFO]: OpenGL debug message: id=1282, source=API, type=ERROR, severity=HIGH, message='Error has been generated. GL error GL_INVALID_OPERATION in (null): (ID: 3891749976) glGetUniformLocation- program 544, "" is not linked'
[17:09:47] [Render thread/WARN]: Shader supplementaries:spherify could not find uniform named Intensity in the specified shader program.
[17:09:47] [Render thread/INFO]: OpenGL debug message: id=1282, source=API, type=ERROR, severity=HIGH, message='Error has been generated. GL error GL_INVALID_OPERATION in (null): (ID: 3891749976) glGetUniformLocation- program 544, "" is not linked'
[17:09:47] [Render thread/WARN]: Shader supplementaries:spherify could not find uniform named CameraPos in the specified shader program.
[17:09:47] [Render thread/INFO]: OpenGL debug message: id=1, source=SHADER COMPILER, type=ERROR, severity=HIGH, message='SHADER_ID_LINK error has been generated. GLSL link failed for program 551, "": The  shader uses varying frag_IViewRotMat, but previous shader does not write to it.
Out of resource error.
'
[17:09:47] [Render thread/WARN]: Error encountered when linking program containing VS supplementaries:spherify and FS supplementaries:spherify. Log output:
[17:09:47] [Render thread/WARN]: The  shader uses varying frag_IViewRotMat, but previous shader does not write to it.
Out of resource error.

[17:09:47] [Render thread/INFO]: OpenGL debug message: id=1282, source=API, type=ERROR, severity=HIGH, message='Error has been generated. GL error GL_INVALID_OPERATION in (null): (ID: 3891749976) glGetUniformLocation- program 551, "" is not linked'
[17:09:47] [Render thread/INFO]: OpenGL debug message: id=1282, source=API, type=ERROR, severity=HIGH, message='Error has been generated. GL error GL_INVALID_OPERATION in (null): (ID: 3891749976) glGetUniformLocation- program 551, "" is not linked'
[17:09:47] [Render thread/INFO]: OpenGL debug message: id=1282, source=API, type=ERROR, severity=HIGH, message='Error has been generated. GL error GL_INVALID_OPERATION in (null): (ID: 3891749976) glGetUniformLocation- program 551, "" is not linked'
[17:09:47] [Render thread/INFO]: OpenGL debug message: id=1282, source=API, type=ERROR, severity=HIGH, message='Error has been generated. GL error GL_INVALID_OPERATION in (null): (ID: 3891749976) glGetUniformLocation- program 551, "" is not linked'
[17:09:47] [Render thread/WARN]: Shader supplementaries:spherify could not find sampler named Sampler0 in the specified shader program.
[17:09:47] [Render thread/INFO]: OpenGL debug message: id=1282, source=API, type=ERROR, severity=HIGH, message='Error has been generated. GL error GL_INVALID_OPERATION in (null): (ID: 3891749976) glGetUniformLocation- program 551, "" is not linked'
[17:09:47] [Render thread/WARN]: Shader supplementaries:spherify could not find sampler named Sampler1 in the specified shader program.
[17:09:47] [Render thread/INFO]: OpenGL debug message: id=1282, source=API, type=ERROR, severity=HIGH, message='Error has been generated. GL error GL_INVALID_OPERATION in (null): (ID: 3891749976) glGetUniformLocation- program 551, "" is not linked'
[17:09:47] [Render thread/WARN]: Shader supplementaries:spherify could not find sampler named Sampler2 in the specified shader program.
[17:09:47] [Render thread/INFO]: OpenGL debug message: id=1282, source=API, type=ERROR, severity=HIGH, message='Error has been generated. GL error GL_INVALID_OPERATION in (null): (ID: 3891749976) glGetUniformLocation- program 551, "" is not linked'
[17:09:47] [Render thread/WARN]: Shader supplementaries:spherify could not find uniform named ModelViewMat in the specified shader program.
[17:09:47] [Render thread/INFO]: OpenGL debug message: id=1282, source=API, type=ERROR, severity=HIGH, message='Error has been generated. GL error GL_INVALID_OPERATION in (null): (ID: 3891749976) glGetUniformLocation- program 551, "" is not linked'
[17:09:47] [Render thread/WARN]: Shader supplementaries:spherify could not find uniform named ProjMat in the specified shader program.
[17:09:47] [Render thread/INFO]: OpenGL debug message: id=1282, source=API, type=ERROR, severity=HIGH, message='Error has been generated. GL error GL_INVALID_OPERATION in (null): (ID: 3891749976) glGetUniformLocation- program 551, "" is not linked'
[17:09:47] [Render thread/WARN]: Shader supplementaries:spherify could not find uniform named IViewRotMat in the specified shader program.
[17:09:47] [Render thread/INFO]: OpenGL debug message: id=1282, source=API, type=ERROR, severity=HIGH, message='Error has been generated. GL error GL_INVALID_OPERATION in (null): (ID: 3891749976) glGetUniformLocation- program 551, "" is not linked'
[17:09:47] [Render thread/WARN]: Shader supplementaries:spherify could not find uniform named ColorModulator in the specified shader program.
[17:09:47] [Render thread/INFO]: OpenGL debug message: id=1282, source=API, type=ERROR, severity=HIGH, message='Error has been generated. GL error GL_INVALID_OPERATION in (null): (ID: 3891749976) glGetUniformLocation- program 551, "" is not linked'
[17:09:47] [Render thread/WARN]: Shader supplementaries:spherify could not find uniform named Light0_Direction in the specified shader program.
[17:09:47] [Render thread/INFO]: OpenGL debug message: id=1282, source=API, type=ERROR, severity=HIGH, message='Error has been generated. GL error GL_INVALID_OPERATION in (null): (ID: 3891749976) glGetUniformLocation- program 551, "" is not linked'
[17:09:47] [Render thread/WARN]: Shader supplementaries:spherify could not find uniform named Light1_Direction in the specified shader program.
[17:09:47] [Render thread/INFO]: OpenGL debug message: id=1282, source=API, type=ERROR, severity=HIGH, message='Error has been generated. GL error GL_INVALID_OPERATION in (null): (ID: 3891749976) glGetUniformLocation- program 551, "" is not linked'
[17:09:47] [Render thread/WARN]: Shader supplementaries:spherify could not find uniform named FogStart in the specified shader program.
[17:09:47] [Render thread/INFO]: OpenGL debug message: id=1282, source=API, type=ERROR, severity=HIGH, message='Error has been generated. GL error GL_INVALID_OPERATION in (null): (ID: 3891749976) glGetUniformLocation- program 551, "" is not linked'
[17:09:47] [Render thread/WARN]: Shader supplementaries:spherify could not find uniform named FogEnd in the specified shader program.
[17:09:47] [Render thread/INFO]: OpenGL debug message: id=1282, source=API, type=ERROR, severity=HIGH, message='Error has been generated. GL error GL_INVALID_OPERATION in (null): (ID: 3891749976) glGetUniformLocation- program 551, "" is not linked'
[17:09:47] [Render thread/WARN]: Shader supplementaries:spherify could not find uniform named FogColor in the specified shader program.
[17:09:47] [Render thread/INFO]: OpenGL debug message: id=1282, source=API, type=ERROR, severity=HIGH, message='Error has been generated. GL error GL_INVALID_OPERATION in (null): (ID: 3891749976) glGetUniformLocation- program 551, "" is not linked'
[17:09:47] [Render thread/WARN]: Shader supplementaries:spherify could not find uniform named FogShape in the specified shader program.
[17:09:47] [Render thread/INFO]: OpenGL debug message: id=1282, source=API, type=ERROR, severity=HIGH, message='Error has been generated. GL error GL_INVALID_OPERATION in (null): (ID: 3891749976) glGetUniformLocation- program 551, "" is not linked'
[17:09:47] [Render thread/WARN]: Shader supplementaries:spherify could not find uniform named NoiseSpeed in the specified shader program.
[17:09:47] [Render thread/INFO]: OpenGL debug message: id=1282, source=API, type=ERROR, severity=HIGH, message='Error has been generated. GL error GL_INVALID_OPERATION in (null): (ID: 3891749976) glGetUniformLocation- program 551, "" is not linked'
[17:09:47] [Render thread/WARN]: Shader supplementaries:spherify could not find uniform named NoiseScale in the specified shader program.
[17:09:47] [Render thread/INFO]: OpenGL debug message: id=1282, source=API, type=ERROR, severity=HIGH, message='Error has been generated. GL error GL_INVALID_OPERATION in (null): (ID: 3891749976) glGetUniformLocation- program 551, "" is not linked'
[17:09:47] [Render thread/WARN]: Shader supplementaries:spherify could not find uniform named Intensity in the specified shader program.
[17:09:47] [Render thread/INFO]: OpenGL debug message: id=1282, source=API, type=ERROR, severity=HIGH, message='Error has been generated. GL error GL_INVALID_OPERATION in (null): (ID: 3891749976) glGetUniformLocation- program 551, "" is not linked'
[17:09:47] [Render thread/WARN]: Shader supplementaries:spherify could not find uniform named CameraPos in the specified shader program.
[17:09:47] [Render thread/INFO]: OpenGL debug message: id=1, source=SHADER COMPILER, type=ERROR, severity=HIGH, message='SHADER_ID_LINK error has been generated. GLSL link failed for program 558, "": The  shader uses varying frag_IViewRotMat, but previous shader does not write to it.
Out of resource error.
'
[17:09:47] [Render thread/WARN]: Error encountered when linking program containing VS supplementaries:spherify and FS supplementaries:spherify. Log output:
[17:09:47] [Render thread/WARN]: The  shader uses varying frag_IViewRotMat, but previous shader does not write to it.
Out of resource error.

[17:09:47] [Render thread/INFO]: OpenGL debug message: id=1282, source=API, type=ERROR, severity=HIGH, message='Error has been generated. GL error GL_INVALID_OPERATION in (null): (ID: 3891749976) glGetUniformLocation- program 558, "" is not linked'
[17:09:47] [Render thread/INFO]: OpenGL debug message: id=1282, source=API, type=ERROR, severity=HIGH, message='Error has been generated. GL error GL_INVALID_OPERATION in (null): (ID: 3891749976) glGetUniformLocation- program 558, "" is not linked'
[17:09:47] [Render thread/INFO]: OpenGL debug message: id=1282, source=API, type=ERROR, severity=HIGH, message='Error has been generated. GL error GL_INVALID_OPERATION in (null): (ID: 3891749976) glGetUniformLocation- program 558, "" is not linked'
[17:09:47] [Render thread/INFO]: OpenGL debug message: id=1282, source=API, type=ERROR, severity=HIGH, message='Error has been generated. GL error GL_INVALID_OPERATION in (null): (ID: 3891749976) glGetUniformLocation- program 558, "" is not linked'
[17:09:47] [Render thread/WARN]: Shader supplementaries:spherify could not find sampler named Sampler0 in the specified shader program.
[17:09:47] [Render thread/INFO]: OpenGL debug message: id=1282, source=API, type=ERROR, severity=HIGH, message='Error has been generated. GL error GL_INVALID_OPERATION in (null): (ID: 3891749976) glGetUniformLocation- program 558, "" is not linked'
[17:09:47] [Render thread/WARN]: Shader supplementaries:spherify could not find sampler named Sampler1 in the specified shader program.
[17:09:47] [Render thread/INFO]: OpenGL debug message: id=1282, source=API, type=ERROR, severity=HIGH, message='Error has been generated. GL error GL_INVALID_OPERATION in (null): (ID: 3891749976) glGetUniformLocation- program 558, "" is not linked'
[17:09:47] [Render thread/WARN]: Shader supplementaries:spherify could not find sampler named Sampler2 in the specified shader program.
[17:09:47] [Render thread/INFO]: OpenGL debug message: id=1282, source=API, type=ERROR, severity=HIGH, message='Error has been generated. GL error GL_INVALID_OPERATION in (null): (ID: 3891749976) glGetUniformLocation- program 558, "" is not linked'
[17:09:47] [Render thread/WARN]: Shader supplementaries:spherify could not find uniform named ModelViewMat in the specified shader program.
[17:09:47] [Render thread/INFO]: OpenGL debug message: id=1282, source=API, type=ERROR, severity=HIGH, message='Error has been generated. GL error GL_INVALID_OPERATION in (null): (ID: 3891749976) glGetUniformLocation- program 558, "" is not linked'
[17:09:47] [Render thread/WARN]: Shader supplementaries:spherify could not find uniform named ProjMat in the specified shader program.
[17:09:47] [Render thread/INFO]: OpenGL debug message: id=1282, source=API, type=ERROR, severity=HIGH, message='Error has been generated. GL error GL_INVALID_OPERATION in (null): (ID: 3891749976) glGetUniformLocation- program 558, "" is not linked'
[17:09:47] [Render thread/WARN]: Shader supplementaries:spherify could not find uniform named IViewRotMat in the specified shader program.
[17:09:47] [Render thread/INFO]: OpenGL debug message: id=1282, source=API, type=ERROR, severity=HIGH, message='Error has been generated. GL error GL_INVALID_OPERATION in (null): (ID: 3891749976) glGetUniformLocation- program 558, "" is not linked'
[17:09:47] [Render thread/WARN]: Shader supplementaries:spherify could not find uniform named ColorModulator in the specified shader program.
[17:09:47] [Render thread/INFO]: OpenGL debug message: id=1282, source=API, type=ERROR, severity=HIGH, message='Error has been generated. GL error GL_INVALID_OPERATION in (null): (ID: 3891749976) glGetUniformLocation- program 558, "" is not linked'
[17:09:47] [Render thread/WARN]: Shader supplementaries:spherify could not find uniform named Light0_Direction in the specified shader program.
[17:09:47] [Render thread/INFO]: OpenGL debug message: id=1282, source=API, type=ERROR, severity=HIGH, message='Error has been generated. GL error GL_INVALID_OPERATION in (null): (ID: 3891749976) glGetUniformLocation- program 558, "" is not linked'
[17:09:47] [Render thread/WARN]: Shader supplementaries:spherify could not find uniform named Light1_Direction in the specified shader program.
[17:09:47] [Render thread/INFO]: OpenGL debug message: id=1282, source=API, type=ERROR, severity=HIGH, message='Error has been generated. GL error GL_INVALID_OPERATION in (null): (ID: 3891749976) glGetUniformLocation- program 558, "" is not linked'
[17:09:47] [Render thread/WARN]: Shader supplementaries:spherify could not find uniform named FogStart in the specified shader program.
[17:09:47] [Render thread/INFO]: OpenGL debug message: id=1282, source=API, type=ERROR, severity=HIGH, message='Error has been generated. GL error GL_INVALID_OPERATION in (null): (ID: 3891749976) glGetUniformLocation- program 558, "" is not linked'
[17:09:47] [Render thread/WARN]: Shader supplementaries:spherify could not find uniform named FogEnd in the specified shader program.
[17:09:47] [Render thread/INFO]: OpenGL debug message: id=1282, source=API, type=ERROR, severity=HIGH, message='Error has been generated. GL error GL_INVALID_OPERATION in (null): (ID: 3891749976) glGetUniformLocation- program 558, "" is not linked'
[17:09:47] [Render thread/WARN]: Shader supplementaries:spherify could not find uniform named FogColor in the specified shader program.
[17:09:47] [Render thread/INFO]: OpenGL debug message: id=1282, source=API, type=ERROR, severity=HIGH, message='Error has been generated. GL error GL_INVALID_OPERATION in (null): (ID: 3891749976) glGetUniformLocation- program 558, "" is not linked'
[17:09:47] [Render thread/WARN]: Shader supplementaries:spherify could not find uniform named FogShape in the specified shader program.
[17:09:47] [Render thread/INFO]: OpenGL debug message: id=1282, source=API, type=ERROR, severity=HIGH, message='Error has been generated. GL error GL_INVALID_OPERATION in (null): (ID: 3891749976) glGetUniformLocation- program 558, "" is not linked'
[17:09:47] [Render thread/WARN]: Shader supplementaries:spherify could not find uniform named NoiseSpeed in the specified shader program.
[17:09:47] [Render thread/INFO]: OpenGL debug message: id=1282, source=API, type=ERROR, severity=HIGH, message='Error has been generated. GL error GL_INVALID_OPERATION in (null): (ID: 3891749976) glGetUniformLocation- program 558, "" is not linked'
[17:09:47] [Render thread/WARN]: Shader supplementaries:spherify could not find uniform named NoiseScale in the specified shader program.
[17:09:47] [Render thread/INFO]: OpenGL debug message: id=1282, source=API, type=ERROR, severity=HIGH, message='Error has been generated. GL error GL_INVALID_OPERATION in (null): (ID: 3891749976) glGetUniformLocation- program 558, "" is not linked'
[17:09:47] [Render thread/WARN]: Shader supplementaries:spherify could not find uniform named Intensity in the specified shader program.
[17:09:47] [Render thread/INFO]: OpenGL debug message: id=1282, source=API, type=ERROR, severity=HIGH, message='Error has been generated. GL error GL_INVALID_OPERATION in (null): (ID: 3891749976) glGetUniformLocation- program 558, "" is not linked'
[17:09:47] [Render thread/WARN]: Shader supplementaries:spherify could not find uniform named CameraPos in the specified shader program.
[17:09:48] [Render thread/INFO]: OpenGL debug message: id=1, source=SHADER COMPILER, type=ERROR, severity=HIGH, message='SHADER_ID_LINK error has been generated. GLSL link failed for program 565, "": The  shader uses varying frag_IViewRotMat, but previous shader does not write to it.
Out of resource error.
'
[17:09:48] [Render thread/WARN]: Error encountered when linking program containing VS supplementaries:spherify and FS supplementaries:spherify. Log output:
[17:09:48] [Render thread/WARN]: The  shader uses varying frag_IViewRotMat, but previous shader does not write to it.
Out of resource error.

[17:09:48] [Render thread/INFO]: OpenGL debug message: id=1282, source=API, type=ERROR, severity=HIGH, message='Error has been generated. GL error GL_INVALID_OPERATION in (null): (ID: 3891749976) glGetUniformLocation- program 565, "" is not linked'
[17:09:48] [Render thread/INFO]: OpenGL debug message: id=1282, source=API, type=ERROR, severity=HIGH, message='Error has been generated. GL error GL_INVALID_OPERATION in (null): (ID: 3891749976) glGetUniformLocation- program 565, "" is not linked'
[17:09:48] [Render thread/INFO]: OpenGL debug message: id=1282, source=API, type=ERROR, severity=HIGH, message='Error has been generated. GL error GL_INVALID_OPERATION in (null): (ID: 3891749976) glGetUniformLocation- program 565, "" is not linked'
[17:09:48] [Render thread/INFO]: OpenGL debug message: id=1282, source=API, type=ERROR, severity=HIGH, message='Error has been generated. GL error GL_INVALID_OPERATION in (null): (ID: 3891749976) glGetUniformLocation- program 565, "" is not linked'
[17:09:48] [Render thread/WARN]: Shader supplementaries:spherify could not find sampler named Sampler0 in the specified shader program.
[17:09:48] [Render thread/INFO]: OpenGL debug message: id=1282, source=API, type=ERROR, severity=HIGH, message='Error has been generated. GL error GL_INVALID_OPERATION in (null): (ID: 3891749976) glGetUniformLocation- program 565, "" is not linked'
[17:09:48] [Render thread/WARN]: Shader supplementaries:spherify could not find sampler named Sampler1 in the specified shader program.
[17:09:48] [Render thread/INFO]: OpenGL debug message: id=1282, source=API, type=ERROR, severity=HIGH, message='Error has been generated. GL error GL_INVALID_OPERATION in (null): (ID: 3891749976) glGetUniformLocation- program 565, "" is not linked'
[17:09:48] [Render thread/WARN]: Shader supplementaries:spherify could not find sampler named Sampler2 in the specified shader program.
[17:09:48] [Render thread/INFO]: OpenGL debug message: id=1282, source=API, type=ERROR, severity=HIGH, message='Error has been generated. GL error GL_INVALID_OPERATION in (null): (ID: 3891749976) glGetUniformLocation- program 565, "" is not linked'
[17:09:48] [Render thread/WARN]: Shader supplementaries:spherify could not find uniform named ModelViewMat in the specified shader program.
[17:09:48] [Render thread/INFO]: OpenGL debug message: id=1282, source=API, type=ERROR, severity=HIGH, message='Error has been generated. GL error GL_INVALID_OPERATION in (null): (ID: 3891749976) glGetUniformLocation- program 565, "" is not linked'
[17:09:48] [Render thread/WARN]: Shader supplementaries:spherify could not find uniform named ProjMat in the specified shader program.
[17:09:48] [Render thread/INFO]: OpenGL debug message: id=1282, source=API, type=ERROR, severity=HIGH, message='Error has been generated. GL error GL_INVALID_OPERATION in (null): (ID: 3891749976) glGetUniformLocation- program 565, "" is not linked'
[17:09:48] [Render thread/WARN]: Shader supplementaries:spherify could not find uniform named IViewRotMat in the specified shader program.
[17:09:48] [Render thread/INFO]: OpenGL debug message: id=1282, source=API, type=ERROR, severity=HIGH, message='Error has been generated. GL error GL_INVALID_OPERATION in (null): (ID: 3891749976) glGetUniformLocation- program 565, "" is not linked'
[17:09:48] [Render thread/WARN]: Shader supplementaries:spherify could not find uniform named ColorModulator in the specified shader program.
[17:09:48] [Render thread/INFO]: OpenGL debug message: id=1282, source=API, type=ERROR, severity=HIGH, message='Error has been generated. GL error GL_INVALID_OPERATION in (null): (ID: 3891749976) glGetUniformLocation- program 565, "" is not linked'
[17:09:48] [Render thread/WARN]: Shader supplementaries:spherify could not find uniform named Light0_Direction in the specified shader program.
[17:09:48] [Render thread/INFO]: OpenGL debug message: id=1282, source=API, type=ERROR, severity=HIGH, message='Error has been generated. GL error GL_INVALID_OPERATION in (null): (ID: 3891749976) glGetUniformLocation- program 565, "" is not linked'
[17:09:48] [Render thread/WARN]: Shader supplementaries:spherify could not find uniform named Light1_Direction in the specified shader program.
[17:09:48] [Render thread/INFO]: OpenGL debug message: id=1282, source=API, type=ERROR, severity=HIGH, message='Error has been generated. GL error GL_INVALID_OPERATION in (null): (ID: 3891749976) glGetUniformLocation- program 565, "" is not linked'
[17:09:48] [Render thread/WARN]: Shader supplementaries:spherify could not find uniform named FogStart in the specified shader program.
[17:09:48] [Render thread/INFO]: OpenGL debug message: id=1282, source=API, type=ERROR, severity=HIGH, message='Error has been generated. GL error GL_INVALID_OPERATION in (null): (ID: 3891749976) glGetUniformLocation- program 565, "" is not linked'
[17:09:48] [Render thread/WARN]: Shader supplementaries:spherify could not find uniform named FogEnd in the specified shader program.
[17:09:48] [Render thread/INFO]: OpenGL debug message: id=1282, source=API, type=ERROR, severity=HIGH, message='Error has been generated. GL error GL_INVALID_OPERATION in (null): (ID: 3891749976) glGetUniformLocation- program 565, "" is not linked'
[17:09:48] [Render thread/WARN]: Shader supplementaries:spherify could not find uniform named FogColor in the specified shader program.
[17:09:48] [Render thread/INFO]: OpenGL debug message: id=1282, source=API, type=ERROR, severity=HIGH, message='Error has been generated. GL error GL_INVALID_OPERATION in (null): (ID: 3891749976) glGetUniformLocation- program 565, "" is not linked'
[17:09:48] [Render thread/WARN]: Shader supplementaries:spherify could not find uniform named FogShape in the specified shader program.
[17:09:48] [Render thread/INFO]: OpenGL debug message: id=1282, source=API, type=ERROR, severity=HIGH, message='Error has been generated. GL error GL_INVALID_OPERATION in (null): (ID: 3891749976) glGetUniformLocation- program 565, "" is not linked'
[17:09:48] [Render thread/WARN]: Shader supplementaries:spherify could not find uniform named NoiseSpeed in the specified shader program.
[17:09:48] [Render thread/INFO]: OpenGL debug message: id=1282, source=API, type=ERROR, severity=HIGH, message='Error has been generated. GL error GL_INVALID_OPERATION in (null): (ID: 3891749976) glGetUniformLocation- program 565, "" is not linked'
[17:09:48] [Render thread/WARN]: Shader supplementaries:spherify could not find uniform named NoiseScale in the specified shader program.
[17:09:48] [Render thread/INFO]: OpenGL debug message: id=1282, source=API, type=ERROR, severity=HIGH, message='Error has been generated. GL error GL_INVALID_OPERATION in (null): (ID: 3891749976) glGetUniformLocation- program 565, "" is not linked'
[17:09:48] [Render thread/WARN]: Shader supplementaries:spherify could not find uniform named Intensity in the specified shader program.
[17:09:48] [Render thread/INFO]: OpenGL debug message: id=1282, source=API, type=ERROR, severity=HIGH, message='Error has been generated. GL error GL_INVALID_OPERATION in (null): (ID: 3891749976) glGetUniformLocation- program 565, "" is not linked'
[17:09:48] [Render thread/WARN]: Shader supplementaries:spherify could not find uniform named CameraPos in the specified shader program.
[17:09:48] [Render thread/INFO]: OpenGL debug message: id=1, source=SHADER COMPILER, type=ERROR, severity=HIGH, message='SHADER_ID_LINK error has been generated. GLSL link failed for program 574, "": The  shader uses varying frag_IViewRotMat, but previous shader does not write to it.
Out of resource error.
'
[17:09:48] [Render thread/WARN]: Error encountered when linking program containing VS supplementaries:spherify and FS supplementaries:spherify. Log output:
[17:09:48] [Render thread/WARN]: The  shader uses varying frag_IViewRotMat, but previous shader does not write to it.
Out of resource error.

[17:09:48] [Render thread/INFO]: OpenGL debug message: id=1282, source=API, type=ERROR, severity=HIGH, message='Error has been generated. GL error GL_INVALID_OPERATION in (null): (ID: 3891749976) glGetUniformLocation- program 574, "" is not linked'
[17:09:48] [Render thread/INFO]: OpenGL debug message: id=1282, source=API, type=ERROR, severity=HIGH, message='Error has been generated. GL error GL_INVALID_OPERATION in (null): (ID: 3891749976) glGetUniformLocation- program 574, "" is not linked'
[17:09:48] [Render thread/INFO]: OpenGL debug message: id=1282, source=API, type=ERROR, severity=HIGH, message='Error has been generated. GL error GL_INVALID_OPERATION in (null): (ID: 3891749976) glGetUniformLocation- program 574, "" is not linked'
[17:09:48] [Render thread/INFO]: OpenGL debug message: id=1282, source=API, type=ERROR, severity=HIGH, message='Error has been generated. GL error GL_INVALID_OPERATION in (null): (ID: 3891749976) glGetUniformLocation- program 574, "" is not linked'
[17:09:48] [Render thread/WARN]: Shader supplementaries:spherify could not find sampler named Sampler0 in the specified shader program.
[17:09:48] [Render thread/INFO]: OpenGL debug message: id=1282, source=API, type=ERROR, severity=HIGH, message='Error has been generated. GL error GL_INVALID_OPERATION in (null): (ID: 3891749976) glGetUniformLocation- program 574, "" is not linked'
[17:09:48] [Render thread/WARN]: Shader supplementaries:spherify could not find sampler named Sampler1 in the specified shader program.
[17:09:48] [Render thread/INFO]: OpenGL debug message: id=1282, source=API, type=ERROR, severity=HIGH, message='Error has been generated. GL error GL_INVALID_OPERATION in (null): (ID: 3891749976) glGetUniformLocation- program 574, "" is not linked'
[17:09:48] [Render thread/WARN]: Shader supplementaries:spherify could not find sampler named Sampler2 in the specified shader program.
[17:09:48] [Render thread/INFO]: OpenGL debug message: id=1282, source=API, type=ERROR, severity=HIGH, message='Error has been generated. GL error GL_INVALID_OPERATION in (null): (ID: 3891749976) glGetUniformLocation- program 574, "" is not linked'
[17:09:48] [Render thread/WARN]: Shader supplementaries:spherify could not find uniform named ModelViewMat in the specified shader program.
[17:09:48] [Render thread/INFO]: OpenGL debug message: id=1282, source=API, type=ERROR, severity=HIGH, message='Error has been generated. GL error GL_INVALID_OPERATION in (null): (ID: 3891749976) glGetUniformLocation- program 574, "" is not linked'
[17:09:48] [Render thread/WARN]: Shader supplementaries:spherify could not find uniform named ProjMat in the specified shader program.
[17:09:48] [Render thread/INFO]: OpenGL debug message: id=1282, source=API, type=ERROR, severity=HIGH, message='Error has been generated. GL error GL_INVALID_OPERATION in (null): (ID: 3891749976) glGetUniformLocation- program 574, "" is not linked'
[17:09:48] [Render thread/WARN]: Shader supplementaries:spherify could not find uniform named IViewRotMat in the specified shader program.
[17:09:48] [Render thread/INFO]: OpenGL debug message: id=1282, source=API, type=ERROR, severity=HIGH, message='Error has been generated. GL error GL_INVALID_OPERATION in (null): (ID: 3891749976) glGetUniformLocation- program 574, "" is not linked'
[17:09:48] [Render thread/WARN]: Shader supplementaries:spherify could not find uniform named ColorModulator in the specified shader program.
[17:09:48] [Render thread/INFO]: OpenGL debug message: id=1282, source=API, type=ERROR, severity=HIGH, message='Error has been generated. GL error GL_INVALID_OPERATION in (null): (ID: 3891749976) glGetUniformLocation- program 574, "" is not linked'
[17:09:48] [Render thread/WARN]: Shader supplementaries:spherify could not find uniform named Light0_Direction in the specified shader program.
[17:09:48] [Render thread/INFO]: OpenGL debug message: id=1282, source=API, type=ERROR, severity=HIGH, message='Error has been generated. GL error GL_INVALID_OPERATION in (null): (ID: 3891749976) glGetUniformLocation- program 574, "" is not linked'
[17:09:48] [Render thread/WARN]: Shader supplementaries:spherify could not find uniform named Light1_Direction in the specified shader program.
[17:09:48] [Render thread/INFO]: OpenGL debug message: id=1282, source=API, type=ERROR, severity=HIGH, message='Error has been generated. GL error GL_INVALID_OPERATION in (null): (ID: 3891749976) glGetUniformLocation- program 574, "" is not linked'
[17:09:48] [Render thread/WARN]: Shader supplementaries:spherify could not find uniform named FogStart in the specified shader program.
[17:09:48] [Render thread/INFO]: OpenGL debug message: id=1282, source=API, type=ERROR, severity=HIGH, message='Error has been generated. GL error GL_INVALID_OPERATION in (null): (ID: 3891749976) glGetUniformLocation- program 574, "" is not linked'
[17:09:48] [Render thread/WARN]: Shader supplementaries:spherify could not find uniform named FogEnd in the specified shader program.
[17:09:48] [Render thread/INFO]: OpenGL debug message: id=1282, source=API, type=ERROR, severity=HIGH, message='Error has been generated. GL error GL_INVALID_OPERATION in (null): (ID: 3891749976) glGetUniformLocation- program 574, "" is not linked'
[17:09:48] [Render thread/WARN]: Shader supplementaries:spherify could not find uniform named FogColor in the specified shader program.
[17:09:48] [Render thread/INFO]: OpenGL debug message: id=1282, source=API, type=ERROR, severity=HIGH, message='Error has been generated. GL error GL_INVALID_OPERATION in (null): (ID: 3891749976) glGetUniformLocation- program 574, "" is not linked'
[17:09:48] [Render thread/WARN]: Shader supplementaries:spherify could not find uniform named FogShape in the specified shader program.
[17:09:48] [Render thread/INFO]: OpenGL debug message: id=1282, source=API, type=ERROR, severity=HIGH, message='Error has been generated. GL error GL_INVALID_OPERATION in (null): (ID: 3891749976) glGetUniformLocation- program 574, "" is not linked'
[17:09:48] [Render thread/WARN]: Shader supplementaries:spherify could not find uniform named NoiseSpeed in the specified shader program.
[17:09:48] [Render thread/INFO]: OpenGL debug message: id=1282, source=API, type=ERROR, severity=HIGH, message='Error has been generated. GL error GL_INVALID_OPERATION in (null): (ID: 3891749976) glGetUniformLocation- program 574, "" is not linked'
[17:09:48] [Render thread/WARN]: Shader supplementaries:spherify could not find uniform named NoiseScale in the specified shader program.
[17:09:48] [Render thread/INFO]: OpenGL debug message: id=1282, source=API, type=ERROR, severity=HIGH, message='Error has been generated. GL error GL_INVALID_OPERATION in (null): (ID: 3891749976) glGetUniformLocation- program 574, "" is not linked'
[17:09:48] [Render thread/WARN]: Shader supplementaries:spherify could not find uniform named Intensity in the specified shader program.
[17:09:48] [Render thread/INFO]: OpenGL debug message: id=1282, source=API, type=ERROR, severity=HIGH, message='Error has been generated. GL error GL_INVALID_OPERATION in (null): (ID: 3891749976) glGetUniformLocation- program 574, "" is not linked'
[17:09:48] [Render thread/WARN]: Shader supplementaries:spherify could not find uniform named CameraPos in the specified shader program.
[17:09:48] [Render thread/INFO]: 0 cache(s) where cleared!
[17:09:48] [Render thread/INFO]: Created: 1024x512x0 minecraft:textures/atlas/particles.png-atlas
[17:09:48] [Render thread/INFO]: Created: 512x512x0 minecraft:textures/atlas/paintings.png-atlas
[17:09:48] [Render thread/INFO]: Created: 256x256x0 minecraft:textures/atlas/mob_effects.png-atlas
[17:09:48] [Render thread/INFO]: Created: 256x256x0 jei:textures/atlas/gui.png-atlas
[17:09:48] [Render thread/INFO]: Created: 256x256x0 moonlight:textures/atlas/map_markers.png-atlas
[17:09:48] [Render thread/INFO]: Loaded 2 custom leaf colors: [minecraft:azalea_leaves, minecraft:flowering_azalea_leaves]
[17:09:48] [Render thread/WARN]: Removing existing FSB skies...
[17:09:48] [Render thread/WARN]: FSB-Interop is converting MCPatcher/OptiFine custom skies resource packs! Any visual bugs are likely caused by FSB-Interop. Please do not report these issues to FabricSkyBoxes nor Resource Pack creators!
[17:09:48] [Render thread/INFO]: Looking for OptiFine/MCPatcher Skies...
[17:09:49] [Render thread/INFO]: Loaded 0 fluid unit lists in 5.6901 ms
[17:09:49] [Render thread/INFO]: BookContentResourceListenerLoader preloaded 147 jsons
[17:09:49] [Render thread/INFO]: Not reloading resource pack-based books as client world is missing
[17:09:53] [Render thread/INFO]: Successfully reloaded the XaeroLib shaders!
[17:09:53] [Render thread/INFO]: Successfully loaded image 'supplementaries:textures/block/gottem.gif'
[17:09:53] [Render thread/INFO]: Successfully loaded image 'zoomify:textures/demo/third-person-hud.webp'
[17:09:53] [Render thread/INFO]: Successfully loaded image 'zoomify:textures/demo/third-person-view.webp'
[17:09:53] [Render thread/INFO]: Successfully loaded image 'zoomify:textures/demo/zoom-hand.webp'
[17:09:53] [Render thread/INFO]: Successfully loaded image 'zoomify:textures/demo/zoom-world.webp'
[17:09:53] [Render thread/INFO]: Successfully loaded image 'sounds:textures/gui/chat_sounds.webp'
[17:09:53] [Render thread/INFO]: Successfully loaded image 'sounds:textures/gui/discord.webp'
[17:09:53] [Render thread/INFO]: Successfully loaded image 'sounds:textures/gui/event_sounds.webp'
[17:09:53] [Render thread/INFO]: Successfully loaded image 'sounds:textures/gui/kofi.webp'
[17:09:53] [Render thread/INFO]: Successfully loaded image 'sounds:textures/gui/mod_sounds.webp'
[17:09:53] [Render thread/INFO]: Successfully loaded image 'sounds:textures/gui/modrinth.webp'
[17:09:53] [Render thread/INFO]: Successfully loaded image 'snowundertrees:textures/gui/options/enablebiomefeature.webp'
[17:09:54] [Render thread/INFO]: Successfully loaded image 'snowundertrees:textures/gui/options/enablewhensnowing.webp'
[17:09:54] [Render thread/INFO]: Successfully loaded image 'sounds:textures/gui/ui_sounds.webp'
[17:09:54] [Render thread/INFO]: Successfully loaded image 'sounds:textures/gui/world_sounds.webp'
[17:09:54] [Render thread/INFO]: [ETF]: reloading ETF data.
[17:09:54] [Render thread/INFO]: [ETF]: emissive suffixes loaded: [_e]
[17:09:54] [Render thread/INFO]: [ETF]: emissive suffixes loaded: [_e]
[17:09:54] [Render thread/WARN]: Game took 122.558 seconds to start
[17:09:54] [CraftPresence/INFO]: Mixing client.MixinServerData from mixins/common/nochatreports.mixins.json into net.minecraft.class_642
[17:10:05] [Render thread/INFO]: ARRP register - before user
[17:10:05] [Render thread/ERROR]: Failed to list path /data/minecraft/datapacks/bundle/assets
java.nio.file.NotDirectoryException: /data/minecraft/datapacks/bundle/assets
	at jdk.nio.zipfs.ZipDirectoryStream.<init>(ZipDirectoryStream.java:58) ~[jdk.zipfs:?]
	at jdk.nio.zipfs.ZipPath.newDirectoryStream(ZipPath.java:755) ~[jdk.zipfs:?]
	at jdk.nio.zipfs.ZipFileSystemProvider.newDirectoryStream(ZipFileSystemProvider.java:245) ~[jdk.zipfs:?]
	at java.nio.file.Files.newDirectoryStream(Files.java:482) ~[?:?]
	at net.minecraft.class_3259.method_14406(class_3259.java:130) ~[client-intermediary.jar:?]
	at net.minecraft.class_3255.handler$bpo000$citresewn$brokenpaths$parseMetadata(class_3255.java:527) ~[client-intermediary.jar:?]
	at net.minecraft.class_3255.method_14407(class_3255.java:35) ~[client-intermediary.jar:?]
	at net.minecraft.class_3288.method_45274(class_3288.java:71) ~[client-intermediary.jar:?]
	at net.minecraft.class_3288.method_45275(class_3288.java:47) ~[client-intermediary.jar:?]
	at net.minecraft.class_3286.method_45260(class_3286.java:66) ~[client-intermediary.jar:?]
	at net.minecraft.class_7678.method_45258(class_7678.java:76) ~[client-intermediary.jar:?]
	at net.minecraft.class_7678.method_45266(class_7678.java:61) ~[client-intermediary.jar:?]
	at java.util.HashMap.forEach(HashMap.java:1421) ~[?:?]
	at net.minecraft.class_7678.method_45267(class_7678.java:60) ~[client-intermediary.jar:?]
	at net.minecraft.class_7678.method_14453(class_7678.java:43) ~[client-intermediary.jar:?]
	at net.minecraft.class_3283.method_29212(class_3283.java:39) ~[client-intermediary.jar:?]
	at net.minecraft.class_3283.method_14445(class_3283.java:32) ~[client-intermediary.jar:?]
	at net.minecraft.server.MinecraftServer.method_29736(MinecraftServer.java:1351) ~[client-intermediary.jar:?]
	at net.minecraft.class_7237$class_7238.method_42099(class_7237.java:97) ~[client-intermediary.jar:?]
	at net.minecraft.class_7237.method_42098(class_7237.java:29) ~[client-intermediary.jar:?]
	at net.minecraft.class_525.method_31130(class_525.java:333) ~[client-intermediary.jar:?]
	at net.minecraft.class_528.method_43462(class_528.java:169) ~[client-intermediary.jar:?]
	at net.minecraft.class_528.<init>(class_528.java:95) ~[client-intermediary.jar:?]
	at net.minecraft.class_526.method_25426(class_526.java:54) ~[client-intermediary.jar:?]
	at net.minecraft.class_437.method_25423(class_437.java:297) ~[client-intermediary.jar:?]
	at net.minecraft.class_310.method_1507(class_310.java:1080) ~[client-intermediary.jar:?]
	at net.minecraft.class_442.method_19861(class_442.java:159) ~[client-intermediary.jar:?]
	at net.minecraft.class_4185.method_25306(class_4185.java:94) ~[client-intermediary.jar:?]
	at net.minecraft.class_4264.method_25348(class_4264.java:56) ~[client-intermediary.jar:?]
	at net.minecraft.class_339.method_25402(class_339.java:189) ~[client-intermediary.jar:?]
	at net.minecraft.class_4069.method_25402(class_4069.java:38) ~[client-intermediary.jar:?]
	at net.minecraft.class_442.method_25402(class_442.java:299) ~[client-intermediary.jar:?]
	at net.minecraft.class_312.method_1611(class_312.java:98) ~[client-intermediary.jar:?]
	at net.minecraft.class_437.method_25412(class_437.java:409) ~[client-intermediary.jar:?]
	at net.minecraft.class_312.method_1601(class_312.java:98) ~[client-intermediary.jar:?]
	at net.minecraft.class_312.method_22686(class_312.java:169) ~[client-intermediary.jar:?]
	at net.minecraft.class_1255.execute(class_1255.java:102) ~[client-intermediary.jar:?]
	at net.minecraft.class_312.method_22684(class_312.java:169) ~[client-intermediary.jar:?]
	at org.lwjgl.glfw.GLFWMouseButtonCallbackI.callback(GLFWMouseButtonCallbackI.java:43) ~[lwjgl-glfw-3.3.1.jar:?]
	at org.lwjgl.system.JNI.invokeV(Native Method) ~[lwjgl-3.3.1.jar:?]
	at org.lwjgl.glfw.GLFW.glfwPollEvents(GLFW.java:3403) ~[lwjgl-glfw-3.3.1.jar:?]
	at com.mojang.blaze3d.systems.RenderSystem.pollEvents(RenderSystem.java:201) ~[client-intermediary.jar:?]
	at com.mojang.blaze3d.systems.RenderSystem.flipFrame(RenderSystem.java:219) ~[client-intermediary.jar:?]
	at net.minecraft.class_1041.method_15998(class_1041.java:288) ~[client-intermediary.jar:?]
	at net.minecraft.class_310.method_1523(class_310.java:1241) ~[client-intermediary.jar:?]
	at net.minecraft.class_310.method_1514(class_310.java:802) ~[client-intermediary.jar:?]
	at net.minecraft.client.main.Main.main(Main.java:250) ~[minecraft-1.20.1-client.jar:?]
	at net.fabricmc.loader.impl.game.minecraft.MinecraftGameProvider.launch(MinecraftGameProvider.java:514) ~[fabric-loader-0.19.2.jar:?]
	at net.fabricmc.loader.impl.launch.knot.Knot.launch(Knot.java:72) ~[fabric-loader-0.19.2.jar:?]
	at net.fabricmc.loader.impl.launch.knot.KnotClient.main(KnotClient.java:23) ~[fabric-loader-0.19.2.jar:?]
	at org.prismlauncher.launcher.impl.StandardLauncher.launch(StandardLauncher.java:115) ~[NewLaunch.jar:?]
	at org.prismlauncher.EntryPoint.listen(EntryPoint.java:129) ~[NewLaunch.jar:?]
	at org.prismlauncher.EntryPoint.main(EntryPoint.java:70) ~[NewLaunch.jar:?]
[17:10:05] [Render thread/ERROR]: Failed to list path /data/minecraft/datapacks/bundle/assets
java.nio.file.NotDirectoryException: /data/minecraft/datapacks/bundle/assets
	at jdk.nio.zipfs.ZipDirectoryStream.<init>(ZipDirectoryStream.java:58) ~[jdk.zipfs:?]
	at jdk.nio.zipfs.ZipPath.newDirectoryStream(ZipPath.java:755) ~[jdk.zipfs:?]
	at jdk.nio.zipfs.ZipFileSystemProvider.newDirectoryStream(ZipFileSystemProvider.java:245) ~[jdk.zipfs:?]
	at java.nio.file.Files.newDirectoryStream(Files.java:482) ~[?:?]
	at net.minecraft.class_3259.method_14406(class_3259.java:130) ~[client-intermediary.jar:?]
	at net.minecraft.class_3255.handler$bpo000$citresewn$brokenpaths$parseMetadata(class_3255.java:527) ~[client-intermediary.jar:?]
	at net.minecraft.class_3255.method_14407(class_3255.java:35) ~[client-intermediary.jar:?]
	at net.minecraft.class_3288.method_45274(class_3288.java:77) ~[client-intermediary.jar:?]
	at net.minecraft.class_3288.method_45275(class_3288.java:47) ~[client-intermediary.jar:?]
	at net.minecraft.class_3286.method_45260(class_3286.java:66) ~[client-intermediary.jar:?]
	at net.minecraft.class_7678.method_45258(class_7678.java:76) ~[client-intermediary.jar:?]
	at net.minecraft.class_7678.method_45266(class_7678.java:61) ~[client-intermediary.jar:?]
	at java.util.HashMap.forEach(HashMap.java:1421) ~[?:?]
	at net.minecraft.class_7678.method_45267(class_7678.java:60) ~[client-intermediary.jar:?]
	at net.minecraft.class_7678.method_14453(class_7678.java:43) ~[client-intermediary.jar:?]
	at net.minecraft.class_3283.method_29212(class_3283.java:39) ~[client-intermediary.jar:?]
	at net.minecraft.class_3283.method_14445(class_3283.java:32) ~[client-intermediary.jar:?]
	at net.minecraft.server.MinecraftServer.method_29736(MinecraftServer.java:1351) ~[client-intermediary.jar:?]
	at net.minecraft.class_7237$class_7238.method_42099(class_7237.java:97) ~[client-intermediary.jar:?]
	at net.minecraft.class_7237.method_42098(class_7237.java:29) ~[client-intermediary.jar:?]
	at net.minecraft.class_525.method_31130(class_525.java:333) ~[client-intermediary.jar:?]
	at net.minecraft.class_528.method_43462(class_528.java:169) ~[client-intermediary.jar:?]
	at net.minecraft.class_528.<init>(class_528.java:95) ~[client-intermediary.jar:?]
	at net.minecraft.class_526.method_25426(class_526.java:54) ~[client-intermediary.jar:?]
	at net.minecraft.class_437.method_25423(class_437.java:297) ~[client-intermediary.jar:?]
	at net.minecraft.class_310.method_1507(class_310.java:1080) ~[client-intermediary.jar:?]
	at net.minecraft.class_442.method_19861(class_442.java:159) ~[client-intermediary.jar:?]
	at net.minecraft.class_4185.method_25306(class_4185.java:94) ~[client-intermediary.jar:?]
	at net.minecraft.class_4264.method_25348(class_4264.java:56) ~[client-intermediary.jar:?]
	at net.minecraft.class_339.method_25402(class_339.java:189) ~[client-intermediary.jar:?]
	at net.minecraft.class_4069.method_25402(class_4069.java:38) ~[client-intermediary.jar:?]
	at net.minecraft.class_442.method_25402(class_442.java:299) ~[client-intermediary.jar:?]
	at net.minecraft.class_312.method_1611(class_312.java:98) ~[client-intermediary.jar:?]
	at net.minecraft.class_437.method_25412(class_437.java:409) ~[client-intermediary.jar:?]
	at net.minecraft.class_312.method_1601(class_312.java:98) ~[client-intermediary.jar:?]
	at net.minecraft.class_312.method_22686(class_312.java:169) ~[client-intermediary.jar:?]
	at net.minecraft.class_1255.execute(class_1255.java:102) ~[client-intermediary.jar:?]
	at net.minecraft.class_312.method_22684(class_312.java:169) ~[client-intermediary.jar:?]
	at org.lwjgl.glfw.GLFWMouseButtonCallbackI.callback(GLFWMouseButtonCallbackI.java:43) ~[lwjgl-glfw-3.3.1.jar:?]
	at org.lwjgl.system.JNI.invokeV(Native Method) ~[lwjgl-3.3.1.jar:?]
	at org.lwjgl.glfw.GLFW.glfwPollEvents(GLFW.java:3403) ~[lwjgl-glfw-3.3.1.jar:?]
	at com.mojang.blaze3d.systems.RenderSystem.pollEvents(RenderSystem.java:201) ~[client-intermediary.jar:?]
	at com.mojang.blaze3d.systems.RenderSystem.flipFrame(RenderSystem.java:219) ~[client-intermediary.jar:?]
	at net.minecraft.class_1041.method_15998(class_1041.java:288) ~[client-intermediary.jar:?]
	at net.minecraft.class_310.method_1523(class_310.java:1241) ~[client-intermediary.jar:?]
	at net.minecraft.class_310.method_1514(class_310.java:802) ~[client-intermediary.jar:?]
	at net.minecraft.client.main.Main.main(Main.java:250) ~[minecraft-1.20.1-client.jar:?]
	at net.fabricmc.loader.impl.game.minecraft.MinecraftGameProvider.launch(MinecraftGameProvider.java:514) ~[fabric-loader-0.19.2.jar:?]
	at net.fabricmc.loader.impl.launch.knot.Knot.launch(Knot.java:72) ~[fabric-loader-0.19.2.jar:?]
	at net.fabricmc.loader.impl.launch.knot.KnotClient.main(KnotClient.java:23) ~[fabric-loader-0.19.2.jar:?]
	at org.prismlauncher.launcher.impl.StandardLauncher.launch(StandardLauncher.java:115) ~[NewLaunch.jar:?]
	at org.prismlauncher.EntryPoint.listen(EntryPoint.java:129) ~[NewLaunch.jar:?]
	at org.prismlauncher.EntryPoint.main(EntryPoint.java:70) ~[NewLaunch.jar:?]
[17:10:05] [Render thread/INFO]: Found new data pack Supplementaries Generated Pack, loading it automatically
[17:10:05] [Render thread/INFO]: Found new data pack Suppsquared Generated Pack, loading it automatically
[17:10:05] [Render thread/INFO]: Found new data pack $polymer-resources, loading it automatically
[17:10:05] [Render thread/INFO]: Found new data pack tectonic/tectonic/overlay.mod, loading it automatically
[17:10:05] [Render thread/INFO]: ARRP register - before vanilla
[17:10:05] [Render thread/INFO]: ARRP register - after vanilla
[17:10:05] [Render thread/INFO]: Starting runtime resource generation for pack type SERVER_DATA with generators from mods [moonlight, suppsquared, amendments, supplementaries, suppsquared, supplementaries]: [net.mehvahdjukaar.suppsquared.common.ServerPackProvider@6542a3d7, net.mehvahdjukaar.supplementaries.dynamicpack.ServerDynamicResourcesGenerator@5d6f80e2]
[17:10:05] [Render thread/INFO]: Generating runtime assets for pack Suppsquared Generated Pack (suppsquared)
[17:10:05] [Render thread/INFO]: Generated runtime SERVER_DATA for pack Suppsquared Generated Pack (suppsquared) in: 180 ms (multithreaded)
[17:10:05] [Render thread/INFO]: Generating runtime assets for pack Supplementaries Generated Pack (supplementaries)
[17:10:05] [Render thread/INFO]: Generated runtime SERVER_DATA for pack Supplementaries Generated Pack (supplementaries) in: 15 ms (multithreaded)
[17:10:05] [Render thread/INFO]: Finished runtime resources generation for 6 packs in a total of 196 ms
[17:10:10] [Render thread/INFO]: Registered /wine command
[17:10:10] [Render thread/INFO]: Adding serverside commands..
[17:10:11] [Worker-ResourceReload-2/ERROR]: Couldn't load tag minecraft:default_spawns as it is missing following references: minecraft:tabby (from vanilla), minecraft:black (from vanilla), minecraft:red (from vanilla), minecraft:siamese (from vanilla), minecraft:british_shorthair (from vanilla), minecraft:calico (from vanilla), minecraft:persian (from vanilla), minecraft:ragdoll (from vanilla), minecraft:white (from vanilla), minecraft:jellie (from vanilla)
[17:10:11] [Worker-ResourceReload-2/ERROR]: Couldn't load tag minecraft:full_moon_spawns as it is missing following references: #minecraft:default_spawns (from vanilla), minecraft:all_black (from vanilla)
[17:10:12] [Worker-ResourceReload-0/ERROR]: Couldn't load tag enchancement:always_selectable as it is missing following references: enchance:shock_absorbers (from fabric)
[17:10:24] [Worker-ResourceReload-2/ERROR]: Couldn't load tag c:tools/melee_weapon as it is missing following references: minecraft:mace (from fabric)
[17:10:24] [Worker-ResourceReload-2/ERROR]: Couldn't load tag c:tools/mace as it is missing following references: minecraft:mace (from fabric)
[17:10:25] [Worker-ResourceReload-2/ERROR]: Couldn't load tag c:rods/breeze as it is missing following references: minecraft:breeze_rod (from fabric)
[17:10:25] [Worker-ResourceReload-2/ERROR]: Couldn't load tag c:foods as it is missing following references: minecraft:ominous_bottle (from fabric)
[17:10:25] [Worker-ResourceReload-2/ERROR]: Couldn't load tag c:music_discs as it is missing following references: minecraft:music_disc_creator (from fabric), minecraft:music_disc_creator_music_box (from fabric), minecraft:music_disc_precipice (from fabric)
[17:10:25] [Worker-ResourceReload-2/WARN]: The following tags are invalid and will be ignored: [c:brass_dusts, c:osmium_gears, c:amber_wires, c:apatite_blocks, c:fluorite_wires, c:copper_gems, c:ruby_nuggets, c:signalum_nuggets, c:gold_wires, c:fluorite_ingots, c:mithril_wires, c:signalum_gems, c:potassium_nitrate_ingots, c:raw_coal_coke_blocks, c:raw_steel_ores, c:sapphire_wires, c:raw_signalum_blocks, c:sulfur_rods, c:chrome_wires, c:graphite_gems, c:raw_diamond_ores, c:cinnabar_raw_materials, c:sapphire_storage_blocks, c:peridot_ingots, c:raw_charcoal_storage_blocks, c:obsidian_rods, c:sulfur_wires, c:amber_storage_blocks, c:graphite_dusts, c:elementium_ingots, c:coal_gems, c:constantan_ores, c:chrome_ingots, c:raw_invar_ores, c:raw_platinum_storage_blocks, c:sapphire_raw_materials, c:potassium_nitrate_ores, c:raw_cobalt_storage_blocks, c:lapis_gears, c:cinnabar_nuggets, c:brass_nuggets, c:netherite_storage_blocks, c:raw_lumium_ores, c:tungsten_gears, c:raw_obsidian_ores, c:amber_plates, c:netherite_rods, c:zinc_gears, c:netherite_dusts, c:chrome_gems, c:amber_ingots, c:elementium_ores, c:raw_lumium_storage_blocks, c:potassium_nitrate_raw_materials, c:cobalt_wires, c:silver_rods, c:fluorite_plates, c:enderium_raw_materials, c:zinc_dusts, c:raw_graphite_blocks, c:brass_rods, c:lead_raw_materials, c:mithril_nuggets, c:mithril_dusts, c:sapphire_dusts, c:netherite_gears, c:raw_cinnabar_blocks, c:ruby_rods, c:brass_storage_blocks, c:lumium_ores, c:raw_chrome_storage_blocks, c:amber_raw_materials, c:constantan_raw_materials, c:chrome_plates, c:bitumen_plates, c:tin_storage_blocks, c:aeternium_plates, c:raw_amber_ores, c:peridot_gems, c:coal_coke_ores, c:invar_storage_blocks, c:apatite_nuggets, c:raw_elementium_blocks, c:raw_elementium_storage_blocks, c:raw_mithril_blocks, c:raw_emerald_ores, c:electrum_raw_materials, c:uranium_raw_materials, c:raw_signalum_ores, c:invar_raw_materials, c:signalum_rods, c:graphite_wires, c:tin_wires, c:aeternium_raw_materials, c:raw_chrome_blocks, c:raw_aeternium_storage_blocks, c:charcoal_gears, c:apatite_ores, c:brass_wires, c:raw_invar_storage_blocks, c:charcoal_ores, c:coal_rods, c:coal_coke_dusts, c:bitumen_ingots, c:platinum_wires, c:lapis_storage_blocks, c:netherite_gems, c:bitumen_raw_materials, c:elementium_plates, c:raw_coal_coke_ores, c:platinum_rods, c:raw_steel_blocks, c:raw_netherite_blocks, c:cobalt_dusts, c:coal_nuggets, c:silver_gems, c:nickel_storage_blocks, c:diamond_ingots, c:chrome_rods, c:zinc_wires, c:graphite_rods, c:cinnabar_rods, c:chrome_storage_blocks, c:zinc_ores, c:aeternium_rods, c:diamond_gears, c:signalum_raw_materials, c:iron_wires, c:raw_bitumen_ores, c:apatite_wires, c:raw_obsidian_blocks, c:raw_bitumen_storage_blocks, c:charcoal_gems, c:mithril_blocks, c:raw_coal_ores, c:coal_plates, c:aluminum_ores, c:potassium_nitrate_storage_blocks, c:brass_blocks, c:enderium_wires, c:ruby_raw_materials, c:iridium_wires, c:constantan_plates, c:mithril_raw_materials, c:mithril_ores, c:bitumen_gears, c:cobalt_plates, c:mithril_gears, c:amber_ores, c:cobalt_gears, c:fluorite_gears, c:raw_constantan_ores, c:raw_electrum_ores, c:uranium_gems, c:copper_wires, c:enderium_ingots, c:osmium_wires, c:raw_lumium_blocks, c:raw_potassium_nitrate_storage_blocks, c:peridot_rods, c:raw_nickel_storage_blocks, c:aeternium_storage_blocks, c:raw_obsidian_storage_blocks, c:bitumen_storage_blocks, c:raw_bitumen_blocks, c:constantan_ingots, c:lapis_nuggets, c:coal_ingots, c:bitumen_gems, c:apatite_dusts, c:raw_silver_storage_blocks, c:ruby_ingots, c:charcoal_dusts, c:aeternium_nuggets, c:bronze_wires, c:electrum_wires, c:ruby_wires, c:raw_enderium_blocks, c:sapphire_rods, c:raw_iridium_storage_blocks, c:sulfur_gears, c:cobalt_storage_blocks, c:cinnabar_ingots, c:coal_coke_gems, c:enderium_rods, c:cinnabar_gems, c:electrum_rods, c:raw_ruby_storage_blocks, c:aeternium_gems, c:iridium_storage_blocks, c:raw_graphite_ores, c:raw_amber_storage_blocks, c:apatite_gems, c:raw_aluminum_storage_blocks, c:cobalt_raw_materials, c:raw_uranium_storage_blocks, c:platinum_gems, c:potassium_nitrate_gems, c:peridot_nuggets, c:coal_coke_wires, c:enderium_nuggets, c:amber_gears, c:coal_coke_storage_blocks, c:osmium_storage_blocks, c:lumium_ingots, c:steel_ores, c:signalum_gears, c:enderium_storage_blocks, c:apatite_gears, c:sapphire_ingots, c:amber_dusts, c:chrome_dusts, c:fluorite_dusts, c:tin_gems, c:emerald_rods, c:netherite_ores, c:raw_fluorite_ores, c:potassium_nitrate_blocks, c:coal_coke_gears, c:raw_apatite_blocks, c:raw_sapphire_blocks, c:raw_zinc_ores, c:peridot_dusts, c:raw_electrum_blocks, c:enderium_plates, c:raw_enderium_ores, c:brass_raw_materials, c:tungsten_raw_materials, c:uranium_gears, c:fluorite_rods, c:constantan_nuggets, c:invar_ores, c:obsidian_blocks, c:uranium_plates, c:bitumen_rods, c:signalum_blocks, c:raw_diamond_storage_blocks, c:cinnabar_plates, c:emerald_storage_blocks, c:raw_sulfur_storage_blocks, c:silver_gears, c:raw_ruby_ores, c:aeternium_blocks, c:raw_sapphire_storage_blocks, c:raw_graphite_storage_blocks, c:zinc_blocks, c:lumium_plates, c:raw_lapis_blocks, c:raw_emerald_storage_blocks, c:peridot_plates, c:bronze_raw_materials, c:diamond_storage_blocks, c:obsidian_raw_materials, c:lapis_ingots, c:amber_blocks, c:raw_electrum_storage_blocks, c:raw_fluorite_storage_blocks, c:coal_wires, c:raw_sapphire_ores, c:potassium_nitrate_rods, c:raw_zinc_storage_blocks, c:coal_coke_nuggets, c:netherite_raw_materials, c:raw_peridot_ores, c:netherite_wires, c:coal_coke_plates, c:cinnabar_storage_blocks, c:graphite_raw_materials, c:obsidian_wires, c:fluorite_nuggets, c:sulfur_ingots, c:elementium_raw_materials, c:raw_coal_coke_storage_blocks, c:cinnabar_dusts, c:peridot_gears, c:emerald_gems, c:nickel_rods, c:signalum_plates, c:elementium_storage_blocks, c:raw_aeternium_ores, c:lead_wires, c:emerald_gears, c:raw_brass_blocks, c:aeternium_wires, c:raw_bronze_ores, c:raw_coal_blocks, c:raw_peridot_blocks, c:raw_steel_storage_blocks, c:graphite_storage_blocks, c:ruby_storage_blocks, c:copper_storage_blocks, c:raw_fluorite_blocks, c:elementium_rods, c:lumium_dusts, c:emerald_raw_materials, c:chrome_nuggets, c:charcoal_raw_materials, c:electrum_storage_blocks, c:iridium_gears, c:signalum_ingots, c:constantan_rods, c:osmium_rods, c:enderium_gears, c:raw_copper_storage_blocks, c:raw_tungsten_storage_blocks, c:zinc_raw_materials, c:lumium_gems, c:potassium_nitrate_dusts, c:raw_chrome_ores, c:bronze_storage_blocks, c:coal_storage_blocks, c:elementium_wires, c:mithril_gems, c:mithril_storage_blocks, c:zinc_storage_blocks, c:aeternium_ores, c:raw_brass_storage_blocks, c:raw_netherite_storage_blocks, c:tungsten_storage_blocks, c:tungsten_gems, c:aluminum_gems, c:aeternium_dusts, c:invar_gems, c:signalum_dusts, c:amber_gems, c:sapphire_plates, c:ruby_plates, c:bitumen_ores, c:raw_cinnabar_storage_blocks, c:bitumen_wires, c:diamond_gems, c:diamond_nuggets, c:bitumen_dusts, c:obsidian_dusts, c:charcoal_rods, c:raw_sulfur_blocks, c:fluorite_blocks, c:raw_lapis_storage_blocks, c:fluorite_storage_blocks, c:brass_ingots, c:signalum_storage_blocks, c:uranium_storage_blocks, c:obsidian_nuggets, c:apatite_storage_blocks, c:raw_bronze_storage_blocks, c:nickel_gears, c:elementium_gems, c:sulfur_nuggets, c:osmium_gems, c:silver_wires, c:cinnabar_ores, c:graphite_plates, c:cobalt_rods, c:chrome_ores, c:zinc_rods, c:elementium_blocks, c:electrum_gears, c:ruby_gears, c:constantan_gems, c:osmium_plates, c:constantan_dusts, c:lumium_wires, c:raw_apatite_storage_blocks, c:apatite_ingots, c:potassium_nitrate_nuggets, c:raw_gold_storage_blocks, c:platinum_raw_materials, c:enderium_blocks, c:sulfur_plates, c:coal_gears, c:brass_ores, c:lumium_rods, c:constantan_wires, c:charcoal_plates, c:emerald_nuggets, c:elementium_dusts, c:chrome_gears, c:sapphire_gems, c:fluorite_gems, c:brass_plates, c:obsidian_ingots, c:apatite_raw_materials, c:cinnabar_gears, c:charcoal_nuggets, c:lumium_raw_materials, c:apatite_plates, c:bronze_ores, c:ruby_ores, c:raw_charcoal_ores, c:coal_raw_materials, c:mithril_rods, c:coal_coke_rods, c:chrome_blocks, c:raw_bronze_blocks, c:enderium_gems, c:steel_raw_materials, c:graphite_ingots, c:sulfur_ores, c:signalum_wires, c:gold_storage_blocks, c:raw_zinc_blocks, c:signalum_ores, c:amber_rods, c:diamond_rods, c:ruby_blocks, c:iron_gems, c:potassium_nitrate_wires, c:uranium_wires, c:nickel_gems, c:steel_gems, c:sulfur_raw_materials, c:electrum_gems, c:apatite_rods, c:raw_aluminum_blocks, c:obsidian_ores, c:coal_coke_ingots, c:aeternium_gears, c:raw_enderium_storage_blocks, c:lumium_blocks, c:charcoal_ingots, c:raw_lapis_ores, c:ruby_gems, c:sapphire_blocks, c:constantan_storage_blocks, c:raw_elementium_ores, c:lapis_wires, c:emerald_ingots, c:raw_netherite_ores, c:zinc_nuggets, c:lapis_rods, c:silver_storage_blocks, c:raw_osmium_storage_blocks, c:zinc_gems, c:peridot_wires, c:raw_emerald_blocks, c:lead_storage_blocks, c:graphite_ores, c:lead_gems, c:raw_potassium_nitrate_blocks, c:diamond_wires, c:sapphire_gears, c:electrum_ores, c:cinnabar_blocks, c:emerald_wires, c:tungsten_wires, c:obsidian_plates, c:aeternium_ingots, c:iron_storage_blocks, c:cobalt_gems, c:lumium_storage_blocks, c:lapis_raw_materials, c:chrome_raw_materials, c:coal_coke_blocks, c:raw_iron_storage_blocks, c:graphite_nuggets, c:nickel_raw_materials, c:fluorite_raw_materials, c:lumium_gears, c:obsidian_storage_blocks, c:raw_constantan_blocks, c:graphite_gears, c:zinc_ingots, c:raw_charcoal_blocks, c:raw_constantan_storage_blocks, c:osmium_dusts, c:brass_gears, c:obsidian_gears, c:iridium_rods, c:tin_raw_materials, c:lumium_nuggets, c:steel_wires, c:raw_aluminum_ores, c:peridot_ores, c:iridium_raw_materials, c:gold_gems, c:zinc_plates, c:aluminum_wires, c:sapphire_ores, c:raw_potassium_nitrate_ores, c:bronze_gems, c:charcoal_blocks, c:silver_raw_materials, c:raw_amber_blocks, c:raw_peridot_storage_blocks, c:nickel_wires, c:brass_gems, c:raw_invar_blocks, c:invar_wires, c:peridot_blocks, c:raw_aeternium_blocks, c:raw_lead_storage_blocks, c:charcoal_storage_blocks, c:mithril_ingots, c:potassium_nitrate_gears, c:raw_cinnabar_ores, c:osmium_raw_materials, c:lapis_gems, c:potassium_nitrate_plates, c:graphite_blocks, c:enderium_dusts, c:enderium_ores, c:aluminum_storage_blocks, c:raw_apatite_ores, c:obsidian_gems, c:sapphire_nuggets, c:steel_storage_blocks, c:lead_rods, c:raw_mithril_storage_blocks, c:peridot_raw_materials, c:diamond_raw_materials, c:bitumen_blocks, c:platinum_gears, c:raw_coal_storage_blocks, c:cinnabar_wires, c:sulfur_gems, c:coal_coke_raw_materials, c:mithril_plates, c:constantan_blocks, c:raw_sulfur_ores, c:aluminum_raw_materials, c:bitumen_nuggets, c:raw_cobalt_ores, c:raw_diamond_blocks, c:netherite_plates, c:peridot_storage_blocks, c:charcoal_wires, c:constantan_gears, c:raw_mithril_ores, c:raw_brass_ores, c:iridium_gems, c:platinum_storage_blocks, c:sulfur_storage_blocks, c:amber_nuggets, c:raw_signalum_storage_blocks, c:elementium_gears, c:lead_gears, c:raw_tin_storage_blocks, c:elementium_nuggets, c:raw_ruby_blocks, c:fluorite_ores]
[17:10:28] [Worker-ResourceReload-4/ERROR]: Couldn't parse element loot_tables:mynethersdelight:blocks/blackstone_cooking_pot
com.google.gson.JsonSyntaxException: Unknown type 'mynethersdelight:copy_meal'
	at net.minecraft.class_5330$class_5333.deserialize(class_5330.java:99) ~[client-intermediary.jar:?]
	at com.google.gson.internal.bind.TreeTypeAdapter.read(TreeTypeAdapter.java:76) ~[gson-2.10.jar:?]
	at com.google.gson.internal.bind.TypeAdapterRuntimeTypeWrapper.read(TypeAdapterRuntimeTypeWrapper.java:40) ~[gson-2.10.jar:?]
	at com.google.gson.internal.bind.ArrayTypeAdapter.read(ArrayTypeAdapter.java:72) ~[gson-2.10.jar:?]
	at com.google.gson.Gson.fromJson(Gson.java:1214) ~[gson-2.10.jar:?]
	at com.google.gson.Gson.fromJson(Gson.java:1319) ~[gson-2.10.jar:?]
	at com.google.gson.Gson.fromJson(Gson.java:1290) ~[gson-2.10.jar:?]
	at com.google.gson.internal.bind.TreeTypeAdapter$GsonContextImpl.deserialize(TreeTypeAdapter.java:179) ~[gson-2.10.jar:?]
	at net.minecraft.class_3518.method_15291(class_3518.java:463) ~[client-intermediary.jar:?]
	at net.minecraft.class_3518.method_15283(class_3518.java:481) ~[client-intermediary.jar:?]
	at net.minecraft.class_85$class_90.method_441(class_85.java:149) ~[client-intermediary.jar:?]
	at net.minecraft.class_85$class_90.method_424(class_85.java:129) ~[client-intermediary.jar:?]
	at net.minecraft.class_79$class_5337.method_29319(class_79.java:86) ~[client-intermediary.jar:?]
	at net.minecraft.class_79$class_5337.method_517(class_79.java:74) ~[client-intermediary.jar:?]
	at net.minecraft.class_5330$class_5333.deserialize(class_5330.java:102) ~[client-intermediary.jar:?]
	at com.google.gson.internal.bind.TreeTypeAdapter.read(TreeTypeAdapter.java:76) ~[gson-2.10.jar:?]
	at com.google.gson.internal.bind.TypeAdapterRuntimeTypeWrapper.read(TypeAdapterRuntimeTypeWrapper.java:40) ~[gson-2.10.jar:?]
	at com.google.gson.internal.bind.ArrayTypeAdapter.read(ArrayTypeAdapter.java:72) ~[gson-2.10.jar:?]
	at com.google.gson.Gson.fromJson(Gson.java:1214) ~[gson-2.10.jar:?]
	at com.google.gson.Gson.fromJson(Gson.java:1319) ~[gson-2.10.jar:?]
	at com.google.gson.Gson.fromJson(Gson.java:1290) ~[gson-2.10.jar:?]
	at com.google.gson.internal.bind.TreeTypeAdapter$GsonContextImpl.deserialize(TreeTypeAdapter.java:179) ~[gson-2.10.jar:?]
	at net.minecraft.class_3518.method_15291(class_3518.java:463) ~[client-intermediary.jar:?]
	at net.minecraft.class_3518.method_15272(class_3518.java:471) ~[client-intermediary.jar:?]
	at net.minecraft.class_55$class_57.method_358(class_55.java:173) ~[client-intermediary.jar:?]
	at net.minecraft.class_55$class_57.deserialize(class_55.java:169) ~[client-intermediary.jar:?]
	at com.google.gson.internal.bind.TreeTypeAdapter.read(TreeTypeAdapter.java:76) ~[gson-2.10.jar:?]
	at com.google.gson.internal.bind.TypeAdapterRuntimeTypeWrapper.read(TypeAdapterRuntimeTypeWrapper.java:40) ~[gson-2.10.jar:?]
	at com.google.gson.internal.bind.ArrayTypeAdapter.read(ArrayTypeAdapter.java:72) ~[gson-2.10.jar:?]
	at com.google.gson.Gson.fromJson(Gson.java:1214) ~[gson-2.10.jar:?]
	at com.google.gson.Gson.fromJson(Gson.java:1319) ~[gson-2.10.jar:?]
	at com.google.gson.Gson.fromJson(Gson.java:1290) ~[gson-2.10.jar:?]
	at com.google.gson.internal.bind.TreeTypeAdapter$GsonContextImpl.deserialize(TreeTypeAdapter.java:179) ~[gson-2.10.jar:?]
	at net.minecraft.class_3518.method_15291(class_3518.java:463) ~[client-intermediary.jar:?]
	at net.minecraft.class_3518.method_15283(class_3518.java:481) ~[client-intermediary.jar:?]
	at net.minecraft.class_52$class_54.method_340(class_52.java:250) ~[client-intermediary.jar:?]
	at net.minecraft.class_52$class_54.deserialize(class_52.java:246) ~[client-intermediary.jar:?]
	at com.google.gson.internal.bind.TreeTypeAdapter.read(TreeTypeAdapter.java:76) ~[gson-2.10.jar:?]
	at com.google.gson.Gson.fromJson(Gson.java:1214) ~[gson-2.10.jar:?]
	at com.google.gson.Gson.fromJson(Gson.java:1319) ~[gson-2.10.jar:?]
	at com.google.gson.Gson.fromJson(Gson.java:1261) ~[gson-2.10.jar:?]
	at net.minecraft.class_8490.method_51205(class_8490.java:64) ~[client-intermediary.jar:?]
	at net.minecraft.class_8490.method_51204(class_8490.java:48) ~[client-intermediary.jar:?]
	at net.minecraft.class_60.method_51195(class_60.java:55) ~[client-intermediary.jar:?]
	at java.util.HashMap.forEach(HashMap.java:1421) ~[?:?]
	at net.minecraft.class_60.method_51189(class_60.java:55) ~[client-intermediary.jar:?]
	at java.util.concurrent.CompletableFuture$AsyncRun.run(CompletableFuture.java:1804) ~[?:?]
	at java.util.concurrent.CompletableFuture$AsyncRun.exec(CompletableFuture.java:1796) ~[?:?]
	at java.util.concurrent.ForkJoinTask.doExec(ForkJoinTask.java:373) ~[?:?]
	at java.util.concurrent.ForkJoinPool$WorkQueue.topLevelExec(ForkJoinPool.java:1182) ~[?:?]
	at java.util.concurrent.ForkJoinPool.scan(ForkJoinPool.java:1655) ~[?:?]
	at java.util.concurrent.ForkJoinPool.runWorker(ForkJoinPool.java:1622) ~[?:?]
	at java.util.concurrent.ForkJoinWorkerThread.run(ForkJoinWorkerThread.java:165) ~[?:?]
[17:10:34] [Render thread/INFO]: Added 94 compatibility recipes !
[17:10:34] [Render thread/WARN]: Recipe count: 13640
[17:10:34] [Render thread/WARN]: Item 'minecraft:raw_copper' has multiple preferred tags '[c:copper_raw_materials, c:raw_copper_ores]' for recipe replacement. This needs to be manually fixed by the user.
[17:10:34] [Render thread/WARN]: Item 'minecraft:raw_gold' has multiple preferred tags '[c:gold_raw_materials, c:raw_gold_ores]' for recipe replacement. This needs to be manually fixed by the user.
[17:10:34] [Render thread/WARN]: Item 'minecraft:raw_iron' has multiple preferred tags '[c:iron_raw_materials, c:raw_iron_ores]' for recipe replacement. This needs to be manually fixed by the user.
[17:10:36] [Render thread/WARN]: Recipe count afterwards: 13592 (done in 2.396 s)
[17:10:37] [Render thread/ERROR]: Parsing error loading recipe nethersdelight:cutting/hoglin_sausage_alt
com.google.gson.JsonSyntaxException: Unknown item 'nethersdelight:hoglin_loin'
	at net.minecraft.class_1869.method_17878(class_1869.java:272) ~[client-intermediary.jar:?]
	at java.util.Optional.orElseThrow(Optional.java:403) ~[?:?]
	at net.minecraft.class_1869.method_8155(class_1869.java:272) ~[client-intermediary.jar:?]
	at net.minecraft.class_1856.method_8107(class_1856.java:160) ~[client-intermediary.jar:?]
	at net.minecraft.class_1856.method_8102(class_1856.java:143) ~[client-intermediary.jar:?]
	at net.minecraft.class_1856.method_52177(class_1856.java:135) ~[client-intermediary.jar:?]
	at vectorwing.farmersdelight.common.crafting.CuttingBoardRecipe$Serializer.readIngredients(CuttingBoardRecipe.java:197) ~[FarmersDelight-1.20.1-2.4.1+refabricated.jar:?]
	at vectorwing.farmersdelight.common.crafting.CuttingBoardRecipe$Serializer.fromJson(CuttingBoardRecipe.java:174) ~[FarmersDelight-1.20.1-2.4.1+refabricated.jar:?]
	at vectorwing.farmersdelight.common.crafting.CuttingBoardRecipe$Serializer.method_8121(CuttingBoardRecipe.java:166) ~[FarmersDelight-1.20.1-2.4.1+refabricated.jar:?]
	at net.minecraft.class_1863.method_17720(class_1863.java:135) ~[client-intermediary.jar:?]
	at net.minecraft.class_1863.method_20705(class_1863.java:56) ~[client-intermediary.jar:?]
	at net.minecraft.class_1863.method_18788(class_1863.java:35) ~[client-intermediary.jar:?]
	at net.minecraft.class_4080.method_18790(class_4080.java:13) ~[client-intermediary.jar:?]
	at java.util.concurrent.CompletableFuture$UniAccept.tryFire(CompletableFuture.java:718) ~[?:?]
	at java.util.concurrent.CompletableFuture$Completion.run(CompletableFuture.java:482) ~[?:?]
	at net.minecraft.class_4014.method_18365(class_4014.java:69) ~[client-intermediary.jar:?]
	at net.minecraft.class_1255.method_18859(class_1255.java:156) ~[client-intermediary.jar:?]
	at net.minecraft.class_4093.method_18859(class_4093.java:23) ~[client-intermediary.jar:?]
	at net.minecraft.class_1255.method_16075(class_1255.java:130) ~[client-intermediary.jar:?]
	at net.minecraft.class_1255.method_18857(class_1255.java:139) ~[client-intermediary.jar:?]
	at net.minecraft.class_310.method_18857(class_310.java:25517) ~[client-intermediary.jar:?]
	at net.minecraft.class_525.method_31130(class_525.java:352) ~[client-intermediary.jar:?]
	at net.minecraft.class_528.method_43462(class_528.java:169) ~[client-intermediary.jar:?]
	at net.minecraft.class_528.<init>(class_528.java:95) ~[client-intermediary.jar:?]
	at net.minecraft.class_526.method_25426(class_526.java:54) ~[client-intermediary.jar:?]
	at net.minecraft.class_437.method_25423(class_437.java:297) ~[client-intermediary.jar:?]
	at net.minecraft.class_310.method_1507(class_310.java:1080) ~[client-intermediary.jar:?]
	at net.minecraft.class_442.method_19861(class_442.java:159) ~[client-intermediary.jar:?]
	at net.minecraft.class_4185.method_25306(class_4185.java:94) ~[client-intermediary.jar:?]
	at net.minecraft.class_4264.method_25348(class_4264.java:56) ~[client-intermediary.jar:?]
	at net.minecraft.class_339.method_25402(class_339.java:189) ~[client-intermediary.jar:?]
	at net.minecraft.class_4069.method_25402(class_4069.java:38) ~[client-intermediary.jar:?]
	at net.minecraft.class_442.method_25402(class_442.java:299) ~[client-intermediary.jar:?]
	at net.minecraft.class_312.method_1611(class_312.java:98) ~[client-intermediary.jar:?]
	at net.minecraft.class_437.method_25412(class_437.java:409) ~[client-intermediary.jar:?]
	at net.minecraft.class_312.method_1601(class_312.java:98) ~[client-intermediary.jar:?]
	at net.minecraft.class_312.method_22686(class_312.java:169) ~[client-intermediary.jar:?]
	at net.minecraft.class_1255.execute(class_1255.java:102) ~[client-intermediary.jar:?]
	at net.minecraft.class_312.method_22684(class_312.java:169) ~[client-intermediary.jar:?]
	at org.lwjgl.glfw.GLFWMouseButtonCallbackI.callback(GLFWMouseButtonCallbackI.java:43) ~[lwjgl-glfw-3.3.1.jar:?]
	at org.lwjgl.system.JNI.invokeV(Native Method) ~[lwjgl-3.3.1.jar:?]
	at org.lwjgl.glfw.GLFW.glfwPollEvents(GLFW.java:3403) ~[lwjgl-glfw-3.3.1.jar:?]
	at com.mojang.blaze3d.systems.RenderSystem.pollEvents(RenderSystem.java:201) ~[client-intermediary.jar:?]
	at com.mojang.blaze3d.systems.RenderSystem.flipFrame(RenderSystem.java:219) ~[client-intermediary.jar:?]
	at net.minecraft.class_1041.method_15998(class_1041.java:288) ~[client-intermediary.jar:?]
	at net.minecraft.class_310.method_1523(class_310.java:1241) ~[client-intermediary.jar:?]
	at net.minecraft.class_310.method_1514(class_310.java:802) ~[client-intermediary.jar:?]
	at net.minecraft.client.main.Main.main(Main.java:250) ~[minecraft-1.20.1-client.jar:?]
	at net.fabricmc.loader.impl.game.minecraft.MinecraftGameProvider.launch(MinecraftGameProvider.java:514) ~[fabric-loader-0.19.2.jar:?]
	at net.fabricmc.loader.impl.launch.knot.Knot.launch(Knot.java:72) ~[fabric-loader-0.19.2.jar:?]
	at net.fabricmc.loader.impl.launch.knot.KnotClient.main(KnotClient.java:23) ~[fabric-loader-0.19.2.jar:?]
	at org.prismlauncher.launcher.impl.StandardLauncher.launch(StandardLauncher.java:115) ~[NewLaunch.jar:?]
	at org.prismlauncher.EntryPoint.listen(EntryPoint.java:129) ~[NewLaunch.jar:?]
	at org.prismlauncher.EntryPoint.main(EntryPoint.java:70) ~[NewLaunch.jar:?]
[17:10:37] [Render thread/ERROR]: Parsing error loading recipe farmersrespite:chilidog_alt
com.google.gson.JsonSyntaxException: Unknown item 'farmersrespite:blazing_chili'
	at net.minecraft.class_1869.method_17878(class_1869.java:272) ~[client-intermediary.jar:?]
	at java.util.Optional.orElseThrow(Optional.java:403) ~[?:?]
	at net.minecraft.class_1869.method_8155(class_1869.java:272) ~[client-intermediary.jar:?]
	at net.minecraft.class_1856.method_8107(class_1856.java:160) ~[client-intermediary.jar:?]
	at net.minecraft.class_1856.method_8102(class_1856.java:143) ~[client-intermediary.jar:?]
	at net.minecraft.class_1867$class_1868.method_8144(class_1867.java:107) ~[client-intermediary.jar:?]
	at net.minecraft.class_1867$class_1868.method_8142(class_1867.java:92) ~[client-intermediary.jar:?]
	at net.minecraft.class_1867$class_1868.method_8121(class_1867.java:87) ~[client-intermediary.jar:?]
	at net.minecraft.class_1863.method_17720(class_1863.java:135) ~[client-intermediary.jar:?]
	at net.minecraft.class_1863.method_20705(class_1863.java:56) ~[client-intermediary.jar:?]
	at net.minecraft.class_1863.method_18788(class_1863.java:35) ~[client-intermediary.jar:?]
	at net.minecraft.class_4080.method_18790(class_4080.java:13) ~[client-intermediary.jar:?]
	at java.util.concurrent.CompletableFuture$UniAccept.tryFire(CompletableFuture.java:718) ~[?:?]
	at java.util.concurrent.CompletableFuture$Completion.run(CompletableFuture.java:482) ~[?:?]
	at net.minecraft.class_4014.method_18365(class_4014.java:69) ~[client-intermediary.jar:?]
	at net.minecraft.class_1255.method_18859(class_1255.java:156) ~[client-intermediary.jar:?]
	at net.minecraft.class_4093.method_18859(class_4093.java:23) ~[client-intermediary.jar:?]
	at net.minecraft.class_1255.method_16075(class_1255.java:130) ~[client-intermediary.jar:?]
	at net.minecraft.class_1255.method_18857(class_1255.java:139) ~[client-intermediary.jar:?]
	at net.minecraft.class_310.method_18857(class_310.java:25517) ~[client-intermediary.jar:?]
	at net.minecraft.class_525.method_31130(class_525.java:352) ~[client-intermediary.jar:?]
	at net.minecraft.class_528.method_43462(class_528.java:169) ~[client-intermediary.jar:?]
	at net.minecraft.class_528.<init>(class_528.java:95) ~[client-intermediary.jar:?]
	at net.minecraft.class_526.method_25426(class_526.java:54) ~[client-intermediary.jar:?]
	at net.minecraft.class_437.method_25423(class_437.java:297) ~[client-intermediary.jar:?]
	at net.minecraft.class_310.method_1507(class_310.java:1080) ~[client-intermediary.jar:?]
	at net.minecraft.class_442.method_19861(class_442.java:159) ~[client-intermediary.jar:?]
	at net.minecraft.class_4185.method_25306(class_4185.java:94) ~[client-intermediary.jar:?]
	at net.minecraft.class_4264.method_25348(class_4264.java:56) ~[client-intermediary.jar:?]
	at net.minecraft.class_339.method_25402(class_339.java:189) ~[client-intermediary.jar:?]
	at net.minecraft.class_4069.method_25402(class_4069.java:38) ~[client-intermediary.jar:?]
	at net.minecraft.class_442.method_25402(class_442.java:299) ~[client-intermediary.jar:?]
	at net.minecraft.class_312.method_1611(class_312.java:98) ~[client-intermediary.jar:?]
	at net.minecraft.class_437.method_25412(class_437.java:409) ~[client-intermediary.jar:?]
	at net.minecraft.class_312.method_1601(class_312.java:98) ~[client-intermediary.jar:?]
	at net.minecraft.class_312.method_22686(class_312.java:169) ~[client-intermediary.jar:?]
	at net.minecraft.class_1255.execute(class_1255.java:102) ~[client-intermediary.jar:?]
	at net.minecraft.class_312.method_22684(class_312.java:169) ~[client-intermediary.jar:?]
	at org.lwjgl.glfw.GLFWMouseButtonCallbackI.callback(GLFWMouseButtonCallbackI.java:43) ~[lwjgl-glfw-3.3.1.jar:?]
	at org.lwjgl.system.JNI.invokeV(Native Method) ~[lwjgl-3.3.1.jar:?]
	at org.lwjgl.glfw.GLFW.glfwPollEvents(GLFW.java:3403) ~[lwjgl-glfw-3.3.1.jar:?]
	at com.mojang.blaze3d.systems.RenderSystem.pollEvents(RenderSystem.java:201) ~[client-intermediary.jar:?]
	at com.mojang.blaze3d.systems.RenderSystem.flipFrame(RenderSystem.java:219) ~[client-intermediary.jar:?]
	at net.minecraft.class_1041.method_15998(class_1041.java:288) ~[client-intermediary.jar:?]
	at net.minecraft.class_310.method_1523(class_310.java:1241) ~[client-intermediary.jar:?]
	at net.minecraft.class_310.method_1514(class_310.java:802) ~[client-intermediary.jar:?]
	at net.minecraft.client.main.Main.main(Main.java:250) ~[minecraft-1.20.1-client.jar:?]
	at net.fabricmc.loader.impl.game.minecraft.MinecraftGameProvider.launch(MinecraftGameProvider.java:514) ~[fabric-loader-0.19.2.jar:?]
	at net.fabricmc.loader.impl.launch.knot.Knot.launch(Knot.java:72) ~[fabric-loader-0.19.2.jar:?]
	at net.fabricmc.loader.impl.launch.knot.KnotClient.main(KnotClient.java:23) ~[fabric-loader-0.19.2.jar:?]
	at org.prismlauncher.launcher.impl.StandardLauncher.launch(StandardLauncher.java:115) ~[NewLaunch.jar:?]
	at org.prismlauncher.EntryPoint.listen(EntryPoint.java:129) ~[NewLaunch.jar:?]
	at org.prismlauncher.EntryPoint.main(EntryPoint.java:70) ~[NewLaunch.jar:?]
[17:10:37] [Render thread/ERROR]: Parsing error loading recipe supplementaries:integration/ash_bricks_fd
com.google.gson.JsonParseException: An ingredient entry needs either a tag or an item
	at net.minecraft.class_1856.method_8107(class_1856.java:167) ~[client-intermediary.jar:?]
	at net.minecraft.class_1856.method_8102(class_1856.java:143) ~[client-intermediary.jar:?]
	at net.minecraft.class_1856.method_52177(class_1856.java:135) ~[client-intermediary.jar:?]
	at vectorwing.farmersdelight.common.crafting.CuttingBoardRecipe$Serializer.fromJson(CuttingBoardRecipe.java:176) ~[FarmersDelight-1.20.1-2.4.1+refabricated.jar:?]
	at vectorwing.farmersdelight.common.crafting.CuttingBoardRecipe$Serializer.method_8121(CuttingBoardRecipe.java:166) ~[FarmersDelight-1.20.1-2.4.1+refabricated.jar:?]
	at net.minecraft.class_1863.method_17720(class_1863.java:135) ~[client-intermediary.jar:?]
	at net.minecraft.class_1863.method_20705(class_1863.java:56) ~[client-intermediary.jar:?]
	at net.minecraft.class_1863.method_18788(class_1863.java:35) ~[client-intermediary.jar:?]
	at net.minecraft.class_4080.method_18790(class_4080.java:13) ~[client-intermediary.jar:?]
	at java.util.concurrent.CompletableFuture$UniAccept.tryFire(CompletableFuture.java:718) ~[?:?]
	at java.util.concurrent.CompletableFuture$Completion.run(CompletableFuture.java:482) ~[?:?]
	at net.minecraft.class_4014.method_18365(class_4014.java:69) ~[client-intermediary.jar:?]
	at net.minecraft.class_1255.method_18859(class_1255.java:156) ~[client-intermediary.jar:?]
	at net.minecraft.class_4093.method_18859(class_4093.java:23) ~[client-intermediary.jar:?]
	at net.minecraft.class_1255.method_16075(class_1255.java:130) ~[client-intermediary.jar:?]
	at net.minecraft.class_1255.method_18857(class_1255.java:139) ~[client-intermediary.jar:?]
	at net.minecraft.class_310.method_18857(class_310.java:25517) ~[client-intermediary.jar:?]
	at net.minecraft.class_525.method_31130(class_525.java:352) ~[client-intermediary.jar:?]
	at net.minecraft.class_528.method_43462(class_528.java:169) ~[client-intermediary.jar:?]
	at net.minecraft.class_528.<init>(class_528.java:95) ~[client-intermediary.jar:?]
	at net.minecraft.class_526.method_25426(class_526.java:54) ~[client-intermediary.jar:?]
	at net.minecraft.class_437.method_25423(class_437.java:297) ~[client-intermediary.jar:?]
	at net.minecraft.class_310.method_1507(class_310.java:1080) ~[client-intermediary.jar:?]
	at net.minecraft.class_442.method_19861(class_442.java:159) ~[client-intermediary.jar:?]
	at net.minecraft.class_4185.method_25306(class_4185.java:94) ~[client-intermediary.jar:?]
	at net.minecraft.class_4264.method_25348(class_4264.java:56) ~[client-intermediary.jar:?]
	at net.minecraft.class_339.method_25402(class_339.java:189) ~[client-intermediary.jar:?]
	at net.minecraft.class_4069.method_25402(class_4069.java:38) ~[client-intermediary.jar:?]
	at net.minecraft.class_442.method_25402(class_442.java:299) ~[client-intermediary.jar:?]
	at net.minecraft.class_312.method_1611(class_312.java:98) ~[client-intermediary.jar:?]
	at net.minecraft.class_437.method_25412(class_437.java:409) ~[client-intermediary.jar:?]
	at net.minecraft.class_312.method_1601(class_312.java:98) ~[client-intermediary.jar:?]
	at net.minecraft.class_312.method_22686(class_312.java:169) ~[client-intermediary.jar:?]
	at net.minecraft.class_1255.execute(class_1255.java:102) ~[client-intermediary.jar:?]
	at net.minecraft.class_312.method_22684(class_312.java:169) ~[client-intermediary.jar:?]
	at org.lwjgl.glfw.GLFWMouseButtonCallbackI.callback(GLFWMouseButtonCallbackI.java:43) ~[lwjgl-glfw-3.3.1.jar:?]
	at org.lwjgl.system.JNI.invokeV(Native Method) ~[lwjgl-3.3.1.jar:?]
	at org.lwjgl.glfw.GLFW.glfwPollEvents(GLFW.java:3403) ~[lwjgl-glfw-3.3.1.jar:?]
	at com.mojang.blaze3d.systems.RenderSystem.pollEvents(RenderSystem.java:201) ~[client-intermediary.jar:?]
	at com.mojang.blaze3d.systems.RenderSystem.flipFrame(RenderSystem.java:219) ~[client-intermediary.jar:?]
	at net.minecraft.class_1041.method_15998(class_1041.java:288) ~[client-intermediary.jar:?]
	at net.minecraft.class_310.method_1523(class_310.java:1241) ~[client-intermediary.jar:?]
	at net.minecraft.class_310.method_1514(class_310.java:802) ~[client-intermediary.jar:?]
	at net.minecraft.client.main.Main.main(Main.java:250) ~[minecraft-1.20.1-client.jar:?]
	at net.fabricmc.loader.impl.game.minecraft.MinecraftGameProvider.launch(MinecraftGameProvider.java:514) ~[fabric-loader-0.19.2.jar:?]
	at net.fabricmc.loader.impl.launch.knot.Knot.launch(Knot.java:72) ~[fabric-loader-0.19.2.jar:?]
	at net.fabricmc.loader.impl.launch.knot.KnotClient.main(KnotClient.java:23) ~[fabric-loader-0.19.2.jar:?]
	at org.prismlauncher.launcher.impl.StandardLauncher.launch(StandardLauncher.java:115) ~[NewLaunch.jar:?]
	at org.prismlauncher.EntryPoint.listen(EntryPoint.java:129) ~[NewLaunch.jar:?]
	at org.prismlauncher.EntryPoint.main(EntryPoint.java:70) ~[NewLaunch.jar:?]
[17:10:37] [Render thread/ERROR]: Parsing error loading recipe conditional:stove/uncooked_puffer_plater
com.google.gson.JsonSyntaxException: Missing result, expected to find a JsonObject
	at net.minecraft.class_3518.method_15296(class_3518.java:421) ~[client-intermediary.jar:?]
	at net.satisfy.farm_and_charm.core.recipe.StoveRecipe$Serializer.fromJson(StoveRecipe.java:101) ~[letsdo-farm_and_charm-fabric-1.0.14.jar:?]
	at net.satisfy.farm_and_charm.core.recipe.StoveRecipe$Serializer.method_8121(StoveRecipe.java:90) ~[letsdo-farm_and_charm-fabric-1.0.14.jar:?]
	at net.minecraft.class_1863.method_17720(class_1863.java:135) ~[client-intermediary.jar:?]
	at net.satisfy.lilis_lucky_lures.platform.fabric.PlatformHelperImpl.fromJson(PlatformHelperImpl.java:24) ~[letsdo-lilis_lucky_lures-fabric-1.0.2.jar:?]
	at net.satisfy.lilis_lucky_lures.platform.PlatformHelper.fromJson(PlatformHelper.java) ~[letsdo-lilis_lucky_lures-fabric-1.0.2.jar:?]
	at net.satisfy.lilis_lucky_lures.core.recipe.SimpleConditionalRecipe$Serializer.method_8121(SimpleConditionalRecipe.java:17) ~[letsdo-lilis_lucky_lures-fabric-1.0.2.jar:?]
	at net.minecraft.class_1863.method_17720(class_1863.java:135) ~[client-intermediary.jar:?]
	at net.minecraft.class_1863.method_20705(class_1863.java:56) ~[client-intermediary.jar:?]
	at net.minecraft.class_1863.method_18788(class_1863.java:35) ~[client-intermediary.jar:?]
	at net.minecraft.class_4080.method_18790(class_4080.java:13) ~[client-intermediary.jar:?]
	at java.util.concurrent.CompletableFuture$UniAccept.tryFire(CompletableFuture.java:718) ~[?:?]
	at java.util.concurrent.CompletableFuture$Completion.run(CompletableFuture.java:482) ~[?:?]
	at net.minecraft.class_4014.method_18365(class_4014.java:69) ~[client-intermediary.jar:?]
	at net.minecraft.class_1255.method_18859(class_1255.java:156) ~[client-intermediary.jar:?]
	at net.minecraft.class_4093.method_18859(class_4093.java:23) ~[client-intermediary.jar:?]
	at net.minecraft.class_1255.method_16075(class_1255.java:130) ~[client-intermediary.jar:?]
	at net.minecraft.class_1255.method_18857(class_1255.java:139) ~[client-intermediary.jar:?]
	at net.minecraft.class_310.method_18857(class_310.java:25517) ~[client-intermediary.jar:?]
	at net.minecraft.class_525.method_31130(class_525.java:352) ~[client-intermediary.jar:?]
	at net.minecraft.class_528.method_43462(class_528.java:169) ~[client-intermediary.jar:?]
	at net.minecraft.class_528.<init>(class_528.java:95) ~[client-intermediary.jar:?]
	at net.minecraft.class_526.method_25426(class_526.java:54) ~[client-intermediary.jar:?]
	at net.minecraft.class_437.method_25423(class_437.java:297) ~[client-intermediary.jar:?]
	at net.minecraft.class_310.method_1507(class_310.java:1080) ~[client-intermediary.jar:?]
	at net.minecraft.class_442.method_19861(class_442.java:159) ~[client-intermediary.jar:?]
	at net.minecraft.class_4185.method_25306(class_4185.java:94) ~[client-intermediary.jar:?]
	at net.minecraft.class_4264.method_25348(class_4264.java:56) ~[client-intermediary.jar:?]
	at net.minecraft.class_339.method_25402(class_339.java:189) ~[client-intermediary.jar:?]
	at net.minecraft.class_4069.method_25402(class_4069.java:38) ~[client-intermediary.jar:?]
	at net.minecraft.class_442.method_25402(class_442.java:299) ~[client-intermediary.jar:?]
	at net.minecraft.class_312.method_1611(class_312.java:98) ~[client-intermediary.jar:?]
	at net.minecraft.class_437.method_25412(class_437.java:409) ~[client-intermediary.jar:?]
	at net.minecraft.class_312.method_1601(class_312.java:98) ~[client-intermediary.jar:?]
	at net.minecraft.class_312.method_22686(class_312.java:169) ~[client-intermediary.jar:?]
	at net.minecraft.class_1255.execute(class_1255.java:102) ~[client-intermediary.jar:?]
	at net.minecraft.class_312.method_22684(class_312.java:169) ~[client-intermediary.jar:?]
	at org.lwjgl.glfw.GLFWMouseButtonCallbackI.callback(GLFWMouseButtonCallbackI.java:43) ~[lwjgl-glfw-3.3.1.jar:?]
	at org.lwjgl.system.JNI.invokeV(Native Method) ~[lwjgl-3.3.1.jar:?]
	at org.lwjgl.glfw.GLFW.glfwPollEvents(GLFW.java:3403) ~[lwjgl-glfw-3.3.1.jar:?]
	at com.mojang.blaze3d.systems.RenderSystem.pollEvents(RenderSystem.java:201) ~[client-intermediary.jar:?]
	at com.mojang.blaze3d.systems.RenderSystem.flipFrame(RenderSystem.java:219) ~[client-intermediary.jar:?]
	at net.minecraft.class_1041.method_15998(class_1041.java:288) ~[client-intermediary.jar:?]
	at net.minecraft.class_310.method_1523(class_310.java:1241) ~[client-intermediary.jar:?]
	at net.minecraft.class_310.method_1514(class_310.java:802) ~[client-intermediary.jar:?]
	at net.minecraft.client.main.Main.main(Main.java:250) ~[minecraft-1.20.1-client.jar:?]
	at net.fabricmc.loader.impl.game.minecraft.MinecraftGameProvider.launch(MinecraftGameProvider.java:514) ~[fabric-loader-0.19.2.jar:?]
	at net.fabricmc.loader.impl.launch.knot.Knot.launch(Knot.java:72) ~[fabric-loader-0.19.2.jar:?]
	at net.fabricmc.loader.impl.launch.knot.KnotClient.main(KnotClient.java:23) ~[fabric-loader-0.19.2.jar:?]
	at org.prismlauncher.launcher.impl.StandardLauncher.launch(StandardLauncher.java:115) ~[NewLaunch.jar:?]
	at org.prismlauncher.EntryPoint.listen(EntryPoint.java:129) ~[NewLaunch.jar:?]
	at org.prismlauncher.EntryPoint.main(EntryPoint.java:70) ~[NewLaunch.jar:?]
[17:10:37] [Render thread/ERROR]: Parsing error loading recipe supplementaries:integration/lapis_bricks_fd
com.google.gson.JsonParseException: An ingredient entry needs either a tag or an item
	at net.minecraft.class_1856.method_8107(class_1856.java:167) ~[client-intermediary.jar:?]
	at net.minecraft.class_1856.method_8102(class_1856.java:143) ~[client-intermediary.jar:?]
	at net.minecraft.class_1856.method_52177(class_1856.java:135) ~[client-intermediary.jar:?]
	at vectorwing.farmersdelight.common.crafting.CuttingBoardRecipe$Serializer.fromJson(CuttingBoardRecipe.java:176) ~[FarmersDelight-1.20.1-2.4.1+refabricated.jar:?]
	at vectorwing.farmersdelight.common.crafting.CuttingBoardRecipe$Serializer.method_8121(CuttingBoardRecipe.java:166) ~[FarmersDelight-1.20.1-2.4.1+refabricated.jar:?]
	at net.minecraft.class_1863.method_17720(class_1863.java:135) ~[client-intermediary.jar:?]
	at net.minecraft.class_1863.method_20705(class_1863.java:56) ~[client-intermediary.jar:?]
	at net.minecraft.class_1863.method_18788(class_1863.java:35) ~[client-intermediary.jar:?]
	at net.minecraft.class_4080.method_18790(class_4080.java:13) ~[client-intermediary.jar:?]
	at java.util.concurrent.CompletableFuture$UniAccept.tryFire(CompletableFuture.java:718) ~[?:?]
	at java.util.concurrent.CompletableFuture$Completion.run(CompletableFuture.java:482) ~[?:?]
	at net.minecraft.class_4014.method_18365(class_4014.java:69) ~[client-intermediary.jar:?]
	at net.minecraft.class_1255.method_18859(class_1255.java:156) ~[client-intermediary.jar:?]
	at net.minecraft.class_4093.method_18859(class_4093.java:23) ~[client-intermediary.jar:?]
	at net.minecraft.class_1255.method_16075(class_1255.java:130) ~[client-intermediary.jar:?]
	at net.minecraft.class_1255.method_18857(class_1255.java:139) ~[client-intermediary.jar:?]
	at net.minecraft.class_310.method_18857(class_310.java:25517) ~[client-intermediary.jar:?]
	at net.minecraft.class_525.method_31130(class_525.java:352) ~[client-intermediary.jar:?]
	at net.minecraft.class_528.method_43462(class_528.java:169) ~[client-intermediary.jar:?]
	at net.minecraft.class_528.<init>(class_528.java:95) ~[client-intermediary.jar:?]
	at net.minecraft.class_526.method_25426(class_526.java:54) ~[client-intermediary.jar:?]
	at net.minecraft.class_437.method_25423(class_437.java:297) ~[client-intermediary.jar:?]
	at net.minecraft.class_310.method_1507(class_310.java:1080) ~[client-intermediary.jar:?]
	at net.minecraft.class_442.method_19861(class_442.java:159) ~[client-intermediary.jar:?]
	at net.minecraft.class_4185.method_25306(class_4185.java:94) ~[client-intermediary.jar:?]
	at net.minecraft.class_4264.method_25348(class_4264.java:56) ~[client-intermediary.jar:?]
	at net.minecraft.class_339.method_25402(class_339.java:189) ~[client-intermediary.jar:?]
	at net.minecraft.class_4069.method_25402(class_4069.java:38) ~[client-intermediary.jar:?]
	at net.minecraft.class_442.method_25402(class_442.java:299) ~[client-intermediary.jar:?]
	at net.minecraft.class_312.method_1611(class_312.java:98) ~[client-intermediary.jar:?]
	at net.minecraft.class_437.method_25412(class_437.java:409) ~[client-intermediary.jar:?]
	at net.minecraft.class_312.method_1601(class_312.java:98) ~[client-intermediary.jar:?]
	at net.minecraft.class_312.method_22686(class_312.java:169) ~[client-intermediary.jar:?]
	at net.minecraft.class_1255.execute(class_1255.java:102) ~[client-intermediary.jar:?]
	at net.minecraft.class_312.method_22684(class_312.java:169) ~[client-intermediary.jar:?]
	at org.lwjgl.glfw.GLFWMouseButtonCallbackI.callback(GLFWMouseButtonCallbackI.java:43) ~[lwjgl-glfw-3.3.1.jar:?]
	at org.lwjgl.system.JNI.invokeV(Native Method) ~[lwjgl-3.3.1.jar:?]
	at org.lwjgl.glfw.GLFW.glfwPollEvents(GLFW.java:3403) ~[lwjgl-glfw-3.3.1.jar:?]
	at com.mojang.blaze3d.systems.RenderSystem.pollEvents(RenderSystem.java:201) ~[client-intermediary.jar:?]
	at com.mojang.blaze3d.systems.RenderSystem.flipFrame(RenderSystem.java:219) ~[client-intermediary.jar:?]
	at net.minecraft.class_1041.method_15998(class_1041.java:288) ~[client-intermediary.jar:?]
	at net.minecraft.class_310.method_1523(class_310.java:1241) ~[client-intermediary.jar:?]
	at net.minecraft.class_310.method_1514(class_310.java:802) ~[client-intermediary.jar:?]
	at net.minecraft.client.main.Main.main(Main.java:250) ~[minecraft-1.20.1-client.jar:?]
	at net.fabricmc.loader.impl.game.minecraft.MinecraftGameProvider.launch(MinecraftGameProvider.java:514) ~[fabric-loader-0.19.2.jar:?]
	at net.fabricmc.loader.impl.launch.knot.Knot.launch(Knot.java:72) ~[fabric-loader-0.19.2.jar:?]
	at net.fabricmc.loader.impl.launch.knot.KnotClient.main(KnotClient.java:23) ~[fabric-loader-0.19.2.jar:?]
	at org.prismlauncher.launcher.impl.StandardLauncher.launch(StandardLauncher.java:115) ~[NewLaunch.jar:?]
	at org.prismlauncher.EntryPoint.listen(EntryPoint.java:129) ~[NewLaunch.jar:?]
	at org.prismlauncher.EntryPoint.main(EntryPoint.java:70) ~[NewLaunch.jar:?]
[17:10:38] [Render thread/INFO]: Loaded 75 recipes
[17:10:38] [Render thread/ERROR]: Parsing error loading custom advancement overweight_farming:husbandry/unpeel_vegetables: Failed to parse 'location' field
[17:10:38] [Render thread/ERROR]: Parsing error loading custom advancement tconstruct:recipes/smeltery/seared/seared_brick_kiln: Missing criteria, expected to find a JsonObject
[17:10:38] [Render thread/ERROR]: Parsing error loading custom advancement tconstruct:recipes/smeltery/scorched/scorched_brick_kiln: Missing criteria, expected to find a JsonObject
[17:10:38] [Render thread/ERROR]: Parsing error loading custom advancement overweight_farming:husbandry/peel_overweight_onion: Failed to parse 'location' field
[17:10:38] [Render thread/ERROR]: Couldn't load advancement netherweather:netherweather: Task Advancement{parentId=global:inkorthe2nd, display=net.minecraft.class_185@23bc4460, rewards=AdvancementRewards{experience=0, loot=[], recipes=[], function=net.minecraft.class_2158$class_2159@3212cc2b}, criteria={trigger=net.minecraft.class_175@7739b4bb}, requirements=[[trigger]], sends_telemetry_event=false}
[17:10:38] [Render thread/INFO]: Loaded 7085 advancements
[17:10:39] [Render thread/INFO]: Trying to load unloaded files from: config\bountiful\bounty_pools
[17:10:39] [Render thread/INFO]: Trying to load unloaded files from: config\bountiful\bounty_decrees
[17:10:39] [Render thread/INFO]: Loaded 23 dynamic modifiers in 2.9094 ms
[17:10:39] [Render thread/INFO]: Reloading config...
[17:10:39] [Render thread/WARN]: Could not decode GlobalLootModifier with json id netherexp:rift_armor_trim - error: Unknown registry key in ResourceKey[minecraft:root / porting_lib:global_loot_modifier_serializers]: netherexp:add_item
[17:10:39] [Render thread/WARN]: Could not decode GlobalLootModifier with json id netherexp:artemis_enchantment - error: Unknown registry key in ResourceKey[minecraft:root / porting_lib:global_loot_modifier_serializers]: netherexp:add_enchanted_item
[17:10:39] [Render thread/WARN]: Could not decode GlobalLootModifier with json id netherexp:sanctum_compass_in_fortress - error: Unknown registry key in ResourceKey[minecraft:root / porting_lib:global_loot_modifier_serializers]: netherexp:add_item
[17:10:39] [Render thread/WARN]: Could not decode GlobalLootModifier with json id supplementaries:ash_from_burning_mobs - error: Unknown registry key in ResourceKey[minecraft:root / porting_lib:global_loot_modifier_serializers]: moonlight:add_item
[17:10:39] [Render thread/WARN]: Could not decode GlobalLootModifier with json id supplementaries:straw_from_flax - error: Unknown registry key in ResourceKey[minecraft:root / porting_lib:global_loot_modifier_serializers]: moonlight:add_item
[17:10:39] [Render thread/WARN]: Could not decode GlobalLootModifier with json id supplementaries:fishing_antique_ink - error: Unknown registry key in ResourceKey[minecraft:root / porting_lib:global_loot_modifier_serializers]: moonlight:add_item
[17:10:39] [Render thread/WARN]: Could not decode GlobalLootModifier with json id supplementaries:fishing_antique_ink_treasure - error: Unknown registry key in ResourceKey[minecraft:root / porting_lib:global_loot_modifier_serializers]: moonlight:add_item
[17:10:39] [Render thread/WARN]: Could not decode GlobalLootModifier with json id supplementaries:replace_rope - error: Unknown registry key in ResourceKey[minecraft:root / porting_lib:global_loot_modifier_serializers]: supplementaries:replace_rope
[17:10:39] [ForkJoinPool.commonPool-worker-1/INFO]: Loaded 58 translation keys
[17:10:39] [Render thread/INFO]: Loaded 27 flute songs
[17:10:39] [Render thread/ERROR]: Failed to load modifier tconstruct:depth_strider
com.google.gson.JsonSyntaxException: Unknown Registry[ResourceKey[minecraft:root / minecraft:enchantment] (Stable)] minecraft:depth_strider
	at slimeknights.mantle.util.JsonHelper.convertToEntry(JsonHelper.java:179) ~[mantle-1.20.1-1.9.291-5d8ff52dee1db203.jar:?]
	at slimeknights.mantle.util.JsonHelper.getAsEntry(JsonHelper.java:192) ~[mantle-1.20.1-1.9.291-5d8ff52dee1db203.jar:?]
	at slimeknights.tconstruct.library.modifiers.modules.EnchantmentModule$Loader.deserialize(EnchantmentModule.java:39) ~[Hephaestus-1.20.1-3.6.4.305.jar:?]
	at slimeknights.tconstruct.library.modifiers.modules.EnchantmentModule$Loader.deserialize(EnchantmentModule.java:36) ~[Hephaestus-1.20.1-3.6.4.305.jar:?]
	at slimeknights.mantle.data.GenericLoaderRegistry.deserialize(GenericLoaderRegistry.java:73) ~[mantle-1.20.1-1.9.291-5d8ff52dee1db203.jar:?]
	at slimeknights.tconstruct.library.modifiers.modules.ModifierModule$ModuleWithHooks.deserialize(ModifierModule.java:92) ~[Hephaestus-1.20.1-3.6.4.305.jar:?]
	at slimeknights.mantle.util.JsonHelper.lambda$parseList$0(JsonHelper.java:91) ~[mantle-1.20.1-1.9.291-5d8ff52dee1db203.jar:?]
	at slimeknights.mantle.util.JsonHelper.parseList(JsonHelper.java:77) ~[mantle-1.20.1-1.9.291-5d8ff52dee1db203.jar:?]
	at slimeknights.mantle.util.JsonHelper.parseList(JsonHelper.java:91) ~[mantle-1.20.1-1.9.291-5d8ff52dee1db203.jar:?]
	at slimeknights.mantle.util.JsonHelper.parseList(JsonHelper.java:115) ~[mantle-1.20.1-1.9.291-5d8ff52dee1db203.jar:?]
	at slimeknights.tconstruct.library.modifiers.dynamic.ComposableModifier$1.deserialize(ComposableModifier.java:128) ~[Hephaestus-1.20.1-3.6.4.305.jar:?]
	at slimeknights.tconstruct.library.modifiers.dynamic.ComposableModifier$1.deserialize(ComposableModifier.java:120) ~[Hephaestus-1.20.1-3.6.4.305.jar:?]
	at slimeknights.mantle.data.GenericLoaderRegistry.deserialize(GenericLoaderRegistry.java:73) ~[mantle-1.20.1-1.9.291-5d8ff52dee1db203.jar:?]
	at slimeknights.tconstruct.library.modifiers.ModifierManager.loadModifier(ModifierManager.java:263) ~[Hephaestus-1.20.1-3.6.4.305.jar:?]
	at slimeknights.tconstruct.library.modifiers.ModifierManager.lambda$apply$2(ModifierManager.java:149) ~[Hephaestus-1.20.1-3.6.4.305.jar:?]
	at java.util.stream.ReferencePipeline$3$1.accept(ReferencePipeline.java:197) ~[?:?]
	at java.util.HashMap$EntrySpliterator.forEachRemaining(HashMap.java:1850) ~[?:?]
	at java.util.stream.AbstractPipeline.copyInto(AbstractPipeline.java:509) ~[?:?]
	at java.util.stream.AbstractPipeline.wrapAndCopyInto(AbstractPipeline.java:499) ~[?:?]
	at java.util.stream.ReduceOps$ReduceOp.evaluateSequential(ReduceOps.java:921) ~[?:?]
	at java.util.stream.AbstractPipeline.evaluate(AbstractPipeline.java:234) ~[?:?]
	at java.util.stream.ReferencePipeline.collect(ReferencePipeline.java:682) ~[?:?]
	at slimeknights.tconstruct.library.modifiers.ModifierManager.apply(ModifierManager.java:151) ~[Hephaestus-1.20.1-3.6.4.305.jar:?]
	at slimeknights.tconstruct.library.modifiers.ModifierManager.method_18788(ModifierManager.java:62) ~[Hephaestus-1.20.1-3.6.4.305.jar:?]
	at net.minecraft.class_4080.method_18790(class_4080.java:13) ~[client-intermediary.jar:?]
	at java.util.concurrent.CompletableFuture$UniAccept.tryFire(CompletableFuture.java:718) ~[?:?]
	at java.util.concurrent.CompletableFuture$Completion.run(CompletableFuture.java:482) ~[?:?]
	at net.minecraft.class_4014.method_18365(class_4014.java:69) ~[client-intermediary.jar:?]
	at net.minecraft.class_1255.method_18859(class_1255.java:156) ~[client-intermediary.jar:?]
	at net.minecraft.class_4093.method_18859(class_4093.java:23) ~[client-intermediary.jar:?]
	at net.minecraft.class_1255.method_16075(class_1255.java:130) ~[client-intermediary.jar:?]
	at net.minecraft.class_1255.method_18857(class_1255.java:139) ~[client-intermediary.jar:?]
	at net.minecraft.class_310.method_18857(class_310.java:25517) ~[client-intermediary.jar:?]
	at net.minecraft.class_525.method_31130(class_525.java:352) ~[client-intermediary.jar:?]
	at net.minecraft.class_528.method_43462(class_528.java:169) ~[client-intermediary.jar:?]
	at net.minecraft.class_528.<init>(class_528.java:95) ~[client-intermediary.jar:?]
	at net.minecraft.class_526.method_25426(class_526.java:54) ~[client-intermediary.jar:?]
	at net.minecraft.class_437.method_25423(class_437.java:297) ~[client-intermediary.jar:?]
	at net.minecraft.class_310.method_1507(class_310.java:1080) ~[client-intermediary.jar:?]
	at net.minecraft.class_442.method_19861(class_442.java:159) ~[client-intermediary.jar:?]
	at net.minecraft.class_4185.method_25306(class_4185.java:94) ~[client-intermediary.jar:?]
	at net.minecraft.class_4264.method_25348(class_4264.java:56) ~[client-intermediary.jar:?]
	at net.minecraft.class_339.method_25402(class_339.java:189) ~[client-intermediary.jar:?]
	at net.minecraft.class_4069.method_25402(class_4069.java:38) ~[client-intermediary.jar:?]
	at net.minecraft.class_442.method_25402(class_442.java:299) ~[client-intermediary.jar:?]
	at net.minecraft.class_312.method_1611(class_312.java:98) ~[client-intermediary.jar:?]
	at net.minecraft.class_437.method_25412(class_437.java:409) ~[client-intermediary.jar:?]
	at net.minecraft.class_312.method_1601(class_312.java:98) ~[client-intermediary.jar:?]
	at net.minecraft.class_312.method_22686(class_312.java:169) ~[client-intermediary.jar:?]
	at net.minecraft.class_1255.execute(class_1255.java:102) ~[client-intermediary.jar:?]
	at net.minecraft.class_312.method_22684(class_312.java:169) ~[client-intermediary.jar:?]
	at org.lwjgl.glfw.GLFWMouseButtonCallbackI.callback(GLFWMouseButtonCallbackI.java:43) ~[lwjgl-glfw-3.3.1.jar:?]
	at org.lwjgl.system.JNI.invokeV(Native Method) ~[lwjgl-3.3.1.jar:?]
	at org.lwjgl.glfw.GLFW.glfwPollEvents(GLFW.java:3403) ~[lwjgl-glfw-3.3.1.jar:?]
	at com.mojang.blaze3d.systems.RenderSystem.pollEvents(RenderSystem.java:201) ~[client-intermediary.jar:?]
	at com.mojang.blaze3d.systems.RenderSystem.flipFrame(RenderSystem.java:219) ~[client-intermediary.jar:?]
	at net.minecraft.class_1041.method_15998(class_1041.java:288) ~[client-intermediary.jar:?]
	at net.minecraft.class_310.method_1523(class_310.java:1241) ~[client-intermediary.jar:?]
	at net.minecraft.class_310.method_1514(class_310.java:802) ~[client-intermediary.jar:?]
	at net.minecraft.client.main.Main.main(Main.java:250) ~[minecraft-1.20.1-client.jar:?]
	at net.fabricmc.loader.impl.game.minecraft.MinecraftGameProvider.launch(MinecraftGameProvider.java:514) ~[fabric-loader-0.19.2.jar:?]
	at net.fabricmc.loader.impl.launch.knot.Knot.launch(Knot.java:72) ~[fabric-loader-0.19.2.jar:?]
	at net.fabricmc.loader.impl.launch.knot.KnotClient.main(KnotClient.java:23) ~[fabric-loader-0.19.2.jar:?]
	at org.prismlauncher.launcher.impl.StandardLauncher.launch(StandardLauncher.java:115) ~[NewLaunch.jar:?]
	at org.prismlauncher.EntryPoint.listen(EntryPoint.java:129) ~[NewLaunch.jar:?]
	at org.prismlauncher.EntryPoint.main(EntryPoint.java:70) ~[NewLaunch.jar:?]
[17:10:39] [Render thread/ERROR]: Failed to load modifier tconstruct:luck
com.google.gson.JsonSyntaxException: Unknown Registry[ResourceKey[minecraft:root / minecraft:enchantment] (Stable)] minecraft:fortune
	at slimeknights.mantle.util.JsonHelper.convertToEntry(JsonHelper.java:179) ~[mantle-1.20.1-1.9.291-5d8ff52dee1db203.jar:?]
	at slimeknights.mantle.util.JsonHelper.getAsEntry(JsonHelper.java:192) ~[mantle-1.20.1-1.9.291-5d8ff52dee1db203.jar:?]
	at slimeknights.tconstruct.library.modifiers.modules.EnchantmentModule$Loader.deserialize(EnchantmentModule.java:39) ~[Hephaestus-1.20.1-3.6.4.305.jar:?]
	at slimeknights.tconstruct.library.modifiers.modules.EnchantmentModule$Loader.deserialize(EnchantmentModule.java:36) ~[Hephaestus-1.20.1-3.6.4.305.jar:?]
	at slimeknights.mantle.data.GenericLoaderRegistry.deserialize(GenericLoaderRegistry.java:73) ~[mantle-1.20.1-1.9.291-5d8ff52dee1db203.jar:?]
	at slimeknights.tconstruct.library.modifiers.modules.ModifierModule$ModuleWithHooks.deserialize(ModifierModule.java:92) ~[Hephaestus-1.20.1-3.6.4.305.jar:?]
	at slimeknights.mantle.util.JsonHelper.lambda$parseList$0(JsonHelper.java:91) ~[mantle-1.20.1-1.9.291-5d8ff52dee1db203.jar:?]
	at slimeknights.mantle.util.JsonHelper.parseList(JsonHelper.java:77) ~[mantle-1.20.1-1.9.291-5d8ff52dee1db203.jar:?]
	at slimeknights.mantle.util.JsonHelper.parseList(JsonHelper.java:91) ~[mantle-1.20.1-1.9.291-5d8ff52dee1db203.jar:?]
	at slimeknights.mantle.util.JsonHelper.parseList(JsonHelper.java:115) ~[mantle-1.20.1-1.9.291-5d8ff52dee1db203.jar:?]
	at slimeknights.tconstruct.library.modifiers.dynamic.ComposableModifier$1.deserialize(ComposableModifier.java:128) ~[Hephaestus-1.20.1-3.6.4.305.jar:?]
	at slimeknights.tconstruct.library.modifiers.dynamic.ComposableModifier$1.deserialize(ComposableModifier.java:120) ~[Hephaestus-1.20.1-3.6.4.305.jar:?]
	at slimeknights.mantle.data.GenericLoaderRegistry.deserialize(GenericLoaderRegistry.java:73) ~[mantle-1.20.1-1.9.291-5d8ff52dee1db203.jar:?]
	at slimeknights.tconstruct.library.modifiers.ModifierManager.loadModifier(ModifierManager.java:263) ~[Hephaestus-1.20.1-3.6.4.305.jar:?]
	at slimeknights.tconstruct.library.modifiers.ModifierManager.lambda$apply$2(ModifierManager.java:149) ~[Hephaestus-1.20.1-3.6.4.305.jar:?]
	at java.util.stream.ReferencePipeline$3$1.accept(ReferencePipeline.java:197) ~[?:?]
	at java.util.HashMap$EntrySpliterator.forEachRemaining(HashMap.java:1850) ~[?:?]
	at java.util.stream.AbstractPipeline.copyInto(AbstractPipeline.java:509) ~[?:?]
	at java.util.stream.AbstractPipeline.wrapAndCopyInto(AbstractPipeline.java:499) ~[?:?]
	at java.util.stream.ReduceOps$ReduceOp.evaluateSequential(ReduceOps.java:921) ~[?:?]
	at java.util.stream.AbstractPipeline.evaluate(AbstractPipeline.java:234) ~[?:?]
	at java.util.stream.ReferencePipeline.collect(ReferencePipeline.java:682) ~[?:?]
	at slimeknights.tconstruct.library.modifiers.ModifierManager.apply(ModifierManager.java:151) ~[Hephaestus-1.20.1-3.6.4.305.jar:?]
	at slimeknights.tconstruct.library.modifiers.ModifierManager.method_18788(ModifierManager.java:62) ~[Hephaestus-1.20.1-3.6.4.305.jar:?]
	at net.minecraft.class_4080.method_18790(class_4080.java:13) ~[client-intermediary.jar:?]
	at java.util.concurrent.CompletableFuture$UniAccept.tryFire(CompletableFuture.java:718) ~[?:?]
	at java.util.concurrent.CompletableFuture$Completion.run(CompletableFuture.java:482) ~[?:?]
	at net.minecraft.class_4014.method_18365(class_4014.java:69) ~[client-intermediary.jar:?]
	at net.minecraft.class_1255.method_18859(class_1255.java:156) ~[client-intermediary.jar:?]
	at net.minecraft.class_4093.method_18859(class_4093.java:23) ~[client-intermediary.jar:?]
	at net.minecraft.class_1255.method_16075(class_1255.java:130) ~[client-intermediary.jar:?]
	at net.minecraft.class_1255.method_18857(class_1255.java:139) ~[client-intermediary.jar:?]
	at net.minecraft.class_310.method_18857(class_310.java:25517) ~[client-intermediary.jar:?]
	at net.minecraft.class_525.method_31130(class_525.java:352) ~[client-intermediary.jar:?]
	at net.minecraft.class_528.method_43462(class_528.java:169) ~[client-intermediary.jar:?]
	at net.minecraft.class_528.<init>(class_528.java:95) ~[client-intermediary.jar:?]
	at net.minecraft.class_526.method_25426(class_526.java:54) ~[client-intermediary.jar:?]
	at net.minecraft.class_437.method_25423(class_437.java:297) ~[client-intermediary.jar:?]
	at net.minecraft.class_310.method_1507(class_310.java:1080) ~[client-intermediary.jar:?]
	at net.minecraft.class_442.method_19861(class_442.java:159) ~[client-intermediary.jar:?]
	at net.minecraft.class_4185.method_25306(class_4185.java:94) ~[client-intermediary.jar:?]
	at net.minecraft.class_4264.method_25348(class_4264.java:56) ~[client-intermediary.jar:?]
	at net.minecraft.class_339.method_25402(class_339.java:189) ~[client-intermediary.jar:?]
	at net.minecraft.class_4069.method_25402(class_4069.java:38) ~[client-intermediary.jar:?]
	at net.minecraft.class_442.method_25402(class_442.java:299) ~[client-intermediary.jar:?]
	at net.minecraft.class_312.method_1611(class_312.java:98) ~[client-intermediary.jar:?]
	at net.minecraft.class_437.method_25412(class_437.java:409) ~[client-intermediary.jar:?]
	at net.minecraft.class_312.method_1601(class_312.java:98) ~[client-intermediary.jar:?]
	at net.minecraft.class_312.method_22686(class_312.java:169) ~[client-intermediary.jar:?]
	at net.minecraft.class_1255.execute(class_1255.java:102) ~[client-intermediary.jar:?]
	at net.minecraft.class_312.method_22684(class_312.java:169) ~[client-intermediary.jar:?]
	at org.lwjgl.glfw.GLFWMouseButtonCallbackI.callback(GLFWMouseButtonCallbackI.java:43) ~[lwjgl-glfw-3.3.1.jar:?]
	at org.lwjgl.system.JNI.invokeV(Native Method) ~[lwjgl-3.3.1.jar:?]
	at org.lwjgl.glfw.GLFW.glfwPollEvents(GLFW.java:3403) ~[lwjgl-glfw-3.3.1.jar:?]
	at com.mojang.blaze3d.systems.RenderSystem.pollEvents(RenderSystem.java:201) ~[client-intermediary.jar:?]
	at com.mojang.blaze3d.systems.RenderSystem.flipFrame(RenderSystem.java:219) ~[client-intermediary.jar:?]
	at net.minecraft.class_1041.method_15998(class_1041.java:288) ~[client-intermediary.jar:?]
	at net.minecraft.class_310.method_1523(class_310.java:1241) ~[client-intermediary.jar:?]
	at net.minecraft.class_310.method_1514(class_310.java:802) ~[client-intermediary.jar:?]
	at net.minecraft.client.main.Main.main(Main.java:250) ~[minecraft-1.20.1-client.jar:?]
	at net.fabricmc.loader.impl.game.minecraft.MinecraftGameProvider.launch(MinecraftGameProvider.java:514) ~[fabric-loader-0.19.2.jar:?]
	at net.fabricmc.loader.impl.launch.knot.Knot.launch(Knot.java:72) ~[fabric-loader-0.19.2.jar:?]
	at net.fabricmc.loader.impl.launch.knot.KnotClient.main(KnotClient.java:23) ~[fabric-loader-0.19.2.jar:?]
	at org.prismlauncher.launcher.impl.StandardLauncher.launch(StandardLauncher.java:115) ~[NewLaunch.jar:?]
	at org.prismlauncher.EntryPoint.listen(EntryPoint.java:129) ~[NewLaunch.jar:?]
	at org.prismlauncher.EntryPoint.main(EntryPoint.java:70) ~[NewLaunch.jar:?]
[17:10:39] [Render thread/ERROR]: Failed to load modifier tconstruct:fortune
com.google.gson.JsonSyntaxException: Unknown Registry[ResourceKey[minecraft:root / minecraft:enchantment] (Stable)] minecraft:fortune
	at slimeknights.mantle.util.JsonHelper.convertToEntry(JsonHelper.java:179) ~[mantle-1.20.1-1.9.291-5d8ff52dee1db203.jar:?]
	at slimeknights.mantle.util.JsonHelper.getAsEntry(JsonHelper.java:192) ~[mantle-1.20.1-1.9.291-5d8ff52dee1db203.jar:?]
	at slimeknights.tconstruct.library.modifiers.modules.EnchantmentModule$Loader.deserialize(EnchantmentModule.java:39) ~[Hephaestus-1.20.1-3.6.4.305.jar:?]
	at slimeknights.tconstruct.library.modifiers.modules.EnchantmentModule$Loader.deserialize(EnchantmentModule.java:36) ~[Hephaestus-1.20.1-3.6.4.305.jar:?]
	at slimeknights.mantle.data.GenericLoaderRegistry.deserialize(GenericLoaderRegistry.java:73) ~[mantle-1.20.1-1.9.291-5d8ff52dee1db203.jar:?]
	at slimeknights.tconstruct.library.modifiers.modules.ModifierModule$ModuleWithHooks.deserialize(ModifierModule.java:92) ~[Hephaestus-1.20.1-3.6.4.305.jar:?]
	at slimeknights.mantle.util.JsonHelper.lambda$parseList$0(JsonHelper.java:91) ~[mantle-1.20.1-1.9.291-5d8ff52dee1db203.jar:?]
	at slimeknights.mantle.util.JsonHelper.parseList(JsonHelper.java:77) ~[mantle-1.20.1-1.9.291-5d8ff52dee1db203.jar:?]
	at slimeknights.mantle.util.JsonHelper.parseList(JsonHelper.java:91) ~[mantle-1.20.1-1.9.291-5d8ff52dee1db203.jar:?]
	at slimeknights.mantle.util.JsonHelper.parseList(JsonHelper.java:115) ~[mantle-1.20.1-1.9.291-5d8ff52dee1db203.jar:?]
	at slimeknights.tconstruct.library.modifiers.dynamic.ComposableModifier$1.deserialize(ComposableModifier.java:128) ~[Hephaestus-1.20.1-3.6.4.305.jar:?]
	at slimeknights.tconstruct.library.modifiers.dynamic.ComposableModifier$1.deserialize(ComposableModifier.java:120) ~[Hephaestus-1.20.1-3.6.4.305.jar:?]
	at slimeknights.mantle.data.GenericLoaderRegistry.deserialize(GenericLoaderRegistry.java:73) ~[mantle-1.20.1-1.9.291-5d8ff52dee1db203.jar:?]
	at slimeknights.tconstruct.library.modifiers.ModifierManager.loadModifier(ModifierManager.java:263) ~[Hephaestus-1.20.1-3.6.4.305.jar:?]
	at slimeknights.tconstruct.library.modifiers.ModifierManager.lambda$apply$2(ModifierManager.java:149) ~[Hephaestus-1.20.1-3.6.4.305.jar:?]
	at java.util.stream.ReferencePipeline$3$1.accept(ReferencePipeline.java:197) ~[?:?]
	at java.util.HashMap$EntrySpliterator.forEachRemaining(HashMap.java:1850) ~[?:?]
	at java.util.stream.AbstractPipeline.copyInto(AbstractPipeline.java:509) ~[?:?]
	at java.util.stream.AbstractPipeline.wrapAndCopyInto(AbstractPipeline.java:499) ~[?:?]
	at java.util.stream.ReduceOps$ReduceOp.evaluateSequential(ReduceOps.java:921) ~[?:?]
	at java.util.stream.AbstractPipeline.evaluate(AbstractPipeline.java:234) ~[?:?]
	at java.util.stream.ReferencePipeline.collect(ReferencePipeline.java:682) ~[?:?]
	at slimeknights.tconstruct.library.modifiers.ModifierManager.apply(ModifierManager.java:151) ~[Hephaestus-1.20.1-3.6.4.305.jar:?]
	at slimeknights.tconstruct.library.modifiers.ModifierManager.method_18788(ModifierManager.java:62) ~[Hephaestus-1.20.1-3.6.4.305.jar:?]
	at net.minecraft.class_4080.method_18790(class_4080.java:13) ~[client-intermediary.jar:?]
	at java.util.concurrent.CompletableFuture$UniAccept.tryFire(CompletableFuture.java:718) ~[?:?]
	at java.util.concurrent.CompletableFuture$Completion.run(CompletableFuture.java:482) ~[?:?]
	at net.minecraft.class_4014.method_18365(class_4014.java:69) ~[client-intermediary.jar:?]
	at net.minecraft.class_1255.method_18859(class_1255.java:156) ~[client-intermediary.jar:?]
	at net.minecraft.class_4093.method_18859(class_4093.java:23) ~[client-intermediary.jar:?]
	at net.minecraft.class_1255.method_16075(class_1255.java:130) ~[client-intermediary.jar:?]
	at net.minecraft.class_1255.method_18857(class_1255.java:139) ~[client-intermediary.jar:?]
	at net.minecraft.class_310.method_18857(class_310.java:25517) ~[client-intermediary.jar:?]
	at net.minecraft.class_525.method_31130(class_525.java:352) ~[client-intermediary.jar:?]
	at net.minecraft.class_528.method_43462(class_528.java:169) ~[client-intermediary.jar:?]
	at net.minecraft.class_528.<init>(class_528.java:95) ~[client-intermediary.jar:?]
	at net.minecraft.class_526.method_25426(class_526.java:54) ~[client-intermediary.jar:?]
	at net.minecraft.class_437.method_25423(class_437.java:297) ~[client-intermediary.jar:?]
	at net.minecraft.class_310.method_1507(class_310.java:1080) ~[client-intermediary.jar:?]
	at net.minecraft.class_442.method_19861(class_442.java:159) ~[client-intermediary.jar:?]
	at net.minecraft.class_4185.method_25306(class_4185.java:94) ~[client-intermediary.jar:?]
	at net.minecraft.class_4264.method_25348(class_4264.java:56) ~[client-intermediary.jar:?]
	at net.minecraft.class_339.method_25402(class_339.java:189) ~[client-intermediary.jar:?]
	at net.minecraft.class_4069.method_25402(class_4069.java:38) ~[client-intermediary.jar:?]
	at net.minecraft.class_442.method_25402(class_442.java:299) ~[client-intermediary.jar:?]
	at net.minecraft.class_312.method_1611(class_312.java:98) ~[client-intermediary.jar:?]
	at net.minecraft.class_437.method_25412(class_437.java:409) ~[client-intermediary.jar:?]
	at net.minecraft.class_312.method_1601(class_312.java:98) ~[client-intermediary.jar:?]
	at net.minecraft.class_312.method_22686(class_312.java:169) ~[client-intermediary.jar:?]
	at net.minecraft.class_1255.execute(class_1255.java:102) ~[client-intermediary.jar:?]
	at net.minecraft.class_312.method_22684(class_312.java:169) ~[client-intermediary.jar:?]
	at org.lwjgl.glfw.GLFWMouseButtonCallbackI.callback(GLFWMouseButtonCallbackI.java:43) ~[lwjgl-glfw-3.3.1.jar:?]
	at org.lwjgl.system.JNI.invokeV(Native Method) ~[lwjgl-3.3.1.jar:?]
	at org.lwjgl.glfw.GLFW.glfwPollEvents(GLFW.java:3403) ~[lwjgl-glfw-3.3.1.jar:?]
	at com.mojang.blaze3d.systems.RenderSystem.pollEvents(RenderSystem.java:201) ~[client-intermediary.jar:?]
	at com.mojang.blaze3d.systems.RenderSystem.flipFrame(RenderSystem.java:219) ~[client-intermediary.jar:?]
	at net.minecraft.class_1041.method_15998(class_1041.java:288) ~[client-intermediary.jar:?]
	at net.minecraft.class_310.method_1523(class_310.java:1241) ~[client-intermediary.jar:?]
	at net.minecraft.class_310.method_1514(class_310.java:802) ~[client-intermediary.jar:?]
	at net.minecraft.client.main.Main.main(Main.java:250) ~[minecraft-1.20.1-client.jar:?]
	at net.fabricmc.loader.impl.game.minecraft.MinecraftGameProvider.launch(MinecraftGameProvider.java:514) ~[fabric-loader-0.19.2.jar:?]
	at net.fabricmc.loader.impl.launch.knot.Knot.launch(Knot.java:72) ~[fabric-loader-0.19.2.jar:?]
	at net.fabricmc.loader.impl.launch.knot.KnotClient.main(KnotClient.java:23) ~[fabric-loader-0.19.2.jar:?]
	at org.prismlauncher.launcher.impl.StandardLauncher.launch(StandardLauncher.java:115) ~[NewLaunch.jar:?]
	at org.prismlauncher.EntryPoint.listen(EntryPoint.java:129) ~[NewLaunch.jar:?]
	at org.prismlauncher.EntryPoint.main(EntryPoint.java:70) ~[NewLaunch.jar:?]
[17:10:39] [Render thread/ERROR]: Failed to load modifier tconstruct:respiration
com.google.gson.JsonSyntaxException: Unknown Registry[ResourceKey[minecraft:root / minecraft:enchantment] (Stable)] minecraft:respiration
	at slimeknights.mantle.util.JsonHelper.convertToEntry(JsonHelper.java:179) ~[mantle-1.20.1-1.9.291-5d8ff52dee1db203.jar:?]
	at slimeknights.mantle.util.JsonHelper.getAsEntry(JsonHelper.java:192) ~[mantle-1.20.1-1.9.291-5d8ff52dee1db203.jar:?]
	at slimeknights.tconstruct.library.modifiers.modules.EnchantmentModule$Loader.deserialize(EnchantmentModule.java:39) ~[Hephaestus-1.20.1-3.6.4.305.jar:?]
	at slimeknights.tconstruct.library.modifiers.modules.EnchantmentModule$Loader.deserialize(EnchantmentModule.java:36) ~[Hephaestus-1.20.1-3.6.4.305.jar:?]
	at slimeknights.mantle.data.GenericLoaderRegistry.deserialize(GenericLoaderRegistry.java:73) ~[mantle-1.20.1-1.9.291-5d8ff52dee1db203.jar:?]
	at slimeknights.tconstruct.library.modifiers.modules.ModifierModule$ModuleWithHooks.deserialize(ModifierModule.java:92) ~[Hephaestus-1.20.1-3.6.4.305.jar:?]
	at slimeknights.mantle.util.JsonHelper.lambda$parseList$0(JsonHelper.java:91) ~[mantle-1.20.1-1.9.291-5d8ff52dee1db203.jar:?]
	at slimeknights.mantle.util.JsonHelper.parseList(JsonHelper.java:77) ~[mantle-1.20.1-1.9.291-5d8ff52dee1db203.jar:?]
	at slimeknights.mantle.util.JsonHelper.parseList(JsonHelper.java:91) ~[mantle-1.20.1-1.9.291-5d8ff52dee1db203.jar:?]
	at slimeknights.mantle.util.JsonHelper.parseList(JsonHelper.java:115) ~[mantle-1.20.1-1.9.291-5d8ff52dee1db203.jar:?]
	at slimeknights.tconstruct.library.modifiers.dynamic.ComposableModifier$1.deserialize(ComposableModifier.java:128) ~[Hephaestus-1.20.1-3.6.4.305.jar:?]
	at slimeknights.tconstruct.library.modifiers.dynamic.ComposableModifier$1.deserialize(ComposableModifier.java:120) ~[Hephaestus-1.20.1-3.6.4.305.jar:?]
	at slimeknights.mantle.data.GenericLoaderRegistry.deserialize(GenericLoaderRegistry.java:73) ~[mantle-1.20.1-1.9.291-5d8ff52dee1db203.jar:?]
	at slimeknights.tconstruct.library.modifiers.ModifierManager.loadModifier(ModifierManager.java:263) ~[Hephaestus-1.20.1-3.6.4.305.jar:?]
	at slimeknights.tconstruct.library.modifiers.ModifierManager.lambda$apply$2(ModifierManager.java:149) ~[Hephaestus-1.20.1-3.6.4.305.jar:?]
	at java.util.stream.ReferencePipeline$3$1.accept(ReferencePipeline.java:197) ~[?:?]
	at java.util.HashMap$EntrySpliterator.forEachRemaining(HashMap.java:1850) ~[?:?]
	at java.util.stream.AbstractPipeline.copyInto(AbstractPipeline.java:509) ~[?:?]
	at java.util.stream.AbstractPipeline.wrapAndCopyInto(AbstractPipeline.java:499) ~[?:?]
	at java.util.stream.ReduceOps$ReduceOp.evaluateSequential(ReduceOps.java:921) ~[?:?]
	at java.util.stream.AbstractPipeline.evaluate(AbstractPipeline.java:234) ~[?:?]
	at java.util.stream.ReferencePipeline.collect(ReferencePipeline.java:682) ~[?:?]
	at slimeknights.tconstruct.library.modifiers.ModifierManager.apply(ModifierManager.java:151) ~[Hephaestus-1.20.1-3.6.4.305.jar:?]
	at slimeknights.tconstruct.library.modifiers.ModifierManager.method_18788(ModifierManager.java:62) ~[Hephaestus-1.20.1-3.6.4.305.jar:?]
	at net.minecraft.class_4080.method_18790(class_4080.java:13) ~[client-intermediary.jar:?]
	at java.util.concurrent.CompletableFuture$UniAccept.tryFire(CompletableFuture.java:718) ~[?:?]
	at java.util.concurrent.CompletableFuture$Completion.run(CompletableFuture.java:482) ~[?:?]
	at net.minecraft.class_4014.method_18365(class_4014.java:69) ~[client-intermediary.jar:?]
	at net.minecraft.class_1255.method_18859(class_1255.java:156) ~[client-intermediary.jar:?]
	at net.minecraft.class_4093.method_18859(class_4093.java:23) ~[client-intermediary.jar:?]
	at net.minecraft.class_1255.method_16075(class_1255.java:130) ~[client-intermediary.jar:?]
	at net.minecraft.class_1255.method_18857(class_1255.java:139) ~[client-intermediary.jar:?]
	at net.minecraft.class_310.method_18857(class_310.java:25517) ~[client-intermediary.jar:?]
	at net.minecraft.class_525.method_31130(class_525.java:352) ~[client-intermediary.jar:?]
	at net.minecraft.class_528.method_43462(class_528.java:169) ~[client-intermediary.jar:?]
	at net.minecraft.class_528.<init>(class_528.java:95) ~[client-intermediary.jar:?]
	at net.minecraft.class_526.method_25426(class_526.java:54) ~[client-intermediary.jar:?]
	at net.minecraft.class_437.method_25423(class_437.java:297) ~[client-intermediary.jar:?]
	at net.minecraft.class_310.method_1507(class_310.java:1080) ~[client-intermediary.jar:?]
	at net.minecraft.class_442.method_19861(class_442.java:159) ~[client-intermediary.jar:?]
	at net.minecraft.class_4185.method_25306(class_4185.java:94) ~[client-intermediary.jar:?]
	at net.minecraft.class_4264.method_25348(class_4264.java:56) ~[client-intermediary.jar:?]
	at net.minecraft.class_339.method_25402(class_339.java:189) ~[client-intermediary.jar:?]
	at net.minecraft.class_4069.method_25402(class_4069.java:38) ~[client-intermediary.jar:?]
	at net.minecraft.class_442.method_25402(class_442.java:299) ~[client-intermediary.jar:?]
	at net.minecraft.class_312.method_1611(class_312.java:98) ~[client-intermediary.jar:?]
	at net.minecraft.class_437.method_25412(class_437.java:409) ~[client-intermediary.jar:?]
	at net.minecraft.class_312.method_1601(class_312.java:98) ~[client-intermediary.jar:?]
	at net.minecraft.class_312.method_22686(class_312.java:169) ~[client-intermediary.jar:?]
	at net.minecraft.class_1255.execute(class_1255.java:102) ~[client-intermediary.jar:?]
	at net.minecraft.class_312.method_22684(class_312.java:169) ~[client-intermediary.jar:?]
	at org.lwjgl.glfw.GLFWMouseButtonCallbackI.callback(GLFWMouseButtonCallbackI.java:43) ~[lwjgl-glfw-3.3.1.jar:?]
	at org.lwjgl.system.JNI.invokeV(Native Method) ~[lwjgl-3.3.1.jar:?]
	at org.lwjgl.glfw.GLFW.glfwPollEvents(GLFW.java:3403) ~[lwjgl-glfw-3.3.1.jar:?]
	at com.mojang.blaze3d.systems.RenderSystem.pollEvents(RenderSystem.java:201) ~[client-intermediary.jar:?]
	at com.mojang.blaze3d.systems.RenderSystem.flipFrame(RenderSystem.java:219) ~[client-intermediary.jar:?]
	at net.minecraft.class_1041.method_15998(class_1041.java:288) ~[client-intermediary.jar:?]
	at net.minecraft.class_310.method_1523(class_310.java:1241) ~[client-intermediary.jar:?]
	at net.minecraft.class_310.method_1514(class_310.java:802) ~[client-intermediary.jar:?]
	at net.minecraft.client.main.Main.main(Main.java:250) ~[minecraft-1.20.1-client.jar:?]
	at net.fabricmc.loader.impl.game.minecraft.MinecraftGameProvider.launch(MinecraftGameProvider.java:514) ~[fabric-loader-0.19.2.jar:?]
	at net.fabricmc.loader.impl.launch.knot.Knot.launch(Knot.java:72) ~[fabric-loader-0.19.2.jar:?]
	at net.fabricmc.loader.impl.launch.knot.KnotClient.main(KnotClient.java:23) ~[fabric-loader-0.19.2.jar:?]
	at org.prismlauncher.launcher.impl.StandardLauncher.launch(StandardLauncher.java:115) ~[NewLaunch.jar:?]
	at org.prismlauncher.EntryPoint.listen(EntryPoint.java:129) ~[NewLaunch.jar:?]
	at org.prismlauncher.EntryPoint.main(EntryPoint.java:70) ~[NewLaunch.jar:?]
[17:10:39] [Render thread/INFO]: Loaded 65 dynamic modifiers and 15 modifier redirects in 87.6995 ms
[17:10:39] [Render thread/ERROR]: Couldn't load tag tconstruct:extract_blacklist/slotless as it is missing following references: tconstruct:luck (from fabric)
[17:10:39] [Render thread/INFO]: Loaded 4 modifier tags for 18 modifiers in 17.2187 ms
[17:10:39] [Render thread/INFO]: Invalid enchantment to modifier mapping
com.google.gson.JsonSyntaxException: Invalid enchantment ID minecraft:unbreaking
	at slimeknights.tconstruct.library.modifiers.ModifierManager.apply(ModifierManager.java:223) ~[Hephaestus-1.20.1-3.6.4.305.jar:?]
	at slimeknights.tconstruct.library.modifiers.ModifierManager.method_18788(ModifierManager.java:62) ~[Hephaestus-1.20.1-3.6.4.305.jar:?]
	at net.minecraft.class_4080.method_18790(class_4080.java:13) ~[client-intermediary.jar:?]
	at java.util.concurrent.CompletableFuture$UniAccept.tryFire(CompletableFuture.java:718) ~[?:?]
	at java.util.concurrent.CompletableFuture$Completion.run(CompletableFuture.java:482) ~[?:?]
	at net.minecraft.class_4014.method_18365(class_4014.java:69) ~[client-intermediary.jar:?]
	at net.minecraft.class_1255.method_18859(class_1255.java:156) ~[client-intermediary.jar:?]
	at net.minecraft.class_4093.method_18859(class_4093.java:23) ~[client-intermediary.jar:?]
	at net.minecraft.class_1255.method_16075(class_1255.java:130) ~[client-intermediary.jar:?]
	at net.minecraft.class_1255.method_18857(class_1255.java:139) ~[client-intermediary.jar:?]
	at net.minecraft.class_310.method_18857(class_310.java:25517) ~[client-intermediary.jar:?]
	at net.minecraft.class_525.method_31130(class_525.java:352) ~[client-intermediary.jar:?]
	at net.minecraft.class_528.method_43462(class_528.java:169) ~[client-intermediary.jar:?]
	at net.minecraft.class_528.<init>(class_528.java:95) ~[client-intermediary.jar:?]
	at net.minecraft.class_526.method_25426(class_526.java:54) ~[client-intermediary.jar:?]
	at net.minecraft.class_437.method_25423(class_437.java:297) ~[client-intermediary.jar:?]
	at net.minecraft.class_310.method_1507(class_310.java:1080) ~[client-intermediary.jar:?]
	at net.minecraft.class_442.method_19861(class_442.java:159) ~[client-intermediary.jar:?]
	at net.minecraft.class_4185.method_25306(class_4185.java:94) ~[client-intermediary.jar:?]
	at net.minecraft.class_4264.method_25348(class_4264.java:56) ~[client-intermediary.jar:?]
	at net.minecraft.class_339.method_25402(class_339.java:189) ~[client-intermediary.jar:?]
	at net.minecraft.class_4069.method_25402(class_4069.java:38) ~[client-intermediary.jar:?]
	at net.minecraft.class_442.method_25402(class_442.java:299) ~[client-intermediary.jar:?]
	at net.minecraft.class_312.method_1611(class_312.java:98) ~[client-intermediary.jar:?]
	at net.minecraft.class_437.method_25412(class_437.java:409) ~[client-intermediary.jar:?]
	at net.minecraft.class_312.method_1601(class_312.java:98) ~[client-intermediary.jar:?]
	at net.minecraft.class_312.method_22686(class_312.java:169) ~[client-intermediary.jar:?]
	at net.minecraft.class_1255.execute(class_1255.java:102) ~[client-intermediary.jar:?]
	at net.minecraft.class_312.method_22684(class_312.java:169) ~[client-intermediary.jar:?]
	at org.lwjgl.glfw.GLFWMouseButtonCallbackI.callback(GLFWMouseButtonCallbackI.java:43) ~[lwjgl-glfw-3.3.1.jar:?]
	at org.lwjgl.system.JNI.invokeV(Native Method) ~[lwjgl-3.3.1.jar:?]
	at org.lwjgl.glfw.GLFW.glfwPollEvents(GLFW.java:3403) ~[lwjgl-glfw-3.3.1.jar:?]
	at com.mojang.blaze3d.systems.RenderSystem.pollEvents(RenderSystem.java:201) ~[client-intermediary.jar:?]
	at com.mojang.blaze3d.systems.RenderSystem.flipFrame(RenderSystem.java:219) ~[client-intermediary.jar:?]
	at net.minecraft.class_1041.method_15998(class_1041.java:288) ~[client-intermediary.jar:?]
	at net.minecraft.class_310.method_1523(class_310.java:1241) ~[client-intermediary.jar:?]
	at net.minecraft.class_310.method_1514(class_310.java:802) ~[client-intermediary.jar:?]
	at net.minecraft.client.main.Main.main(Main.java:250) ~[minecraft-1.20.1-client.jar:?]
	at net.fabricmc.loader.impl.game.minecraft.MinecraftGameProvider.launch(MinecraftGameProvider.java:514) ~[fabric-loader-0.19.2.jar:?]
	at net.fabricmc.loader.impl.launch.knot.Knot.launch(Knot.java:72) ~[fabric-loader-0.19.2.jar:?]
	at net.fabricmc.loader.impl.launch.knot.KnotClient.main(KnotClient.java:23) ~[fabric-loader-0.19.2.jar:?]
	at org.prismlauncher.launcher.impl.StandardLauncher.launch(StandardLauncher.java:115) ~[NewLaunch.jar:?]
	at org.prismlauncher.EntryPoint.listen(EntryPoint.java:129) ~[NewLaunch.jar:?]
	at org.prismlauncher.EntryPoint.main(EntryPoint.java:70) ~[NewLaunch.jar:?]
[17:10:39] [Render thread/INFO]: Invalid enchantment to modifier mapping
com.google.gson.JsonSyntaxException: Invalid enchantment ID minecraft:protection
	at slimeknights.tconstruct.library.modifiers.ModifierManager.apply(ModifierManager.java:223) ~[Hephaestus-1.20.1-3.6.4.305.jar:?]
	at slimeknights.tconstruct.library.modifiers.ModifierManager.method_18788(ModifierManager.java:62) ~[Hephaestus-1.20.1-3.6.4.305.jar:?]
	at net.minecraft.class_4080.method_18790(class_4080.java:13) ~[client-intermediary.jar:?]
	at java.util.concurrent.CompletableFuture$UniAccept.tryFire(CompletableFuture.java:718) ~[?:?]
	at java.util.concurrent.CompletableFuture$Completion.run(CompletableFuture.java:482) ~[?:?]
	at net.minecraft.class_4014.method_18365(class_4014.java:69) ~[client-intermediary.jar:?]
	at net.minecraft.class_1255.method_18859(class_1255.java:156) ~[client-intermediary.jar:?]
	at net.minecraft.class_4093.method_18859(class_4093.java:23) ~[client-intermediary.jar:?]
	at net.minecraft.class_1255.method_16075(class_1255.java:130) ~[client-intermediary.jar:?]
	at net.minecraft.class_1255.method_18857(class_1255.java:139) ~[client-intermediary.jar:?]
	at net.minecraft.class_310.method_18857(class_310.java:25517) ~[client-intermediary.jar:?]
	at net.minecraft.class_525.method_31130(class_525.java:352) ~[client-intermediary.jar:?]
	at net.minecraft.class_528.method_43462(class_528.java:169) ~[client-intermediary.jar:?]
	at net.minecraft.class_528.<init>(class_528.java:95) ~[client-intermediary.jar:?]
	at net.minecraft.class_526.method_25426(class_526.java:54) ~[client-intermediary.jar:?]
	at net.minecraft.class_437.method_25423(class_437.java:297) ~[client-intermediary.jar:?]
	at net.minecraft.class_310.method_1507(class_310.java:1080) ~[client-intermediary.jar:?]
	at net.minecraft.class_442.method_19861(class_442.java:159) ~[client-intermediary.jar:?]
	at net.minecraft.class_4185.method_25306(class_4185.java:94) ~[client-intermediary.jar:?]
	at net.minecraft.class_4264.method_25348(class_4264.java:56) ~[client-intermediary.jar:?]
	at net.minecraft.class_339.method_25402(class_339.java:189) ~[client-intermediary.jar:?]
	at net.minecraft.class_4069.method_25402(class_4069.java:38) ~[client-intermediary.jar:?]
	at net.minecraft.class_442.method_25402(class_442.java:299) ~[client-intermediary.jar:?]
	at net.minecraft.class_312.method_1611(class_312.java:98) ~[client-intermediary.jar:?]
	at net.minecraft.class_437.method_25412(class_437.java:409) ~[client-intermediary.jar:?]
	at net.minecraft.class_312.method_1601(class_312.java:98) ~[client-intermediary.jar:?]
	at net.minecraft.class_312.method_22686(class_312.java:169) ~[client-intermediary.jar:?]
	at net.minecraft.class_1255.execute(class_1255.java:102) ~[client-intermediary.jar:?]
	at net.minecraft.class_312.method_22684(class_312.java:169) ~[client-intermediary.jar:?]
	at org.lwjgl.glfw.GLFWMouseButtonCallbackI.callback(GLFWMouseButtonCallbackI.java:43) ~[lwjgl-glfw-3.3.1.jar:?]
	at org.lwjgl.system.JNI.invokeV(Native Method) ~[lwjgl-3.3.1.jar:?]
	at org.lwjgl.glfw.GLFW.glfwPollEvents(GLFW.java:3403) ~[lwjgl-glfw-3.3.1.jar:?]
	at com.mojang.blaze3d.systems.RenderSystem.pollEvents(RenderSystem.java:201) ~[client-intermediary.jar:?]
	at com.mojang.blaze3d.systems.RenderSystem.flipFrame(RenderSystem.java:219) ~[client-intermediary.jar:?]
	at net.minecraft.class_1041.method_15998(class_1041.java:288) ~[client-intermediary.jar:?]
	at net.minecraft.class_310.method_1523(class_310.java:1241) ~[client-intermediary.jar:?]
	at net.minecraft.class_310.method_1514(class_310.java:802) ~[client-intermediary.jar:?]
	at net.minecraft.client.main.Main.main(Main.java:250) ~[minecraft-1.20.1-client.jar:?]
	at net.fabricmc.loader.impl.game.minecraft.MinecraftGameProvider.launch(MinecraftGameProvider.java:514) ~[fabric-loader-0.19.2.jar:?]
	at net.fabricmc.loader.impl.launch.knot.Knot.launch(Knot.java:72) ~[fabric-loader-0.19.2.jar:?]
	at net.fabricmc.loader.impl.launch.knot.KnotClient.main(KnotClient.java:23) ~[fabric-loader-0.19.2.jar:?]
	at org.prismlauncher.launcher.impl.StandardLauncher.launch(StandardLauncher.java:115) ~[NewLaunch.jar:?]
	at org.prismlauncher.EntryPoint.listen(EntryPoint.java:129) ~[NewLaunch.jar:?]
	at org.prismlauncher.EntryPoint.main(EntryPoint.java:70) ~[NewLaunch.jar:?]
[17:10:39] [Render thread/INFO]: Invalid enchantment to modifier mapping
com.google.gson.JsonSyntaxException: Invalid enchantment ID minecraft:fire_protection
	at slimeknights.tconstruct.library.modifiers.ModifierManager.apply(ModifierManager.java:223) ~[Hephaestus-1.20.1-3.6.4.305.jar:?]
	at slimeknights.tconstruct.library.modifiers.ModifierManager.method_18788(ModifierManager.java:62) ~[Hephaestus-1.20.1-3.6.4.305.jar:?]
	at net.minecraft.class_4080.method_18790(class_4080.java:13) ~[client-intermediary.jar:?]
	at java.util.concurrent.CompletableFuture$UniAccept.tryFire(CompletableFuture.java:718) ~[?:?]
	at java.util.concurrent.CompletableFuture$Completion.run(CompletableFuture.java:482) ~[?:?]
	at net.minecraft.class_4014.method_18365(class_4014.java:69) ~[client-intermediary.jar:?]
	at net.minecraft.class_1255.method_18859(class_1255.java:156) ~[client-intermediary.jar:?]
	at net.minecraft.class_4093.method_18859(class_4093.java:23) ~[client-intermediary.jar:?]
	at net.minecraft.class_1255.method_16075(class_1255.java:130) ~[client-intermediary.jar:?]
	at net.minecraft.class_1255.method_18857(class_1255.java:139) ~[client-intermediary.jar:?]
	at net.minecraft.class_310.method_18857(class_310.java:25517) ~[client-intermediary.jar:?]
	at net.minecraft.class_525.method_31130(class_525.java:352) ~[client-intermediary.jar:?]
	at net.minecraft.class_528.method_43462(class_528.java:169) ~[client-intermediary.jar:?]
	at net.minecraft.class_528.<init>(class_528.java:95) ~[client-intermediary.jar:?]
	at net.minecraft.class_526.method_25426(class_526.java:54) ~[client-intermediary.jar:?]
	at net.minecraft.class_437.method_25423(class_437.java:297) ~[client-intermediary.jar:?]
	at net.minecraft.class_310.method_1507(class_310.java:1080) ~[client-intermediary.jar:?]
	at net.minecraft.class_442.method_19861(class_442.java:159) ~[client-intermediary.jar:?]
	at net.minecraft.class_4185.method_25306(class_4185.java:94) ~[client-intermediary.jar:?]
	at net.minecraft.class_4264.method_25348(class_4264.java:56) ~[client-intermediary.jar:?]
	at net.minecraft.class_339.method_25402(class_339.java:189) ~[client-intermediary.jar:?]
	at net.minecraft.class_4069.method_25402(class_4069.java:38) ~[client-intermediary.jar:?]
	at net.minecraft.class_442.method_25402(class_442.java:299) ~[client-intermediary.jar:?]
	at net.minecraft.class_312.method_1611(class_312.java:98) ~[client-intermediary.jar:?]
	at net.minecraft.class_437.method_25412(class_437.java:409) ~[client-intermediary.jar:?]
	at net.minecraft.class_312.method_1601(class_312.java:98) ~[client-intermediary.jar:?]
	at net.minecraft.class_312.method_22686(class_312.java:169) ~[client-intermediary.jar:?]
	at net.minecraft.class_1255.execute(class_1255.java:102) ~[client-intermediary.jar:?]
	at net.minecraft.class_312.method_22684(class_312.java:169) ~[client-intermediary.jar:?]
	at org.lwjgl.glfw.GLFWMouseButtonCallbackI.callback(GLFWMouseButtonCallbackI.java:43) ~[lwjgl-glfw-3.3.1.jar:?]
	at org.lwjgl.system.JNI.invokeV(Native Method) ~[lwjgl-3.3.1.jar:?]
	at org.lwjgl.glfw.GLFW.glfwPollEvents(GLFW.java:3403) ~[lwjgl-glfw-3.3.1.jar:?]
	at com.mojang.blaze3d.systems.RenderSystem.pollEvents(RenderSystem.java:201) ~[client-intermediary.jar:?]
	at com.mojang.blaze3d.systems.RenderSystem.flipFrame(RenderSystem.java:219) ~[client-intermediary.jar:?]
	at net.minecraft.class_1041.method_15998(class_1041.java:288) ~[client-intermediary.jar:?]
	at net.minecraft.class_310.method_1523(class_310.java:1241) ~[client-intermediary.jar:?]
	at net.minecraft.class_310.method_1514(class_310.java:802) ~[client-intermediary.jar:?]
	at net.minecraft.client.main.Main.main(Main.java:250) ~[minecraft-1.20.1-client.jar:?]
	at net.fabricmc.loader.impl.game.minecraft.MinecraftGameProvider.launch(MinecraftGameProvider.java:514) ~[fabric-loader-0.19.2.jar:?]
	at net.fabricmc.loader.impl.launch.knot.Knot.launch(Knot.java:72) ~[fabric-loader-0.19.2.jar:?]
	at net.fabricmc.loader.impl.launch.knot.KnotClient.main(KnotClient.java:23) ~[fabric-loader-0.19.2.jar:?]
	at org.prismlauncher.launcher.impl.StandardLauncher.launch(StandardLauncher.java:115) ~[NewLaunch.jar:?]
	at org.prismlauncher.EntryPoint.listen(EntryPoint.java:129) ~[NewLaunch.jar:?]
	at org.prismlauncher.EntryPoint.main(EntryPoint.java:70) ~[NewLaunch.jar:?]
[17:10:39] [Render thread/INFO]: Invalid enchantment to modifier mapping
com.google.gson.JsonSyntaxException: Invalid enchantment ID minecraft:blast_protection
	at slimeknights.tconstruct.library.modifiers.ModifierManager.apply(ModifierManager.java:223) ~[Hephaestus-1.20.1-3.6.4.305.jar:?]
	at slimeknights.tconstruct.library.modifiers.ModifierManager.method_18788(ModifierManager.java:62) ~[Hephaestus-1.20.1-3.6.4.305.jar:?]
	at net.minecraft.class_4080.method_18790(class_4080.java:13) ~[client-intermediary.jar:?]
	at java.util.concurrent.CompletableFuture$UniAccept.tryFire(CompletableFuture.java:718) ~[?:?]
	at java.util.concurrent.CompletableFuture$Completion.run(CompletableFuture.java:482) ~[?:?]
	at net.minecraft.class_4014.method_18365(class_4014.java:69) ~[client-intermediary.jar:?]
	at net.minecraft.class_1255.method_18859(class_1255.java:156) ~[client-intermediary.jar:?]
	at net.minecraft.class_4093.method_18859(class_4093.java:23) ~[client-intermediary.jar:?]
	at net.minecraft.class_1255.method_16075(class_1255.java:130) ~[client-intermediary.jar:?]
	at net.minecraft.class_1255.method_18857(class_1255.java:139) ~[client-intermediary.jar:?]
	at net.minecraft.class_310.method_18857(class_310.java:25517) ~[client-intermediary.jar:?]
	at net.minecraft.class_525.method_31130(class_525.java:352) ~[client-intermediary.jar:?]
	at net.minecraft.class_528.method_43462(class_528.java:169) ~[client-intermediary.jar:?]
	at net.minecraft.class_528.<init>(class_528.java:95) ~[client-intermediary.jar:?]
	at net.minecraft.class_526.method_25426(class_526.java:54) ~[client-intermediary.jar:?]
	at net.minecraft.class_437.method_25423(class_437.java:297) ~[client-intermediary.jar:?]
	at net.minecraft.class_310.method_1507(class_310.java:1080) ~[client-intermediary.jar:?]
	at net.minecraft.class_442.method_19861(class_442.java:159) ~[client-intermediary.jar:?]
	at net.minecraft.class_4185.method_25306(class_4185.java:94) ~[client-intermediary.jar:?]
	at net.minecraft.class_4264.method_25348(class_4264.java:56) ~[client-intermediary.jar:?]
	at net.minecraft.class_339.method_25402(class_339.java:189) ~[client-intermediary.jar:?]
	at net.minecraft.class_4069.method_25402(class_4069.java:38) ~[client-intermediary.jar:?]
	at net.minecraft.class_442.method_25402(class_442.java:299) ~[client-intermediary.jar:?]
	at net.minecraft.class_312.method_1611(class_312.java:98) ~[client-intermediary.jar:?]
	at net.minecraft.class_437.method_25412(class_437.java:409) ~[client-intermediary.jar:?]
	at net.minecraft.class_312.method_1601(class_312.java:98) ~[client-intermediary.jar:?]
	at net.minecraft.class_312.method_22686(class_312.java:169) ~[client-intermediary.jar:?]
	at net.minecraft.class_1255.execute(class_1255.java:102) ~[client-intermediary.jar:?]
	at net.minecraft.class_312.method_22684(class_312.java:169) ~[client-intermediary.jar:?]
	at org.lwjgl.glfw.GLFWMouseButtonCallbackI.callback(GLFWMouseButtonCallbackI.java:43) ~[lwjgl-glfw-3.3.1.jar:?]
	at org.lwjgl.system.JNI.invokeV(Native Method) ~[lwjgl-3.3.1.jar:?]
	at org.lwjgl.glfw.GLFW.glfwPollEvents(GLFW.java:3403) ~[lwjgl-glfw-3.3.1.jar:?]
	at com.mojang.blaze3d.systems.RenderSystem.pollEvents(RenderSystem.java:201) ~[client-intermediary.jar:?]
	at com.mojang.blaze3d.systems.RenderSystem.flipFrame(RenderSystem.java:219) ~[client-intermediary.jar:?]
	at net.minecraft.class_1041.method_15998(class_1041.java:288) ~[client-intermediary.jar:?]
	at net.minecraft.class_310.method_1523(class_310.java:1241) ~[client-intermediary.jar:?]
	at net.minecraft.class_310.method_1514(class_310.java:802) ~[client-intermediary.jar:?]
	at net.minecraft.client.main.Main.main(Main.java:250) ~[minecraft-1.20.1-client.jar:?]
	at net.fabricmc.loader.impl.game.minecraft.MinecraftGameProvider.launch(MinecraftGameProvider.java:514) ~[fabric-loader-0.19.2.jar:?]
	at net.fabricmc.loader.impl.launch.knot.Knot.launch(Knot.java:72) ~[fabric-loader-0.19.2.jar:?]
	at net.fabricmc.loader.impl.launch.knot.KnotClient.main(KnotClient.java:23) ~[fabric-loader-0.19.2.jar:?]
	at org.prismlauncher.launcher.impl.StandardLauncher.launch(StandardLauncher.java:115) ~[NewLaunch.jar:?]
	at org.prismlauncher.EntryPoint.listen(EntryPoint.java:129) ~[NewLaunch.jar:?]
	at org.prismlauncher.EntryPoint.main(EntryPoint.java:70) ~[NewLaunch.jar:?]
[17:10:39] [Render thread/INFO]: Invalid enchantment to modifier mapping
com.google.gson.JsonSyntaxException: Invalid enchantment ID minecraft:projectile_protection
	at slimeknights.tconstruct.library.modifiers.ModifierManager.apply(ModifierManager.java:223) ~[Hephaestus-1.20.1-3.6.4.305.jar:?]
	at slimeknights.tconstruct.library.modifiers.ModifierManager.method_18788(ModifierManager.java:62) ~[Hephaestus-1.20.1-3.6.4.305.jar:?]
	at net.minecraft.class_4080.method_18790(class_4080.java:13) ~[client-intermediary.jar:?]
	at java.util.concurrent.CompletableFuture$UniAccept.tryFire(CompletableFuture.java:718) ~[?:?]
	at java.util.concurrent.CompletableFuture$Completion.run(CompletableFuture.java:482) ~[?:?]
	at net.minecraft.class_4014.method_18365(class_4014.java:69) ~[client-intermediary.jar:?]
	at net.minecraft.class_1255.method_18859(class_1255.java:156) ~[client-intermediary.jar:?]
	at net.minecraft.class_4093.method_18859(class_4093.java:23) ~[client-intermediary.jar:?]
	at net.minecraft.class_1255.method_16075(class_1255.java:130) ~[client-intermediary.jar:?]
	at net.minecraft.class_1255.method_18857(class_1255.java:139) ~[client-intermediary.jar:?]
	at net.minecraft.class_310.method_18857(class_310.java:25517) ~[client-intermediary.jar:?]
	at net.minecraft.class_525.method_31130(class_525.java:352) ~[client-intermediary.jar:?]
	at net.minecraft.class_528.method_43462(class_528.java:169) ~[client-intermediary.jar:?]
	at net.minecraft.class_528.<init>(class_528.java:95) ~[client-intermediary.jar:?]
	at net.minecraft.class_526.method_25426(class_526.java:54) ~[client-intermediary.jar:?]
	at net.minecraft.class_437.method_25423(class_437.java:297) ~[client-intermediary.jar:?]
	at net.minecraft.class_310.method_1507(class_310.java:1080) ~[client-intermediary.jar:?]
	at net.minecraft.class_442.method_19861(class_442.java:159) ~[client-intermediary.jar:?]
	at net.minecraft.class_4185.method_25306(class_4185.java:94) ~[client-intermediary.jar:?]
	at net.minecraft.class_4264.method_25348(class_4264.java:56) ~[client-intermediary.jar:?]
	at net.minecraft.class_339.method_25402(class_339.java:189) ~[client-intermediary.jar:?]
	at net.minecraft.class_4069.method_25402(class_4069.java:38) ~[client-intermediary.jar:?]
	at net.minecraft.class_442.method_25402(class_442.java:299) ~[client-intermediary.jar:?]
	at net.minecraft.class_312.method_1611(class_312.java:98) ~[client-intermediary.jar:?]
	at net.minecraft.class_437.method_25412(class_437.java:409) ~[client-intermediary.jar:?]
	at net.minecraft.class_312.method_1601(class_312.java:98) ~[client-intermediary.jar:?]
	at net.minecraft.class_312.method_22686(class_312.java:169) ~[client-intermediary.jar:?]
	at net.minecraft.class_1255.execute(class_1255.java:102) ~[client-intermediary.jar:?]
	at net.minecraft.class_312.method_22684(class_312.java:169) ~[client-intermediary.jar:?]
	at org.lwjgl.glfw.GLFWMouseButtonCallbackI.callback(GLFWMouseButtonCallbackI.java:43) ~[lwjgl-glfw-3.3.1.jar:?]
	at org.lwjgl.system.JNI.invokeV(Native Method) ~[lwjgl-3.3.1.jar:?]
	at org.lwjgl.glfw.GLFW.glfwPollEvents(GLFW.java:3403) ~[lwjgl-glfw-3.3.1.jar:?]
	at com.mojang.blaze3d.systems.RenderSystem.pollEvents(RenderSystem.java:201) ~[client-intermediary.jar:?]
	at com.mojang.blaze3d.systems.RenderSystem.flipFrame(RenderSystem.java:219) ~[client-intermediary.jar:?]
	at net.minecraft.class_1041.method_15998(class_1041.java:288) ~[client-intermediary.jar:?]
	at net.minecraft.class_310.method_1523(class_310.java:1241) ~[client-intermediary.jar:?]
	at net.minecraft.class_310.method_1514(class_310.java:802) ~[client-intermediary.jar:?]
	at net.minecraft.client.main.Main.main(Main.java:250) ~[minecraft-1.20.1-client.jar:?]
	at net.fabricmc.loader.impl.game.minecraft.MinecraftGameProvider.launch(MinecraftGameProvider.java:514) ~[fabric-loader-0.19.2.jar:?]
	at net.fabricmc.loader.impl.launch.knot.Knot.launch(Knot.java:72) ~[fabric-loader-0.19.2.jar:?]
	at net.fabricmc.loader.impl.launch.knot.KnotClient.main(KnotClient.java:23) ~[fabric-loader-0.19.2.jar:?]
	at org.prismlauncher.launcher.impl.StandardLauncher.launch(StandardLauncher.java:115) ~[NewLaunch.jar:?]
	at org.prismlauncher.EntryPoint.listen(EntryPoint.java:129) ~[NewLaunch.jar:?]
	at org.prismlauncher.EntryPoint.main(EntryPoint.java:70) ~[NewLaunch.jar:?]
[17:10:39] [Render thread/INFO]: Invalid enchantment to modifier mapping
com.google.gson.JsonSyntaxException: Invalid enchantment ID minecraft:feather_falling
	at slimeknights.tconstruct.library.modifiers.ModifierManager.apply(ModifierManager.java:223) ~[Hephaestus-1.20.1-3.6.4.305.jar:?]
	at slimeknights.tconstruct.library.modifiers.ModifierManager.method_18788(ModifierManager.java:62) ~[Hephaestus-1.20.1-3.6.4.305.jar:?]
	at net.minecraft.class_4080.method_18790(class_4080.java:13) ~[client-intermediary.jar:?]
	at java.util.concurrent.CompletableFuture$UniAccept.tryFire(CompletableFuture.java:718) ~[?:?]
	at java.util.concurrent.CompletableFuture$Completion.run(CompletableFuture.java:482) ~[?:?]
	at net.minecraft.class_4014.method_18365(class_4014.java:69) ~[client-intermediary.jar:?]
	at net.minecraft.class_1255.method_18859(class_1255.java:156) ~[client-intermediary.jar:?]
	at net.minecraft.class_4093.method_18859(class_4093.java:23) ~[client-intermediary.jar:?]
	at net.minecraft.class_1255.method_16075(class_1255.java:130) ~[client-intermediary.jar:?]
	at net.minecraft.class_1255.method_18857(class_1255.java:139) ~[client-intermediary.jar:?]
	at net.minecraft.class_310.method_18857(class_310.java:25517) ~[client-intermediary.jar:?]
	at net.minecraft.class_525.method_31130(class_525.java:352) ~[client-intermediary.jar:?]
	at net.minecraft.class_528.method_43462(class_528.java:169) ~[client-intermediary.jar:?]
	at net.minecraft.class_528.<init>(class_528.java:95) ~[client-intermediary.jar:?]
	at net.minecraft.class_526.method_25426(class_526.java:54) ~[client-intermediary.jar:?]
	at net.minecraft.class_437.method_25423(class_437.java:297) ~[client-intermediary.jar:?]
	at net.minecraft.class_310.method_1507(class_310.java:1080) ~[client-intermediary.jar:?]
	at net.minecraft.class_442.method_19861(class_442.java:159) ~[client-intermediary.jar:?]
	at net.minecraft.class_4185.method_25306(class_4185.java:94) ~[client-intermediary.jar:?]
	at net.minecraft.class_4264.method_25348(class_4264.java:56) ~[client-intermediary.jar:?]
	at net.minecraft.class_339.method_25402(class_339.java:189) ~[client-intermediary.jar:?]
	at net.minecraft.class_4069.method_25402(class_4069.java:38) ~[client-intermediary.jar:?]
	at net.minecraft.class_442.method_25402(class_442.java:299) ~[client-intermediary.jar:?]
	at net.minecraft.class_312.method_1611(class_312.java:98) ~[client-intermediary.jar:?]
	at net.minecraft.class_437.method_25412(class_437.java:409) ~[client-intermediary.jar:?]
	at net.minecraft.class_312.method_1601(class_312.java:98) ~[client-intermediary.jar:?]
	at net.minecraft.class_312.method_22686(class_312.java:169) ~[client-intermediary.jar:?]
	at net.minecraft.class_1255.execute(class_1255.java:102) ~[client-intermediary.jar:?]
	at net.minecraft.class_312.method_22684(class_312.java:169) ~[client-intermediary.jar:?]
	at org.lwjgl.glfw.GLFWMouseButtonCallbackI.callback(GLFWMouseButtonCallbackI.java:43) ~[lwjgl-glfw-3.3.1.jar:?]
	at org.lwjgl.system.JNI.invokeV(Native Method) ~[lwjgl-3.3.1.jar:?]
	at org.lwjgl.glfw.GLFW.glfwPollEvents(GLFW.java:3403) ~[lwjgl-glfw-3.3.1.jar:?]
	at com.mojang.blaze3d.systems.RenderSystem.pollEvents(RenderSystem.java:201) ~[client-intermediary.jar:?]
	at com.mojang.blaze3d.systems.RenderSystem.flipFrame(RenderSystem.java:219) ~[client-intermediary.jar:?]
	at net.minecraft.class_1041.method_15998(class_1041.java:288) ~[client-intermediary.jar:?]
	at net.minecraft.class_310.method_1523(class_310.java:1241) ~[client-intermediary.jar:?]
	at net.minecraft.class_310.method_1514(class_310.java:802) ~[client-intermediary.jar:?]
	at net.minecraft.client.main.Main.main(Main.java:250) ~[minecraft-1.20.1-client.jar:?]
	at net.fabricmc.loader.impl.game.minecraft.MinecraftGameProvider.launch(MinecraftGameProvider.java:514) ~[fabric-loader-0.19.2.jar:?]
	at net.fabricmc.loader.impl.launch.knot.Knot.launch(Knot.java:72) ~[fabric-loader-0.19.2.jar:?]
	at net.fabricmc.loader.impl.launch.knot.KnotClient.main(KnotClient.java:23) ~[fabric-loader-0.19.2.jar:?]
	at org.prismlauncher.launcher.impl.StandardLauncher.launch(StandardLauncher.java:115) ~[NewLaunch.jar:?]
	at org.prismlauncher.EntryPoint.listen(EntryPoint.java:129) ~[NewLaunch.jar:?]
	at org.prismlauncher.EntryPoint.main(EntryPoint.java:70) ~[NewLaunch.jar:?]
[17:10:39] [Render thread/INFO]: Invalid enchantment to modifier mapping
com.google.gson.JsonSyntaxException: Unknown modifier tconstruct:respiration for enchantment minecraft:respiration
	at slimeknights.tconstruct.library.modifiers.ModifierManager.apply(ModifierManager.java:209) ~[Hephaestus-1.20.1-3.6.4.305.jar:?]
	at slimeknights.tconstruct.library.modifiers.ModifierManager.method_18788(ModifierManager.java:62) ~[Hephaestus-1.20.1-3.6.4.305.jar:?]
	at net.minecraft.class_4080.method_18790(class_4080.java:13) ~[client-intermediary.jar:?]
	at java.util.concurrent.CompletableFuture$UniAccept.tryFire(CompletableFuture.java:718) ~[?:?]
	at java.util.concurrent.CompletableFuture$Completion.run(CompletableFuture.java:482) ~[?:?]
	at net.minecraft.class_4014.method_18365(class_4014.java:69) ~[client-intermediary.jar:?]
	at net.minecraft.class_1255.method_18859(class_1255.java:156) ~[client-intermediary.jar:?]
	at net.minecraft.class_4093.method_18859(class_4093.java:23) ~[client-intermediary.jar:?]
	at net.minecraft.class_1255.method_16075(class_1255.java:130) ~[client-intermediary.jar:?]
	at net.minecraft.class_1255.method_18857(class_1255.java:139) ~[client-intermediary.jar:?]
	at net.minecraft.class_310.method_18857(class_310.java:25517) ~[client-intermediary.jar:?]
	at net.minecraft.class_525.method_31130(class_525.java:352) ~[client-intermediary.jar:?]
	at net.minecraft.class_528.method_43462(class_528.java:169) ~[client-intermediary.jar:?]
	at net.minecraft.class_528.<init>(class_528.java:95) ~[client-intermediary.jar:?]
	at net.minecraft.class_526.method_25426(class_526.java:54) ~[client-intermediary.jar:?]
	at net.minecraft.class_437.method_25423(class_437.java:297) ~[client-intermediary.jar:?]
	at net.minecraft.class_310.method_1507(class_310.java:1080) ~[client-intermediary.jar:?]
	at net.minecraft.class_442.method_19861(class_442.java:159) ~[client-intermediary.jar:?]
	at net.minecraft.class_4185.method_25306(class_4185.java:94) ~[client-intermediary.jar:?]
	at net.minecraft.class_4264.method_25348(class_4264.java:56) ~[client-intermediary.jar:?]
	at net.minecraft.class_339.method_25402(class_339.java:189) ~[client-intermediary.jar:?]
	at net.minecraft.class_4069.method_25402(class_4069.java:38) ~[client-intermediary.jar:?]
	at net.minecraft.class_442.method_25402(class_442.java:299) ~[client-intermediary.jar:?]
	at net.minecraft.class_312.method_1611(class_312.java:98) ~[client-intermediary.jar:?]
	at net.minecraft.class_437.method_25412(class_437.java:409) ~[client-intermediary.jar:?]
	at net.minecraft.class_312.method_1601(class_312.java:98) ~[client-intermediary.jar:?]
	at net.minecraft.class_312.method_22686(class_312.java:169) ~[client-intermediary.jar:?]
	at net.minecraft.class_1255.execute(class_1255.java:102) ~[client-intermediary.jar:?]
	at net.minecraft.class_312.method_22684(class_312.java:169) ~[client-intermediary.jar:?]
	at org.lwjgl.glfw.GLFWMouseButtonCallbackI.callback(GLFWMouseButtonCallbackI.java:43) ~[lwjgl-glfw-3.3.1.jar:?]
	at org.lwjgl.system.JNI.invokeV(Native Method) ~[lwjgl-3.3.1.jar:?]
	at org.lwjgl.glfw.GLFW.glfwPollEvents(GLFW.java:3403) ~[lwjgl-glfw-3.3.1.jar:?]
	at com.mojang.blaze3d.systems.RenderSystem.pollEvents(RenderSystem.java:201) ~[client-intermediary.jar:?]
	at com.mojang.blaze3d.systems.RenderSystem.flipFrame(RenderSystem.java:219) ~[client-intermediary.jar:?]
	at net.minecraft.class_1041.method_15998(class_1041.java:288) ~[client-intermediary.jar:?]
	at net.minecraft.class_310.method_1523(class_310.java:1241) ~[client-intermediary.jar:?]
	at net.minecraft.class_310.method_1514(class_310.java:802) ~[client-intermediary.jar:?]
	at net.minecraft.client.main.Main.main(Main.java:250) ~[minecraft-1.20.1-client.jar:?]
	at net.fabricmc.loader.impl.game.minecraft.MinecraftGameProvider.launch(MinecraftGameProvider.java:514) ~[fabric-loader-0.19.2.jar:?]
	at net.fabricmc.loader.impl.launch.knot.Knot.launch(Knot.java:72) ~[fabric-loader-0.19.2.jar:?]
	at net.fabricmc.loader.impl.launch.knot.KnotClient.main(KnotClient.java:23) ~[fabric-loader-0.19.2.jar:?]
	at org.prismlauncher.launcher.impl.StandardLauncher.launch(StandardLauncher.java:115) ~[NewLaunch.jar:?]
	at org.prismlauncher.EntryPoint.listen(EntryPoint.java:129) ~[NewLaunch.jar:?]
	at org.prismlauncher.EntryPoint.main(EntryPoint.java:70) ~[NewLaunch.jar:?]
[17:10:39] [Render thread/INFO]: Invalid enchantment to modifier mapping
com.google.gson.JsonSyntaxException: Invalid enchantment ID minecraft:aqua_affinity
	at slimeknights.tconstruct.library.modifiers.ModifierManager.apply(ModifierManager.java:223) ~[Hephaestus-1.20.1-3.6.4.305.jar:?]
	at slimeknights.tconstruct.library.modifiers.ModifierManager.method_18788(ModifierManager.java:62) ~[Hephaestus-1.20.1-3.6.4.305.jar:?]
	at net.minecraft.class_4080.method_18790(class_4080.java:13) ~[client-intermediary.jar:?]
	at java.util.concurrent.CompletableFuture$UniAccept.tryFire(CompletableFuture.java:718) ~[?:?]
	at java.util.concurrent.CompletableFuture$Completion.run(CompletableFuture.java:482) ~[?:?]
	at net.minecraft.class_4014.method_18365(class_4014.java:69) ~[client-intermediary.jar:?]
	at net.minecraft.class_1255.method_18859(class_1255.java:156) ~[client-intermediary.jar:?]
	at net.minecraft.class_4093.method_18859(class_4093.java:23) ~[client-intermediary.jar:?]
	at net.minecraft.class_1255.method_16075(class_1255.java:130) ~[client-intermediary.jar:?]
	at net.minecraft.class_1255.method_18857(class_1255.java:139) ~[client-intermediary.jar:?]
	at net.minecraft.class_310.method_18857(class_310.java:25517) ~[client-intermediary.jar:?]
	at net.minecraft.class_525.method_31130(class_525.java:352) ~[client-intermediary.jar:?]
	at net.minecraft.class_528.method_43462(class_528.java:169) ~[client-intermediary.jar:?]
	at net.minecraft.class_528.<init>(class_528.java:95) ~[client-intermediary.jar:?]
	at net.minecraft.class_526.method_25426(class_526.java:54) ~[client-intermediary.jar:?]
	at net.minecraft.class_437.method_25423(class_437.java:297) ~[client-intermediary.jar:?]
	at net.minecraft.class_310.method_1507(class_310.java:1080) ~[client-intermediary.jar:?]
	at net.minecraft.class_442.method_19861(class_442.java:159) ~[client-intermediary.jar:?]
	at net.minecraft.class_4185.method_25306(class_4185.java:94) ~[client-intermediary.jar:?]
	at net.minecraft.class_4264.method_25348(class_4264.java:56) ~[client-intermediary.jar:?]
	at net.minecraft.class_339.method_25402(class_339.java:189) ~[client-intermediary.jar:?]
	at net.minecraft.class_4069.method_25402(class_4069.java:38) ~[client-intermediary.jar:?]
	at net.minecraft.class_442.method_25402(class_442.java:299) ~[client-intermediary.jar:?]
	at net.minecraft.class_312.method_1611(class_312.java:98) ~[client-intermediary.jar:?]
	at net.minecraft.class_437.method_25412(class_437.java:409) ~[client-intermediary.jar:?]
	at net.minecraft.class_312.method_1601(class_312.java:98) ~[client-intermediary.jar:?]
	at net.minecraft.class_312.method_22686(class_312.java:169) ~[client-intermediary.jar:?]
	at net.minecraft.class_1255.execute(class_1255.java:102) ~[client-intermediary.jar:?]
	at net.minecraft.class_312.method_22684(class_312.java:169) ~[client-intermediary.jar:?]
	at org.lwjgl.glfw.GLFWMouseButtonCallbackI.callback(GLFWMouseButtonCallbackI.java:43) ~[lwjgl-glfw-3.3.1.jar:?]
	at org.lwjgl.system.JNI.invokeV(Native Method) ~[lwjgl-3.3.1.jar:?]
	at org.lwjgl.glfw.GLFW.glfwPollEvents(GLFW.java:3403) ~[lwjgl-glfw-3.3.1.jar:?]
	at com.mojang.blaze3d.systems.RenderSystem.pollEvents(RenderSystem.java:201) ~[client-intermediary.jar:?]
	at com.mojang.blaze3d.systems.RenderSystem.flipFrame(RenderSystem.java:219) ~[client-intermediary.jar:?]
	at net.minecraft.class_1041.method_15998(class_1041.java:288) ~[client-intermediary.jar:?]
	at net.minecraft.class_310.method_1523(class_310.java:1241) ~[client-intermediary.jar:?]
	at net.minecraft.class_310.method_1514(class_310.java:802) ~[client-intermediary.jar:?]
	at net.minecraft.client.main.Main.main(Main.java:250) ~[minecraft-1.20.1-client.jar:?]
	at net.fabricmc.loader.impl.game.minecraft.MinecraftGameProvider.launch(MinecraftGameProvider.java:514) ~[fabric-loader-0.19.2.jar:?]
	at net.fabricmc.loader.impl.launch.knot.Knot.launch(Knot.java:72) ~[fabric-loader-0.19.2.jar:?]
	at net.fabricmc.loader.impl.launch.knot.KnotClient.main(KnotClient.java:23) ~[fabric-loader-0.19.2.jar:?]
	at org.prismlauncher.launcher.impl.StandardLauncher.launch(StandardLauncher.java:115) ~[NewLaunch.jar:?]
	at org.prismlauncher.EntryPoint.listen(EntryPoint.java:129) ~[NewLaunch.jar:?]
	at org.prismlauncher.EntryPoint.main(EntryPoint.java:70) ~[NewLaunch.jar:?]
[17:10:39] [Render thread/INFO]: Invalid enchantment to modifier mapping
com.google.gson.JsonSyntaxException: Invalid enchantment ID minecraft:thorns
	at slimeknights.tconstruct.library.modifiers.ModifierManager.apply(ModifierManager.java:223) ~[Hephaestus-1.20.1-3.6.4.305.jar:?]
	at slimeknights.tconstruct.library.modifiers.ModifierManager.method_18788(ModifierManager.java:62) ~[Hephaestus-1.20.1-3.6.4.305.jar:?]
	at net.minecraft.class_4080.method_18790(class_4080.java:13) ~[client-intermediary.jar:?]
	at java.util.concurrent.CompletableFuture$UniAccept.tryFire(CompletableFuture.java:718) ~[?:?]
	at java.util.concurrent.CompletableFuture$Completion.run(CompletableFuture.java:482) ~[?:?]
	at net.minecraft.class_4014.method_18365(class_4014.java:69) ~[client-intermediary.jar:?]
	at net.minecraft.class_1255.method_18859(class_1255.java:156) ~[client-intermediary.jar:?]
	at net.minecraft.class_4093.method_18859(class_4093.java:23) ~[client-intermediary.jar:?]
	at net.minecraft.class_1255.method_16075(class_1255.java:130) ~[client-intermediary.jar:?]
	at net.minecraft.class_1255.method_18857(class_1255.java:139) ~[client-intermediary.jar:?]
	at net.minecraft.class_310.method_18857(class_310.java:25517) ~[client-intermediary.jar:?]
	at net.minecraft.class_525.method_31130(class_525.java:352) ~[client-intermediary.jar:?]
	at net.minecraft.class_528.method_43462(class_528.java:169) ~[client-intermediary.jar:?]
	at net.minecraft.class_528.<init>(class_528.java:95) ~[client-intermediary.jar:?]
	at net.minecraft.class_526.method_25426(class_526.java:54) ~[client-intermediary.jar:?]
	at net.minecraft.class_437.method_25423(class_437.java:297) ~[client-intermediary.jar:?]
	at net.minecraft.class_310.method_1507(class_310.java:1080) ~[client-intermediary.jar:?]
	at net.minecraft.class_442.method_19861(class_442.java:159) ~[client-intermediary.jar:?]
	at net.minecraft.class_4185.method_25306(class_4185.java:94) ~[client-intermediary.jar:?]
	at net.minecraft.class_4264.method_25348(class_4264.java:56) ~[client-intermediary.jar:?]
	at net.minecraft.class_339.method_25402(class_339.java:189) ~[client-intermediary.jar:?]
	at net.minecraft.class_4069.method_25402(class_4069.java:38) ~[client-intermediary.jar:?]
	at net.minecraft.class_442.method_25402(class_442.java:299) ~[client-intermediary.jar:?]
	at net.minecraft.class_312.method_1611(class_312.java:98) ~[client-intermediary.jar:?]
	at net.minecraft.class_437.method_25412(class_437.java:409) ~[client-intermediary.jar:?]
	at net.minecraft.class_312.method_1601(class_312.java:98) ~[client-intermediary.jar:?]
	at net.minecraft.class_312.method_22686(class_312.java:169) ~[client-intermediary.jar:?]
	at net.minecraft.class_1255.execute(class_1255.java:102) ~[client-intermediary.jar:?]
	at net.minecraft.class_312.method_22684(class_312.java:169) ~[client-intermediary.jar:?]
	at org.lwjgl.glfw.GLFWMouseButtonCallbackI.callback(GLFWMouseButtonCallbackI.java:43) ~[lwjgl-glfw-3.3.1.jar:?]
	at org.lwjgl.system.JNI.invokeV(Native Method) ~[lwjgl-3.3.1.jar:?]
	at org.lwjgl.glfw.GLFW.glfwPollEvents(GLFW.java:3403) ~[lwjgl-glfw-3.3.1.jar:?]
	at com.mojang.blaze3d.systems.RenderSystem.pollEvents(RenderSystem.java:201) ~[client-intermediary.jar:?]
	at com.mojang.blaze3d.systems.RenderSystem.flipFrame(RenderSystem.java:219) ~[client-intermediary.jar:?]
	at net.minecraft.class_1041.method_15998(class_1041.java:288) ~[client-intermediary.jar:?]
	at net.minecraft.class_310.method_1523(class_310.java:1241) ~[client-intermediary.jar:?]
	at net.minecraft.class_310.method_1514(class_310.java:802) ~[client-intermediary.jar:?]
	at net.minecraft.client.main.Main.main(Main.java:250) ~[minecraft-1.20.1-client.jar:?]
	at net.fabricmc.loader.impl.game.minecraft.MinecraftGameProvider.launch(MinecraftGameProvider.java:514) ~[fabric-loader-0.19.2.jar:?]
	at net.fabricmc.loader.impl.launch.knot.Knot.launch(Knot.java:72) ~[fabric-loader-0.19.2.jar:?]
	at net.fabricmc.loader.impl.launch.knot.KnotClient.main(KnotClient.java:23) ~[fabric-loader-0.19.2.jar:?]
	at org.prismlauncher.launcher.impl.StandardLauncher.launch(StandardLauncher.java:115) ~[NewLaunch.jar:?]
	at org.prismlauncher.EntryPoint.listen(EntryPoint.java:129) ~[NewLaunch.jar:?]
	at org.prismlauncher.EntryPoint.main(EntryPoint.java:70) ~[NewLaunch.jar:?]
[17:10:39] [Render thread/INFO]: Invalid enchantment to modifier mapping
com.google.gson.JsonSyntaxException: Unknown modifier tconstruct:depth_strider for enchantment minecraft:depth_strider
	at slimeknights.tconstruct.library.modifiers.ModifierManager.apply(ModifierManager.java:209) ~[Hephaestus-1.20.1-3.6.4.305.jar:?]
	at slimeknights.tconstruct.library.modifiers.ModifierManager.method_18788(ModifierManager.java:62) ~[Hephaestus-1.20.1-3.6.4.305.jar:?]
	at net.minecraft.class_4080.method_18790(class_4080.java:13) ~[client-intermediary.jar:?]
	at java.util.concurrent.CompletableFuture$UniAccept.tryFire(CompletableFuture.java:718) ~[?:?]
	at java.util.concurrent.CompletableFuture$Completion.run(CompletableFuture.java:482) ~[?:?]
	at net.minecraft.class_4014.method_18365(class_4014.java:69) ~[client-intermediary.jar:?]
	at net.minecraft.class_1255.method_18859(class_1255.java:156) ~[client-intermediary.jar:?]
	at net.minecraft.class_4093.method_18859(class_4093.java:23) ~[client-intermediary.jar:?]
	at net.minecraft.class_1255.method_16075(class_1255.java:130) ~[client-intermediary.jar:?]
	at net.minecraft.class_1255.method_18857(class_1255.java:139) ~[client-intermediary.jar:?]
	at net.minecraft.class_310.method_18857(class_310.java:25517) ~[client-intermediary.jar:?]
	at net.minecraft.class_525.method_31130(class_525.java:352) ~[client-intermediary.jar:?]
	at net.minecraft.class_528.method_43462(class_528.java:169) ~[client-intermediary.jar:?]
	at net.minecraft.class_528.<init>(class_528.java:95) ~[client-intermediary.jar:?]
	at net.minecraft.class_526.method_25426(class_526.java:54) ~[client-intermediary.jar:?]
	at net.minecraft.class_437.method_25423(class_437.java:297) ~[client-intermediary.jar:?]
	at net.minecraft.class_310.method_1507(class_310.java:1080) ~[client-intermediary.jar:?]
	at net.minecraft.class_442.method_19861(class_442.java:159) ~[client-intermediary.jar:?]
	at net.minecraft.class_4185.method_25306(class_4185.java:94) ~[client-intermediary.jar:?]
	at net.minecraft.class_4264.method_25348(class_4264.java:56) ~[client-intermediary.jar:?]
	at net.minecraft.class_339.method_25402(class_339.java:189) ~[client-intermediary.jar:?]
	at net.minecraft.class_4069.method_25402(class_4069.java:38) ~[client-intermediary.jar:?]
	at net.minecraft.class_442.method_25402(class_442.java:299) ~[client-intermediary.jar:?]
	at net.minecraft.class_312.method_1611(class_312.java:98) ~[client-intermediary.jar:?]
	at net.minecraft.class_437.method_25412(class_437.java:409) ~[client-intermediary.jar:?]
	at net.minecraft.class_312.method_1601(class_312.java:98) ~[client-intermediary.jar:?]
	at net.minecraft.class_312.method_22686(class_312.java:169) ~[client-intermediary.jar:?]
	at net.minecraft.class_1255.execute(class_1255.java:102) ~[client-intermediary.jar:?]
	at net.minecraft.class_312.method_22684(class_312.java:169) ~[client-intermediary.jar:?]
	at org.lwjgl.glfw.GLFWMouseButtonCallbackI.callback(GLFWMouseButtonCallbackI.java:43) ~[lwjgl-glfw-3.3.1.jar:?]
	at org.lwjgl.system.JNI.invokeV(Native Method) ~[lwjgl-3.3.1.jar:?]
	at org.lwjgl.glfw.GLFW.glfwPollEvents(GLFW.java:3403) ~[lwjgl-glfw-3.3.1.jar:?]
	at com.mojang.blaze3d.systems.RenderSystem.pollEvents(RenderSystem.java:201) ~[client-intermediary.jar:?]
	at com.mojang.blaze3d.systems.RenderSystem.flipFrame(RenderSystem.java:219) ~[client-intermediary.jar:?]
	at net.minecraft.class_1041.method_15998(class_1041.java:288) ~[client-intermediary.jar:?]
	at net.minecraft.class_310.method_1523(class_310.java:1241) ~[client-intermediary.jar:?]
	at net.minecraft.class_310.method_1514(class_310.java:802) ~[client-intermediary.jar:?]
	at net.minecraft.client.main.Main.main(Main.java:250) ~[minecraft-1.20.1-client.jar:?]
	at net.fabricmc.loader.impl.game.minecraft.MinecraftGameProvider.launch(MinecraftGameProvider.java:514) ~[fabric-loader-0.19.2.jar:?]
	at net.fabricmc.loader.impl.launch.knot.Knot.launch(Knot.java:72) ~[fabric-loader-0.19.2.jar:?]
	at net.fabricmc.loader.impl.launch.knot.KnotClient.main(KnotClient.java:23) ~[fabric-loader-0.19.2.jar:?]
	at org.prismlauncher.launcher.impl.StandardLauncher.launch(StandardLauncher.java:115) ~[NewLaunch.jar:?]
	at org.prismlauncher.EntryPoint.listen(EntryPoint.java:129) ~[NewLaunch.jar:?]
	at org.prismlauncher.EntryPoint.main(EntryPoint.java:70) ~[NewLaunch.jar:?]
[17:10:39] [Render thread/INFO]: Invalid enchantment to modifier mapping
com.google.gson.JsonSyntaxException: Invalid enchantment ID minecraft:frost_walker
	at slimeknights.tconstruct.library.modifiers.ModifierManager.apply(ModifierManager.java:223) ~[Hephaestus-1.20.1-3.6.4.305.jar:?]
	at slimeknights.tconstruct.library.modifiers.ModifierManager.method_18788(ModifierManager.java:62) ~[Hephaestus-1.20.1-3.6.4.305.jar:?]
	at net.minecraft.class_4080.method_18790(class_4080.java:13) ~[client-intermediary.jar:?]
	at java.util.concurrent.CompletableFuture$UniAccept.tryFire(CompletableFuture.java:718) ~[?:?]
	at java.util.concurrent.CompletableFuture$Completion.run(CompletableFuture.java:482) ~[?:?]
	at net.minecraft.class_4014.method_18365(class_4014.java:69) ~[client-intermediary.jar:?]
	at net.minecraft.class_1255.method_18859(class_1255.java:156) ~[client-intermediary.jar:?]
	at net.minecraft.class_4093.method_18859(class_4093.java:23) ~[client-intermediary.jar:?]
	at net.minecraft.class_1255.method_16075(class_1255.java:130) ~[client-intermediary.jar:?]
	at net.minecraft.class_1255.method_18857(class_1255.java:139) ~[client-intermediary.jar:?]
	at net.minecraft.class_310.method_18857(class_310.java:25517) ~[client-intermediary.jar:?]
	at net.minecraft.class_525.method_31130(class_525.java:352) ~[client-intermediary.jar:?]
	at net.minecraft.class_528.method_43462(class_528.java:169) ~[client-intermediary.jar:?]
	at net.minecraft.class_528.<init>(class_528.java:95) ~[client-intermediary.jar:?]
	at net.minecraft.class_526.method_25426(class_526.java:54) ~[client-intermediary.jar:?]
	at net.minecraft.class_437.method_25423(class_437.java:297) ~[client-intermediary.jar:?]
	at net.minecraft.class_310.method_1507(class_310.java:1080) ~[client-intermediary.jar:?]
	at net.minecraft.class_442.method_19861(class_442.java:159) ~[client-intermediary.jar:?]
	at net.minecraft.class_4185.method_25306(class_4185.java:94) ~[client-intermediary.jar:?]
	at net.minecraft.class_4264.method_25348(class_4264.java:56) ~[client-intermediary.jar:?]
	at net.minecraft.class_339.method_25402(class_339.java:189) ~[client-intermediary.jar:?]
	at net.minecraft.class_4069.method_25402(class_4069.java:38) ~[client-intermediary.jar:?]
	at net.minecraft.class_442.method_25402(class_442.java:299) ~[client-intermediary.jar:?]
	at net.minecraft.class_312.method_1611(class_312.java:98) ~[client-intermediary.jar:?]
	at net.minecraft.class_437.method_25412(class_437.java:409) ~[client-intermediary.jar:?]
	at net.minecraft.class_312.method_1601(class_312.java:98) ~[client-intermediary.jar:?]
	at net.minecraft.class_312.method_22686(class_312.java:169) ~[client-intermediary.jar:?]
	at net.minecraft.class_1255.execute(class_1255.java:102) ~[client-intermediary.jar:?]
	at net.minecraft.class_312.method_22684(class_312.java:169) ~[client-intermediary.jar:?]
	at org.lwjgl.glfw.GLFWMouseButtonCallbackI.callback(GLFWMouseButtonCallbackI.java:43) ~[lwjgl-glfw-3.3.1.jar:?]
	at org.lwjgl.system.JNI.invokeV(Native Method) ~[lwjgl-3.3.1.jar:?]
	at org.lwjgl.glfw.GLFW.glfwPollEvents(GLFW.java:3403) ~[lwjgl-glfw-3.3.1.jar:?]
	at com.mojang.blaze3d.systems.RenderSystem.pollEvents(RenderSystem.java:201) ~[client-intermediary.jar:?]
	at com.mojang.blaze3d.systems.RenderSystem.flipFrame(RenderSystem.java:219) ~[client-intermediary.jar:?]
	at net.minecraft.class_1041.method_15998(class_1041.java:288) ~[client-intermediary.jar:?]
	at net.minecraft.class_310.method_1523(class_310.java:1241) ~[client-intermediary.jar:?]
	at net.minecraft.class_310.method_1514(class_310.java:802) ~[client-intermediary.jar:?]
	at net.minecraft.client.main.Main.main(Main.java:250) ~[minecraft-1.20.1-client.jar:?]
	at net.fabricmc.loader.impl.game.minecraft.MinecraftGameProvider.launch(MinecraftGameProvider.java:514) ~[fabric-loader-0.19.2.jar:?]
	at net.fabricmc.loader.impl.launch.knot.Knot.launch(Knot.java:72) ~[fabric-loader-0.19.2.jar:?]
	at net.fabricmc.loader.impl.launch.knot.KnotClient.main(KnotClient.java:23) ~[fabric-loader-0.19.2.jar:?]
	at org.prismlauncher.launcher.impl.StandardLauncher.launch(StandardLauncher.java:115) ~[NewLaunch.jar:?]
	at org.prismlauncher.EntryPoint.listen(EntryPoint.java:129) ~[NewLaunch.jar:?]
	at org.prismlauncher.EntryPoint.main(EntryPoint.java:70) ~[NewLaunch.jar:?]
[17:10:39] [Render thread/INFO]: Invalid enchantment to modifier mapping
com.google.gson.JsonSyntaxException: Invalid enchantment ID minecraft:soul_speed
	at slimeknights.tconstruct.library.modifiers.ModifierManager.apply(ModifierManager.java:223) ~[Hephaestus-1.20.1-3.6.4.305.jar:?]
	at slimeknights.tconstruct.library.modifiers.ModifierManager.method_18788(ModifierManager.java:62) ~[Hephaestus-1.20.1-3.6.4.305.jar:?]
	at net.minecraft.class_4080.method_18790(class_4080.java:13) ~[client-intermediary.jar:?]
	at java.util.concurrent.CompletableFuture$UniAccept.tryFire(CompletableFuture.java:718) ~[?:?]
	at java.util.concurrent.CompletableFuture$Completion.run(CompletableFuture.java:482) ~[?:?]
	at net.minecraft.class_4014.method_18365(class_4014.java:69) ~[client-intermediary.jar:?]
	at net.minecraft.class_1255.method_18859(class_1255.java:156) ~[client-intermediary.jar:?]
	at net.minecraft.class_4093.method_18859(class_4093.java:23) ~[client-intermediary.jar:?]
	at net.minecraft.class_1255.method_16075(class_1255.java:130) ~[client-intermediary.jar:?]
	at net.minecraft.class_1255.method_18857(class_1255.java:139) ~[client-intermediary.jar:?]
	at net.minecraft.class_310.method_18857(class_310.java:25517) ~[client-intermediary.jar:?]
	at net.minecraft.class_525.method_31130(class_525.java:352) ~[client-intermediary.jar:?]
	at net.minecraft.class_528.method_43462(class_528.java:169) ~[client-intermediary.jar:?]
	at net.minecraft.class_528.<init>(class_528.java:95) ~[client-intermediary.jar:?]
	at net.minecraft.class_526.method_25426(class_526.java:54) ~[client-intermediary.jar:?]
	at net.minecraft.class_437.method_25423(class_437.java:297) ~[client-intermediary.jar:?]
	at net.minecraft.class_310.method_1507(class_310.java:1080) ~[client-intermediary.jar:?]
	at net.minecraft.class_442.method_19861(class_442.java:159) ~[client-intermediary.jar:?]
	at net.minecraft.class_4185.method_25306(class_4185.java:94) ~[client-intermediary.jar:?]
	at net.minecraft.class_4264.method_25348(class_4264.java:56) ~[client-intermediary.jar:?]
	at net.minecraft.class_339.method_25402(class_339.java:189) ~[client-intermediary.jar:?]
	at net.minecraft.class_4069.method_25402(class_4069.java:38) ~[client-intermediary.jar:?]
	at net.minecraft.class_442.method_25402(class_442.java:299) ~[client-intermediary.jar:?]
	at net.minecraft.class_312.method_1611(class_312.java:98) ~[client-intermediary.jar:?]
	at net.minecraft.class_437.method_25412(class_437.java:409) ~[client-intermediary.jar:?]
	at net.minecraft.class_312.method_1601(class_312.java:98) ~[client-intermediary.jar:?]
	at net.minecraft.class_312.method_22686(class_312.java:169) ~[client-intermediary.jar:?]
	at net.minecraft.class_1255.execute(class_1255.java:102) ~[client-intermediary.jar:?]
	at net.minecraft.class_312.method_22684(class_312.java:169) ~[client-intermediary.jar:?]
	at org.lwjgl.glfw.GLFWMouseButtonCallbackI.callback(GLFWMouseButtonCallbackI.java:43) ~[lwjgl-glfw-3.3.1.jar:?]
	at org.lwjgl.system.JNI.invokeV(Native Method) ~[lwjgl-3.3.1.jar:?]
	at org.lwjgl.glfw.GLFW.glfwPollEvents(GLFW.java:3403) ~[lwjgl-glfw-3.3.1.jar:?]
	at com.mojang.blaze3d.systems.RenderSystem.pollEvents(RenderSystem.java:201) ~[client-intermediary.jar:?]
	at com.mojang.blaze3d.systems.RenderSystem.flipFrame(RenderSystem.java:219) ~[client-intermediary.jar:?]
	at net.minecraft.class_1041.method_15998(class_1041.java:288) ~[client-intermediary.jar:?]
	at net.minecraft.class_310.method_1523(class_310.java:1241) ~[client-intermediary.jar:?]
	at net.minecraft.class_310.method_1514(class_310.java:802) ~[client-intermediary.jar:?]
	at net.minecraft.client.main.Main.main(Main.java:250) ~[minecraft-1.20.1-client.jar:?]
	at net.fabricmc.loader.impl.game.minecraft.MinecraftGameProvider.launch(MinecraftGameProvider.java:514) ~[fabric-loader-0.19.2.jar:?]
	at net.fabricmc.loader.impl.launch.knot.Knot.launch(Knot.java:72) ~[fabric-loader-0.19.2.jar:?]
	at net.fabricmc.loader.impl.launch.knot.KnotClient.main(KnotClient.java:23) ~[fabric-loader-0.19.2.jar:?]
	at org.prismlauncher.launcher.impl.StandardLauncher.launch(StandardLauncher.java:115) ~[NewLaunch.jar:?]
	at org.prismlauncher.EntryPoint.listen(EntryPoint.java:129) ~[NewLaunch.jar:?]
	at org.prismlauncher.EntryPoint.main(EntryPoint.java:70) ~[NewLaunch.jar:?]
[17:10:39] [Render thread/INFO]: Invalid enchantment to modifier mapping
com.google.gson.JsonSyntaxException: Invalid enchantment ID minecraft:sharpness
	at slimeknights.tconstruct.library.modifiers.ModifierManager.apply(ModifierManager.java:223) ~[Hephaestus-1.20.1-3.6.4.305.jar:?]
	at slimeknights.tconstruct.library.modifiers.ModifierManager.method_18788(ModifierManager.java:62) ~[Hephaestus-1.20.1-3.6.4.305.jar:?]
	at net.minecraft.class_4080.method_18790(class_4080.java:13) ~[client-intermediary.jar:?]
	at java.util.concurrent.CompletableFuture$UniAccept.tryFire(CompletableFuture.java:718) ~[?:?]
	at java.util.concurrent.CompletableFuture$Completion.run(CompletableFuture.java:482) ~[?:?]
	at net.minecraft.class_4014.method_18365(class_4014.java:69) ~[client-intermediary.jar:?]
	at net.minecraft.class_1255.method_18859(class_1255.java:156) ~[client-intermediary.jar:?]
	at net.minecraft.class_4093.method_18859(class_4093.java:23) ~[client-intermediary.jar:?]
	at net.minecraft.class_1255.method_16075(class_1255.java:130) ~[client-intermediary.jar:?]
	at net.minecraft.class_1255.method_18857(class_1255.java:139) ~[client-intermediary.jar:?]
	at net.minecraft.class_310.method_18857(class_310.java:25517) ~[client-intermediary.jar:?]
	at net.minecraft.class_525.method_31130(class_525.java:352) ~[client-intermediary.jar:?]
	at net.minecraft.class_528.method_43462(class_528.java:169) ~[client-intermediary.jar:?]
	at net.minecraft.class_528.<init>(class_528.java:95) ~[client-intermediary.jar:?]
	at net.minecraft.class_526.method_25426(class_526.java:54) ~[client-intermediary.jar:?]
	at net.minecraft.class_437.method_25423(class_437.java:297) ~[client-intermediary.jar:?]
	at net.minecraft.class_310.method_1507(class_310.java:1080) ~[client-intermediary.jar:?]
	at net.minecraft.class_442.method_19861(class_442.java:159) ~[client-intermediary.jar:?]
	at net.minecraft.class_4185.method_25306(class_4185.java:94) ~[client-intermediary.jar:?]
	at net.minecraft.class_4264.method_25348(class_4264.java:56) ~[client-intermediary.jar:?]
	at net.minecraft.class_339.method_25402(class_339.java:189) ~[client-intermediary.jar:?]
	at net.minecraft.class_4069.method_25402(class_4069.java:38) ~[client-intermediary.jar:?]
	at net.minecraft.class_442.method_25402(class_442.java:299) ~[client-intermediary.jar:?]
	at net.minecraft.class_312.method_1611(class_312.java:98) ~[client-intermediary.jar:?]
	at net.minecraft.class_437.method_25412(class_437.java:409) ~[client-intermediary.jar:?]
	at net.minecraft.class_312.method_1601(class_312.java:98) ~[client-intermediary.jar:?]
	at net.minecraft.class_312.method_22686(class_312.java:169) ~[client-intermediary.jar:?]
	at net.minecraft.class_1255.execute(class_1255.java:102) ~[client-intermediary.jar:?]
	at net.minecraft.class_312.method_22684(class_312.java:169) ~[client-intermediary.jar:?]
	at org.lwjgl.glfw.GLFWMouseButtonCallbackI.callback(GLFWMouseButtonCallbackI.java:43) ~[lwjgl-glfw-3.3.1.jar:?]
	at org.lwjgl.system.JNI.invokeV(Native Method) ~[lwjgl-3.3.1.jar:?]
	at org.lwjgl.glfw.GLFW.glfwPollEvents(GLFW.java:3403) ~[lwjgl-glfw-3.3.1.jar:?]
	at com.mojang.blaze3d.systems.RenderSystem.pollEvents(RenderSystem.java:201) ~[client-intermediary.jar:?]
	at com.mojang.blaze3d.systems.RenderSystem.flipFrame(RenderSystem.java:219) ~[client-intermediary.jar:?]
	at net.minecraft.class_1041.method_15998(class_1041.java:288) ~[client-intermediary.jar:?]
	at net.minecraft.class_310.method_1523(class_310.java:1241) ~[client-intermediary.jar:?]
	at net.minecraft.class_310.method_1514(class_310.java:802) ~[client-intermediary.jar:?]
	at net.minecraft.client.main.Main.main(Main.java:250) ~[minecraft-1.20.1-client.jar:?]
	at net.fabricmc.loader.impl.game.minecraft.MinecraftGameProvider.launch(MinecraftGameProvider.java:514) ~[fabric-loader-0.19.2.jar:?]
	at net.fabricmc.loader.impl.launch.knot.Knot.launch(Knot.java:72) ~[fabric-loader-0.19.2.jar:?]
	at net.fabricmc.loader.impl.launch.knot.KnotClient.main(KnotClient.java:23) ~[fabric-loader-0.19.2.jar:?]
	at org.prismlauncher.launcher.impl.StandardLauncher.launch(StandardLauncher.java:115) ~[NewLaunch.jar:?]
	at org.prismlauncher.EntryPoint.listen(EntryPoint.java:129) ~[NewLaunch.jar:?]
	at org.prismlauncher.EntryPoint.main(EntryPoint.java:70) ~[NewLaunch.jar:?]
[17:10:39] [Render thread/INFO]: Invalid enchantment to modifier mapping
com.google.gson.JsonSyntaxException: Invalid enchantment ID minecraft:smite
	at slimeknights.tconstruct.library.modifiers.ModifierManager.apply(ModifierManager.java:223) ~[Hephaestus-1.20.1-3.6.4.305.jar:?]
	at slimeknights.tconstruct.library.modifiers.ModifierManager.method_18788(ModifierManager.java:62) ~[Hephaestus-1.20.1-3.6.4.305.jar:?]
	at net.minecraft.class_4080.method_18790(class_4080.java:13) ~[client-intermediary.jar:?]
	at java.util.concurrent.CompletableFuture$UniAccept.tryFire(CompletableFuture.java:718) ~[?:?]
	at java.util.concurrent.CompletableFuture$Completion.run(CompletableFuture.java:482) ~[?:?]
	at net.minecraft.class_4014.method_18365(class_4014.java:69) ~[client-intermediary.jar:?]
	at net.minecraft.class_1255.method_18859(class_1255.java:156) ~[client-intermediary.jar:?]
	at net.minecraft.class_4093.method_18859(class_4093.java:23) ~[client-intermediary.jar:?]
	at net.minecraft.class_1255.method_16075(class_1255.java:130) ~[client-intermediary.jar:?]
	at net.minecraft.class_1255.method_18857(class_1255.java:139) ~[client-intermediary.jar:?]
	at net.minecraft.class_310.method_18857(class_310.java:25517) ~[client-intermediary.jar:?]
	at net.minecraft.class_525.method_31130(class_525.java:352) ~[client-intermediary.jar:?]
	at net.minecraft.class_528.method_43462(class_528.java:169) ~[client-intermediary.jar:?]
	at net.minecraft.class_528.<init>(class_528.java:95) ~[client-intermediary.jar:?]
	at net.minecraft.class_526.method_25426(class_526.java:54) ~[client-intermediary.jar:?]
	at net.minecraft.class_437.method_25423(class_437.java:297) ~[client-intermediary.jar:?]
	at net.minecraft.class_310.method_1507(class_310.java:1080) ~[client-intermediary.jar:?]
	at net.minecraft.class_442.method_19861(class_442.java:159) ~[client-intermediary.jar:?]
	at net.minecraft.class_4185.method_25306(class_4185.java:94) ~[client-intermediary.jar:?]
	at net.minecraft.class_4264.method_25348(class_4264.java:56) ~[client-intermediary.jar:?]
	at net.minecraft.class_339.method_25402(class_339.java:189) ~[client-intermediary.jar:?]
	at net.minecraft.class_4069.method_25402(class_4069.java:38) ~[client-intermediary.jar:?]
	at net.minecraft.class_442.method_25402(class_442.java:299) ~[client-intermediary.jar:?]
	at net.minecraft.class_312.method_1611(class_312.java:98) ~[client-intermediary.jar:?]
	at net.minecraft.class_437.method_25412(class_437.java:409) ~[client-intermediary.jar:?]
	at net.minecraft.class_312.method_1601(class_312.java:98) ~[client-intermediary.jar:?]
	at net.minecraft.class_312.method_22686(class_312.java:169) ~[client-intermediary.jar:?]
	at net.minecraft.class_1255.execute(class_1255.java:102) ~[client-intermediary.jar:?]
	at net.minecraft.class_312.method_22684(class_312.java:169) ~[client-intermediary.jar:?]
	at org.lwjgl.glfw.GLFWMouseButtonCallbackI.callback(GLFWMouseButtonCallbackI.java:43) ~[lwjgl-glfw-3.3.1.jar:?]
	at org.lwjgl.system.JNI.invokeV(Native Method) ~[lwjgl-3.3.1.jar:?]
	at org.lwjgl.glfw.GLFW.glfwPollEvents(GLFW.java:3403) ~[lwjgl-glfw-3.3.1.jar:?]
	at com.mojang.blaze3d.systems.RenderSystem.pollEvents(RenderSystem.java:201) ~[client-intermediary.jar:?]
	at com.mojang.blaze3d.systems.RenderSystem.flipFrame(RenderSystem.java:219) ~[client-intermediary.jar:?]
	at net.minecraft.class_1041.method_15998(class_1041.java:288) ~[client-intermediary.jar:?]
	at net.minecraft.class_310.method_1523(class_310.java:1241) ~[client-intermediary.jar:?]
	at net.minecraft.class_310.method_1514(class_310.java:802) ~[client-intermediary.jar:?]
	at net.minecraft.client.main.Main.main(Main.java:250) ~[minecraft-1.20.1-client.jar:?]
	at net.fabricmc.loader.impl.game.minecraft.MinecraftGameProvider.launch(MinecraftGameProvider.java:514) ~[fabric-loader-0.19.2.jar:?]
	at net.fabricmc.loader.impl.launch.knot.Knot.launch(Knot.java:72) ~[fabric-loader-0.19.2.jar:?]
	at net.fabricmc.loader.impl.launch.knot.KnotClient.main(KnotClient.java:23) ~[fabric-loader-0.19.2.jar:?]
	at org.prismlauncher.launcher.impl.StandardLauncher.launch(StandardLauncher.java:115) ~[NewLaunch.jar:?]
	at org.prismlauncher.EntryPoint.listen(EntryPoint.java:129) ~[NewLaunch.jar:?]
	at org.prismlauncher.EntryPoint.main(EntryPoint.java:70) ~[NewLaunch.jar:?]
[17:10:39] [Render thread/INFO]: Invalid enchantment to modifier mapping
com.google.gson.JsonSyntaxException: Invalid enchantment ID minecraft:bane_of_arthropods
	at slimeknights.tconstruct.library.modifiers.ModifierManager.apply(ModifierManager.java:223) ~[Hephaestus-1.20.1-3.6.4.305.jar:?]
	at slimeknights.tconstruct.library.modifiers.ModifierManager.method_18788(ModifierManager.java:62) ~[Hephaestus-1.20.1-3.6.4.305.jar:?]
	at net.minecraft.class_4080.method_18790(class_4080.java:13) ~[client-intermediary.jar:?]
	at java.util.concurrent.CompletableFuture$UniAccept.tryFire(CompletableFuture.java:718) ~[?:?]
	at java.util.concurrent.CompletableFuture$Completion.run(CompletableFuture.java:482) ~[?:?]
	at net.minecraft.class_4014.method_18365(class_4014.java:69) ~[client-intermediary.jar:?]
	at net.minecraft.class_1255.method_18859(class_1255.java:156) ~[client-intermediary.jar:?]
	at net.minecraft.class_4093.method_18859(class_4093.java:23) ~[client-intermediary.jar:?]
	at net.minecraft.class_1255.method_16075(class_1255.java:130) ~[client-intermediary.jar:?]
	at net.minecraft.class_1255.method_18857(class_1255.java:139) ~[client-intermediary.jar:?]
	at net.minecraft.class_310.method_18857(class_310.java:25517) ~[client-intermediary.jar:?]
	at net.minecraft.class_525.method_31130(class_525.java:352) ~[client-intermediary.jar:?]
	at net.minecraft.class_528.method_43462(class_528.java:169) ~[client-intermediary.jar:?]
	at net.minecraft.class_528.<init>(class_528.java:95) ~[client-intermediary.jar:?]
	at net.minecraft.class_526.method_25426(class_526.java:54) ~[client-intermediary.jar:?]
	at net.minecraft.class_437.method_25423(class_437.java:297) ~[client-intermediary.jar:?]
	at net.minecraft.class_310.method_1507(class_310.java:1080) ~[client-intermediary.jar:?]
	at net.minecraft.class_442.method_19861(class_442.java:159) ~[client-intermediary.jar:?]
	at net.minecraft.class_4185.method_25306(class_4185.java:94) ~[client-intermediary.jar:?]
	at net.minecraft.class_4264.method_25348(class_4264.java:56) ~[client-intermediary.jar:?]
	at net.minecraft.class_339.method_25402(class_339.java:189) ~[client-intermediary.jar:?]
	at net.minecraft.class_4069.method_25402(class_4069.java:38) ~[client-intermediary.jar:?]
	at net.minecraft.class_442.method_25402(class_442.java:299) ~[client-intermediary.jar:?]
	at net.minecraft.class_312.method_1611(class_312.java:98) ~[client-intermediary.jar:?]
	at net.minecraft.class_437.method_25412(class_437.java:409) ~[client-intermediary.jar:?]
	at net.minecraft.class_312.method_1601(class_312.java:98) ~[client-intermediary.jar:?]
	at net.minecraft.class_312.method_22686(class_312.java:169) ~[client-intermediary.jar:?]
	at net.minecraft.class_1255.execute(class_1255.java:102) ~[client-intermediary.jar:?]
	at net.minecraft.class_312.method_22684(class_312.java:169) ~[client-intermediary.jar:?]
	at org.lwjgl.glfw.GLFWMouseButtonCallbackI.callback(GLFWMouseButtonCallbackI.java:43) ~[lwjgl-glfw-3.3.1.jar:?]
	at org.lwjgl.system.JNI.invokeV(Native Method) ~[lwjgl-3.3.1.jar:?]
	at org.lwjgl.glfw.GLFW.glfwPollEvents(GLFW.java:3403) ~[lwjgl-glfw-3.3.1.jar:?]
	at com.mojang.blaze3d.systems.RenderSystem.pollEvents(RenderSystem.java:201) ~[client-intermediary.jar:?]
	at com.mojang.blaze3d.systems.RenderSystem.flipFrame(RenderSystem.java:219) ~[client-intermediary.jar:?]
	at net.minecraft.class_1041.method_15998(class_1041.java:288) ~[client-intermediary.jar:?]
	at net.minecraft.class_310.method_1523(class_310.java:1241) ~[client-intermediary.jar:?]
	at net.minecraft.class_310.method_1514(class_310.java:802) ~[client-intermediary.jar:?]
	at net.minecraft.client.main.Main.main(Main.java:250) ~[minecraft-1.20.1-client.jar:?]
	at net.fabricmc.loader.impl.game.minecraft.MinecraftGameProvider.launch(MinecraftGameProvider.java:514) ~[fabric-loader-0.19.2.jar:?]
	at net.fabricmc.loader.impl.launch.knot.Knot.launch(Knot.java:72) ~[fabric-loader-0.19.2.jar:?]
	at net.fabricmc.loader.impl.launch.knot.KnotClient.main(KnotClient.java:23) ~[fabric-loader-0.19.2.jar:?]
	at org.prismlauncher.launcher.impl.StandardLauncher.launch(StandardLauncher.java:115) ~[NewLaunch.jar:?]
	at org.prismlauncher.EntryPoint.listen(EntryPoint.java:129) ~[NewLaunch.jar:?]
	at org.prismlauncher.EntryPoint.main(EntryPoint.java:70) ~[NewLaunch.jar:?]
[17:10:39] [Render thread/INFO]: Invalid enchantment to modifier mapping
com.google.gson.JsonSyntaxException: Invalid enchantment ID minecraft:knockback
	at slimeknights.tconstruct.library.modifiers.ModifierManager.apply(ModifierManager.java:223) ~[Hephaestus-1.20.1-3.6.4.305.jar:?]
	at slimeknights.tconstruct.library.modifiers.ModifierManager.method_18788(ModifierManager.java:62) ~[Hephaestus-1.20.1-3.6.4.305.jar:?]
	at net.minecraft.class_4080.method_18790(class_4080.java:13) ~[client-intermediary.jar:?]
	at java.util.concurrent.CompletableFuture$UniAccept.tryFire(CompletableFuture.java:718) ~[?:?]
	at java.util.concurrent.CompletableFuture$Completion.run(CompletableFuture.java:482) ~[?:?]
	at net.minecraft.class_4014.method_18365(class_4014.java:69) ~[client-intermediary.jar:?]
	at net.minecraft.class_1255.method_18859(class_1255.java:156) ~[client-intermediary.jar:?]
	at net.minecraft.class_4093.method_18859(class_4093.java:23) ~[client-intermediary.jar:?]
	at net.minecraft.class_1255.method_16075(class_1255.java:130) ~[client-intermediary.jar:?]
	at net.minecraft.class_1255.method_18857(class_1255.java:139) ~[client-intermediary.jar:?]
	at net.minecraft.class_310.method_18857(class_310.java:25517) ~[client-intermediary.jar:?]
	at net.minecraft.class_525.method_31130(class_525.java:352) ~[client-intermediary.jar:?]
	at net.minecraft.class_528.method_43462(class_528.java:169) ~[client-intermediary.jar:?]
	at net.minecraft.class_528.<init>(class_528.java:95) ~[client-intermediary.jar:?]
	at net.minecraft.class_526.method_25426(class_526.java:54) ~[client-intermediary.jar:?]
	at net.minecraft.class_437.method_25423(class_437.java:297) ~[client-intermediary.jar:?]
	at net.minecraft.class_310.method_1507(class_310.java:1080) ~[client-intermediary.jar:?]
	at net.minecraft.class_442.method_19861(class_442.java:159) ~[client-intermediary.jar:?]
	at net.minecraft.class_4185.method_25306(class_4185.java:94) ~[client-intermediary.jar:?]
	at net.minecraft.class_4264.method_25348(class_4264.java:56) ~[client-intermediary.jar:?]
	at net.minecraft.class_339.method_25402(class_339.java:189) ~[client-intermediary.jar:?]
	at net.minecraft.class_4069.method_25402(class_4069.java:38) ~[client-intermediary.jar:?]
	at net.minecraft.class_442.method_25402(class_442.java:299) ~[client-intermediary.jar:?]
	at net.minecraft.class_312.method_1611(class_312.java:98) ~[client-intermediary.jar:?]
	at net.minecraft.class_437.method_25412(class_437.java:409) ~[client-intermediary.jar:?]
	at net.minecraft.class_312.method_1601(class_312.java:98) ~[client-intermediary.jar:?]
	at net.minecraft.class_312.method_22686(class_312.java:169) ~[client-intermediary.jar:?]
	at net.minecraft.class_1255.execute(class_1255.java:102) ~[client-intermediary.jar:?]
	at net.minecraft.class_312.method_22684(class_312.java:169) ~[client-intermediary.jar:?]
	at org.lwjgl.glfw.GLFWMouseButtonCallbackI.callback(GLFWMouseButtonCallbackI.java:43) ~[lwjgl-glfw-3.3.1.jar:?]
	at org.lwjgl.system.JNI.invokeV(Native Method) ~[lwjgl-3.3.1.jar:?]
	at org.lwjgl.glfw.GLFW.glfwPollEvents(GLFW.java:3403) ~[lwjgl-glfw-3.3.1.jar:?]
	at com.mojang.blaze3d.systems.RenderSystem.pollEvents(RenderSystem.java:201) ~[client-intermediary.jar:?]
	at com.mojang.blaze3d.systems.RenderSystem.flipFrame(RenderSystem.java:219) ~[client-intermediary.jar:?]
	at net.minecraft.class_1041.method_15998(class_1041.java:288) ~[client-intermediary.jar:?]
	at net.minecraft.class_310.method_1523(class_310.java:1241) ~[client-intermediary.jar:?]
	at net.minecraft.class_310.method_1514(class_310.java:802) ~[client-intermediary.jar:?]
	at net.minecraft.client.main.Main.main(Main.java:250) ~[minecraft-1.20.1-client.jar:?]
	at net.fabricmc.loader.impl.game.minecraft.MinecraftGameProvider.launch(MinecraftGameProvider.java:514) ~[fabric-loader-0.19.2.jar:?]
	at net.fabricmc.loader.impl.launch.knot.Knot.launch(Knot.java:72) ~[fabric-loader-0.19.2.jar:?]
	at net.fabricmc.loader.impl.launch.knot.KnotClient.main(KnotClient.java:23) ~[fabric-loader-0.19.2.jar:?]
	at org.prismlauncher.launcher.impl.StandardLauncher.launch(StandardLauncher.java:115) ~[NewLaunch.jar:?]
	at org.prismlauncher.EntryPoint.listen(EntryPoint.java:129) ~[NewLaunch.jar:?]
	at org.prismlauncher.EntryPoint.main(EntryPoint.java:70) ~[NewLaunch.jar:?]
[17:10:39] [Render thread/INFO]: Invalid enchantment to modifier mapping
com.google.gson.JsonSyntaxException: Unknown modifier tconstruct:luck for enchantment minecraft:looting
	at slimeknights.tconstruct.library.modifiers.ModifierManager.apply(ModifierManager.java:209) ~[Hephaestus-1.20.1-3.6.4.305.jar:?]
	at slimeknights.tconstruct.library.modifiers.ModifierManager.method_18788(ModifierManager.java:62) ~[Hephaestus-1.20.1-3.6.4.305.jar:?]
	at net.minecraft.class_4080.method_18790(class_4080.java:13) ~[client-intermediary.jar:?]
	at java.util.concurrent.CompletableFuture$UniAccept.tryFire(CompletableFuture.java:718) ~[?:?]
	at java.util.concurrent.CompletableFuture$Completion.run(CompletableFuture.java:482) ~[?:?]
	at net.minecraft.class_4014.method_18365(class_4014.java:69) ~[client-intermediary.jar:?]
	at net.minecraft.class_1255.method_18859(class_1255.java:156) ~[client-intermediary.jar:?]
	at net.minecraft.class_4093.method_18859(class_4093.java:23) ~[client-intermediary.jar:?]
	at net.minecraft.class_1255.method_16075(class_1255.java:130) ~[client-intermediary.jar:?]
	at net.minecraft.class_1255.method_18857(class_1255.java:139) ~[client-intermediary.jar:?]
	at net.minecraft.class_310.method_18857(class_310.java:25517) ~[client-intermediary.jar:?]
	at net.minecraft.class_525.method_31130(class_525.java:352) ~[client-intermediary.jar:?]
	at net.minecraft.class_528.method_43462(class_528.java:169) ~[client-intermediary.jar:?]
	at net.minecraft.class_528.<init>(class_528.java:95) ~[client-intermediary.jar:?]
	at net.minecraft.class_526.method_25426(class_526.java:54) ~[client-intermediary.jar:?]
	at net.minecraft.class_437.method_25423(class_437.java:297) ~[client-intermediary.jar:?]
	at net.minecraft.class_310.method_1507(class_310.java:1080) ~[client-intermediary.jar:?]
	at net.minecraft.class_442.method_19861(class_442.java:159) ~[client-intermediary.jar:?]
	at net.minecraft.class_4185.method_25306(class_4185.java:94) ~[client-intermediary.jar:?]
	at net.minecraft.class_4264.method_25348(class_4264.java:56) ~[client-intermediary.jar:?]
	at net.minecraft.class_339.method_25402(class_339.java:189) ~[client-intermediary.jar:?]
	at net.minecraft.class_4069.method_25402(class_4069.java:38) ~[client-intermediary.jar:?]
	at net.minecraft.class_442.method_25402(class_442.java:299) ~[client-intermediary.jar:?]
	at net.minecraft.class_312.method_1611(class_312.java:98) ~[client-intermediary.jar:?]
	at net.minecraft.class_437.method_25412(class_437.java:409) ~[client-intermediary.jar:?]
	at net.minecraft.class_312.method_1601(class_312.java:98) ~[client-intermediary.jar:?]
	at net.minecraft.class_312.method_22686(class_312.java:169) ~[client-intermediary.jar:?]
	at net.minecraft.class_1255.execute(class_1255.java:102) ~[client-intermediary.jar:?]
	at net.minecraft.class_312.method_22684(class_312.java:169) ~[client-intermediary.jar:?]
	at org.lwjgl.glfw.GLFWMouseButtonCallbackI.callback(GLFWMouseButtonCallbackI.java:43) ~[lwjgl-glfw-3.3.1.jar:?]
	at org.lwjgl.system.JNI.invokeV(Native Method) ~[lwjgl-3.3.1.jar:?]
	at org.lwjgl.glfw.GLFW.glfwPollEvents(GLFW.java:3403) ~[lwjgl-glfw-3.3.1.jar:?]
	at com.mojang.blaze3d.systems.RenderSystem.pollEvents(RenderSystem.java:201) ~[client-intermediary.jar:?]
	at com.mojang.blaze3d.systems.RenderSystem.flipFrame(RenderSystem.java:219) ~[client-intermediary.jar:?]
	at net.minecraft.class_1041.method_15998(class_1041.java:288) ~[client-intermediary.jar:?]
	at net.minecraft.class_310.method_1523(class_310.java:1241) ~[client-intermediary.jar:?]
	at net.minecraft.class_310.method_1514(class_310.java:802) ~[client-intermediary.jar:?]
	at net.minecraft.client.main.Main.main(Main.java:250) ~[minecraft-1.20.1-client.jar:?]
	at net.fabricmc.loader.impl.game.minecraft.MinecraftGameProvider.launch(MinecraftGameProvider.java:514) ~[fabric-loader-0.19.2.jar:?]
	at net.fabricmc.loader.impl.launch.knot.Knot.launch(Knot.java:72) ~[fabric-loader-0.19.2.jar:?]
	at net.fabricmc.loader.impl.launch.knot.KnotClient.main(KnotClient.java:23) ~[fabric-loader-0.19.2.jar:?]
	at org.prismlauncher.launcher.impl.StandardLauncher.launch(StandardLauncher.java:115) ~[NewLaunch.jar:?]
	at org.prismlauncher.EntryPoint.listen(EntryPoint.java:129) ~[NewLaunch.jar:?]
	at org.prismlauncher.EntryPoint.main(EntryPoint.java:70) ~[NewLaunch.jar:?]
[17:10:39] [Render thread/INFO]: Invalid enchantment to modifier mapping
com.google.gson.JsonSyntaxException: Invalid enchantment ID minecraft:sweeping
	at slimeknights.tconstruct.library.modifiers.ModifierManager.apply(ModifierManager.java:223) ~[Hephaestus-1.20.1-3.6.4.305.jar:?]
	at slimeknights.tconstruct.library.modifiers.ModifierManager.method_18788(ModifierManager.java:62) ~[Hephaestus-1.20.1-3.6.4.305.jar:?]
	at net.minecraft.class_4080.method_18790(class_4080.java:13) ~[client-intermediary.jar:?]
	at java.util.concurrent.CompletableFuture$UniAccept.tryFire(CompletableFuture.java:718) ~[?:?]
	at java.util.concurrent.CompletableFuture$Completion.run(CompletableFuture.java:482) ~[?:?]
	at net.minecraft.class_4014.method_18365(class_4014.java:69) ~[client-intermediary.jar:?]
	at net.minecraft.class_1255.method_18859(class_1255.java:156) ~[client-intermediary.jar:?]
	at net.minecraft.class_4093.method_18859(class_4093.java:23) ~[client-intermediary.jar:?]
	at net.minecraft.class_1255.method_16075(class_1255.java:130) ~[client-intermediary.jar:?]
	at net.minecraft.class_1255.method_18857(class_1255.java:139) ~[client-intermediary.jar:?]
	at net.minecraft.class_310.method_18857(class_310.java:25517) ~[client-intermediary.jar:?]
	at net.minecraft.class_525.method_31130(class_525.java:352) ~[client-intermediary.jar:?]
	at net.minecraft.class_528.method_43462(class_528.java:169) ~[client-intermediary.jar:?]
	at net.minecraft.class_528.<init>(class_528.java:95) ~[client-intermediary.jar:?]
	at net.minecraft.class_526.method_25426(class_526.java:54) ~[client-intermediary.jar:?]
	at net.minecraft.class_437.method_25423(class_437.java:297) ~[client-intermediary.jar:?]
	at net.minecraft.class_310.method_1507(class_310.java:1080) ~[client-intermediary.jar:?]
	at net.minecraft.class_442.method_19861(class_442.java:159) ~[client-intermediary.jar:?]
	at net.minecraft.class_4185.method_25306(class_4185.java:94) ~[client-intermediary.jar:?]
	at net.minecraft.class_4264.method_25348(class_4264.java:56) ~[client-intermediary.jar:?]
	at net.minecraft.class_339.method_25402(class_339.java:189) ~[client-intermediary.jar:?]
	at net.minecraft.class_4069.method_25402(class_4069.java:38) ~[client-intermediary.jar:?]
	at net.minecraft.class_442.method_25402(class_442.java:299) ~[client-intermediary.jar:?]
	at net.minecraft.class_312.method_1611(class_312.java:98) ~[client-intermediary.jar:?]
	at net.minecraft.class_437.method_25412(class_437.java:409) ~[client-intermediary.jar:?]
	at net.minecraft.class_312.method_1601(class_312.java:98) ~[client-intermediary.jar:?]
	at net.minecraft.class_312.method_22686(class_312.java:169) ~[client-intermediary.jar:?]
	at net.minecraft.class_1255.execute(class_1255.java:102) ~[client-intermediary.jar:?]
	at net.minecraft.class_312.method_22684(class_312.java:169) ~[client-intermediary.jar:?]
	at org.lwjgl.glfw.GLFWMouseButtonCallbackI.callback(GLFWMouseButtonCallbackI.java:43) ~[lwjgl-glfw-3.3.1.jar:?]
	at org.lwjgl.system.JNI.invokeV(Native Method) ~[lwjgl-3.3.1.jar:?]
	at org.lwjgl.glfw.GLFW.glfwPollEvents(GLFW.java:3403) ~[lwjgl-glfw-3.3.1.jar:?]
	at com.mojang.blaze3d.systems.RenderSystem.pollEvents(RenderSystem.java:201) ~[client-intermediary.jar:?]
	at com.mojang.blaze3d.systems.RenderSystem.flipFrame(RenderSystem.java:219) ~[client-intermediary.jar:?]
	at net.minecraft.class_1041.method_15998(class_1041.java:288) ~[client-intermediary.jar:?]
	at net.minecraft.class_310.method_1523(class_310.java:1241) ~[client-intermediary.jar:?]
	at net.minecraft.class_310.method_1514(class_310.java:802) ~[client-intermediary.jar:?]
	at net.minecraft.client.main.Main.main(Main.java:250) ~[minecraft-1.20.1-client.jar:?]
	at net.fabricmc.loader.impl.game.minecraft.MinecraftGameProvider.launch(MinecraftGameProvider.java:514) ~[fabric-loader-0.19.2.jar:?]
	at net.fabricmc.loader.impl.launch.knot.Knot.launch(Knot.java:72) ~[fabric-loader-0.19.2.jar:?]
	at net.fabricmc.loader.impl.launch.knot.KnotClient.main(KnotClient.java:23) ~[fabric-loader-0.19.2.jar:?]
	at org.prismlauncher.launcher.impl.StandardLauncher.launch(StandardLauncher.java:115) ~[NewLaunch.jar:?]
	at org.prismlauncher.EntryPoint.listen(EntryPoint.java:129) ~[NewLaunch.jar:?]
	at org.prismlauncher.EntryPoint.main(EntryPoint.java:70) ~[NewLaunch.jar:?]
[17:10:39] [Render thread/INFO]: Invalid enchantment to modifier mapping
com.google.gson.JsonSyntaxException: Invalid enchantment ID minecraft:impaling
	at slimeknights.tconstruct.library.modifiers.ModifierManager.apply(ModifierManager.java:223) ~[Hephaestus-1.20.1-3.6.4.305.jar:?]
	at slimeknights.tconstruct.library.modifiers.ModifierManager.method_18788(ModifierManager.java:62) ~[Hephaestus-1.20.1-3.6.4.305.jar:?]
	at net.minecraft.class_4080.method_18790(class_4080.java:13) ~[client-intermediary.jar:?]
	at java.util.concurrent.CompletableFuture$UniAccept.tryFire(CompletableFuture.java:718) ~[?:?]
	at java.util.concurrent.CompletableFuture$Completion.run(CompletableFuture.java:482) ~[?:?]
	at net.minecraft.class_4014.method_18365(class_4014.java:69) ~[client-intermediary.jar:?]
	at net.minecraft.class_1255.method_18859(class_1255.java:156) ~[client-intermediary.jar:?]
	at net.minecraft.class_4093.method_18859(class_4093.java:23) ~[client-intermediary.jar:?]
	at net.minecraft.class_1255.method_16075(class_1255.java:130) ~[client-intermediary.jar:?]
	at net.minecraft.class_1255.method_18857(class_1255.java:139) ~[client-intermediary.jar:?]
	at net.minecraft.class_310.method_18857(class_310.java:25517) ~[client-intermediary.jar:?]
	at net.minecraft.class_525.method_31130(class_525.java:352) ~[client-intermediary.jar:?]
	at net.minecraft.class_528.method_43462(class_528.java:169) ~[client-intermediary.jar:?]
	at net.minecraft.class_528.<init>(class_528.java:95) ~[client-intermediary.jar:?]
	at net.minecraft.class_526.method_25426(class_526.java:54) ~[client-intermediary.jar:?]
	at net.minecraft.class_437.method_25423(class_437.java:297) ~[client-intermediary.jar:?]
	at net.minecraft.class_310.method_1507(class_310.java:1080) ~[client-intermediary.jar:?]
	at net.minecraft.class_442.method_19861(class_442.java:159) ~[client-intermediary.jar:?]
	at net.minecraft.class_4185.method_25306(class_4185.java:94) ~[client-intermediary.jar:?]
	at net.minecraft.class_4264.method_25348(class_4264.java:56) ~[client-intermediary.jar:?]
	at net.minecraft.class_339.method_25402(class_339.java:189) ~[client-intermediary.jar:?]
	at net.minecraft.class_4069.method_25402(class_4069.java:38) ~[client-intermediary.jar:?]
	at net.minecraft.class_442.method_25402(class_442.java:299) ~[client-intermediary.jar:?]
	at net.minecraft.class_312.method_1611(class_312.java:98) ~[client-intermediary.jar:?]
	at net.minecraft.class_437.method_25412(class_437.java:409) ~[client-intermediary.jar:?]
	at net.minecraft.class_312.method_1601(class_312.java:98) ~[client-intermediary.jar:?]
	at net.minecraft.class_312.method_22686(class_312.java:169) ~[client-intermediary.jar:?]
	at net.minecraft.class_1255.execute(class_1255.java:102) ~[client-intermediary.jar:?]
	at net.minecraft.class_312.method_22684(class_312.java:169) ~[client-intermediary.jar:?]
	at org.lwjgl.glfw.GLFWMouseButtonCallbackI.callback(GLFWMouseButtonCallbackI.java:43) ~[lwjgl-glfw-3.3.1.jar:?]
	at org.lwjgl.system.JNI.invokeV(Native Method) ~[lwjgl-3.3.1.jar:?]
	at org.lwjgl.glfw.GLFW.glfwPollEvents(GLFW.java:3403) ~[lwjgl-glfw-3.3.1.jar:?]
	at com.mojang.blaze3d.systems.RenderSystem.pollEvents(RenderSystem.java:201) ~[client-intermediary.jar:?]
	at com.mojang.blaze3d.systems.RenderSystem.flipFrame(RenderSystem.java:219) ~[client-intermediary.jar:?]
	at net.minecraft.class_1041.method_15998(class_1041.java:288) ~[client-intermediary.jar:?]
	at net.minecraft.class_310.method_1523(class_310.java:1241) ~[client-intermediary.jar:?]
	at net.minecraft.class_310.method_1514(class_310.java:802) ~[client-intermediary.jar:?]
	at net.minecraft.client.main.Main.main(Main.java:250) ~[minecraft-1.20.1-client.jar:?]
	at net.fabricmc.loader.impl.game.minecraft.MinecraftGameProvider.launch(MinecraftGameProvider.java:514) ~[fabric-loader-0.19.2.jar:?]
	at net.fabricmc.loader.impl.launch.knot.Knot.launch(Knot.java:72) ~[fabric-loader-0.19.2.jar:?]
	at net.fabricmc.loader.impl.launch.knot.KnotClient.main(KnotClient.java:23) ~[fabric-loader-0.19.2.jar:?]
	at org.prismlauncher.launcher.impl.StandardLauncher.launch(StandardLauncher.java:115) ~[NewLaunch.jar:?]
	at org.prismlauncher.EntryPoint.listen(EntryPoint.java:129) ~[NewLaunch.jar:?]
	at org.prismlauncher.EntryPoint.main(EntryPoint.java:70) ~[NewLaunch.jar:?]
[17:10:39] [Render thread/INFO]: Invalid enchantment to modifier mapping
com.google.gson.JsonSyntaxException: Unknown modifier tconstruct:luck for enchantment minecraft:fortune
	at slimeknights.tconstruct.library.modifiers.ModifierManager.apply(ModifierManager.java:209) ~[Hephaestus-1.20.1-3.6.4.305.jar:?]
	at slimeknights.tconstruct.library.modifiers.ModifierManager.method_18788(ModifierManager.java:62) ~[Hephaestus-1.20.1-3.6.4.305.jar:?]
	at net.minecraft.class_4080.method_18790(class_4080.java:13) ~[client-intermediary.jar:?]
	at java.util.concurrent.CompletableFuture$UniAccept.tryFire(CompletableFuture.java:718) ~[?:?]
	at java.util.concurrent.CompletableFuture$Completion.run(CompletableFuture.java:482) ~[?:?]
	at net.minecraft.class_4014.method_18365(class_4014.java:69) ~[client-intermediary.jar:?]
	at net.minecraft.class_1255.method_18859(class_1255.java:156) ~[client-intermediary.jar:?]
	at net.minecraft.class_4093.method_18859(class_4093.java:23) ~[client-intermediary.jar:?]
	at net.minecraft.class_1255.method_16075(class_1255.java:130) ~[client-intermediary.jar:?]
	at net.minecraft.class_1255.method_18857(class_1255.java:139) ~[client-intermediary.jar:?]
	at net.minecraft.class_310.method_18857(class_310.java:25517) ~[client-intermediary.jar:?]
	at net.minecraft.class_525.method_31130(class_525.java:352) ~[client-intermediary.jar:?]
	at net.minecraft.class_528.method_43462(class_528.java:169) ~[client-intermediary.jar:?]
	at net.minecraft.class_528.<init>(class_528.java:95) ~[client-intermediary.jar:?]
	at net.minecraft.class_526.method_25426(class_526.java:54) ~[client-intermediary.jar:?]
	at net.minecraft.class_437.method_25423(class_437.java:297) ~[client-intermediary.jar:?]
	at net.minecraft.class_310.method_1507(class_310.java:1080) ~[client-intermediary.jar:?]
	at net.minecraft.class_442.method_19861(class_442.java:159) ~[client-intermediary.jar:?]
	at net.minecraft.class_4185.method_25306(class_4185.java:94) ~[client-intermediary.jar:?]
	at net.minecraft.class_4264.method_25348(class_4264.java:56) ~[client-intermediary.jar:?]
	at net.minecraft.class_339.method_25402(class_339.java:189) ~[client-intermediary.jar:?]
	at net.minecraft.class_4069.method_25402(class_4069.java:38) ~[client-intermediary.jar:?]
	at net.minecraft.class_442.method_25402(class_442.java:299) ~[client-intermediary.jar:?]
	at net.minecraft.class_312.method_1611(class_312.java:98) ~[client-intermediary.jar:?]
	at net.minecraft.class_437.method_25412(class_437.java:409) ~[client-intermediary.jar:?]
	at net.minecraft.class_312.method_1601(class_312.java:98) ~[client-intermediary.jar:?]
	at net.minecraft.class_312.method_22686(class_312.java:169) ~[client-intermediary.jar:?]
	at net.minecraft.class_1255.execute(class_1255.java:102) ~[client-intermediary.jar:?]
	at net.minecraft.class_312.method_22684(class_312.java:169) ~[client-intermediary.jar:?]
	at org.lwjgl.glfw.GLFWMouseButtonCallbackI.callback(GLFWMouseButtonCallbackI.java:43) ~[lwjgl-glfw-3.3.1.jar:?]
	at org.lwjgl.system.JNI.invokeV(Native Method) ~[lwjgl-3.3.1.jar:?]
	at org.lwjgl.glfw.GLFW.glfwPollEvents(GLFW.java:3403) ~[lwjgl-glfw-3.3.1.jar:?]
	at com.mojang.blaze3d.systems.RenderSystem.pollEvents(RenderSystem.java:201) ~[client-intermediary.jar:?]
	at com.mojang.blaze3d.systems.RenderSystem.flipFrame(RenderSystem.java:219) ~[client-intermediary.jar:?]
	at net.minecraft.class_1041.method_15998(class_1041.java:288) ~[client-intermediary.jar:?]
	at net.minecraft.class_310.method_1523(class_310.java:1241) ~[client-intermediary.jar:?]
	at net.minecraft.class_310.method_1514(class_310.java:802) ~[client-intermediary.jar:?]
	at net.minecraft.client.main.Main.main(Main.java:250) ~[minecraft-1.20.1-client.jar:?]
	at net.fabricmc.loader.impl.game.minecraft.MinecraftGameProvider.launch(MinecraftGameProvider.java:514) ~[fabric-loader-0.19.2.jar:?]
	at net.fabricmc.loader.impl.launch.knot.Knot.launch(Knot.java:72) ~[fabric-loader-0.19.2.jar:?]
	at net.fabricmc.loader.impl.launch.knot.KnotClient.main(KnotClient.java:23) ~[fabric-loader-0.19.2.jar:?]
	at org.prismlauncher.launcher.impl.StandardLauncher.launch(StandardLauncher.java:115) ~[NewLaunch.jar:?]
	at org.prismlauncher.EntryPoint.listen(EntryPoint.java:129) ~[NewLaunch.jar:?]
	at org.prismlauncher.EntryPoint.main(EntryPoint.java:70) ~[NewLaunch.jar:?]
[17:10:39] [Render thread/INFO]: Invalid enchantment to modifier mapping
com.google.gson.JsonSyntaxException: Invalid enchantment ID minecraft:power
	at slimeknights.tconstruct.library.modifiers.ModifierManager.apply(ModifierManager.java:223) ~[Hephaestus-1.20.1-3.6.4.305.jar:?]
	at slimeknights.tconstruct.library.modifiers.ModifierManager.method_18788(ModifierManager.java:62) ~[Hephaestus-1.20.1-3.6.4.305.jar:?]
	at net.minecraft.class_4080.method_18790(class_4080.java:13) ~[client-intermediary.jar:?]
	at java.util.concurrent.CompletableFuture$UniAccept.tryFire(CompletableFuture.java:718) ~[?:?]
	at java.util.concurrent.CompletableFuture$Completion.run(CompletableFuture.java:482) ~[?:?]
	at net.minecraft.class_4014.method_18365(class_4014.java:69) ~[client-intermediary.jar:?]
	at net.minecraft.class_1255.method_18859(class_1255.java:156) ~[client-intermediary.jar:?]
	at net.minecraft.class_4093.method_18859(class_4093.java:23) ~[client-intermediary.jar:?]
	at net.minecraft.class_1255.method_16075(class_1255.java:130) ~[client-intermediary.jar:?]
	at net.minecraft.class_1255.method_18857(class_1255.java:139) ~[client-intermediary.jar:?]
	at net.minecraft.class_310.method_18857(class_310.java:25517) ~[client-intermediary.jar:?]
	at net.minecraft.class_525.method_31130(class_525.java:352) ~[client-intermediary.jar:?]
	at net.minecraft.class_528.method_43462(class_528.java:169) ~[client-intermediary.jar:?]
	at net.minecraft.class_528.<init>(class_528.java:95) ~[client-intermediary.jar:?]
	at net.minecraft.class_526.method_25426(class_526.java:54) ~[client-intermediary.jar:?]
	at net.minecraft.class_437.method_25423(class_437.java:297) ~[client-intermediary.jar:?]
	at net.minecraft.class_310.method_1507(class_310.java:1080) ~[client-intermediary.jar:?]
	at net.minecraft.class_442.method_19861(class_442.java:159) ~[client-intermediary.jar:?]
	at net.minecraft.class_4185.method_25306(class_4185.java:94) ~[client-intermediary.jar:?]
	at net.minecraft.class_4264.method_25348(class_4264.java:56) ~[client-intermediary.jar:?]
	at net.minecraft.class_339.method_25402(class_339.java:189) ~[client-intermediary.jar:?]
	at net.minecraft.class_4069.method_25402(class_4069.java:38) ~[client-intermediary.jar:?]
	at net.minecraft.class_442.method_25402(class_442.java:299) ~[client-intermediary.jar:?]
	at net.minecraft.class_312.method_1611(class_312.java:98) ~[client-intermediary.jar:?]
	at net.minecraft.class_437.method_25412(class_437.java:409) ~[client-intermediary.jar:?]
	at net.minecraft.class_312.method_1601(class_312.java:98) ~[client-intermediary.jar:?]
	at net.minecraft.class_312.method_22686(class_312.java:169) ~[client-intermediary.jar:?]
	at net.minecraft.class_1255.execute(class_1255.java:102) ~[client-intermediary.jar:?]
	at net.minecraft.class_312.method_22684(class_312.java:169) ~[client-intermediary.jar:?]
	at org.lwjgl.glfw.GLFWMouseButtonCallbackI.callback(GLFWMouseButtonCallbackI.java:43) ~[lwjgl-glfw-3.3.1.jar:?]
	at org.lwjgl.system.JNI.invokeV(Native Method) ~[lwjgl-3.3.1.jar:?]
	at org.lwjgl.glfw.GLFW.glfwPollEvents(GLFW.java:3403) ~[lwjgl-glfw-3.3.1.jar:?]
	at com.mojang.blaze3d.systems.RenderSystem.pollEvents(RenderSystem.java:201) ~[client-intermediary.jar:?]
	at com.mojang.blaze3d.systems.RenderSystem.flipFrame(RenderSystem.java:219) ~[client-intermediary.jar:?]
	at net.minecraft.class_1041.method_15998(class_1041.java:288) ~[client-intermediary.jar:?]
	at net.minecraft.class_310.method_1523(class_310.java:1241) ~[client-intermediary.jar:?]
	at net.minecraft.class_310.method_1514(class_310.java:802) ~[client-intermediary.jar:?]
	at net.minecraft.client.main.Main.main(Main.java:250) ~[minecraft-1.20.1-client.jar:?]
	at net.fabricmc.loader.impl.game.minecraft.MinecraftGameProvider.launch(MinecraftGameProvider.java:514) ~[fabric-loader-0.19.2.jar:?]
	at net.fabricmc.loader.impl.launch.knot.Knot.launch(Knot.java:72) ~[fabric-loader-0.19.2.jar:?]
	at net.fabricmc.loader.impl.launch.knot.KnotClient.main(KnotClient.java:23) ~[fabric-loader-0.19.2.jar:?]
	at org.prismlauncher.launcher.impl.StandardLauncher.launch(StandardLauncher.java:115) ~[NewLaunch.jar:?]
	at org.prismlauncher.EntryPoint.listen(EntryPoint.java:129) ~[NewLaunch.jar:?]
	at org.prismlauncher.EntryPoint.main(EntryPoint.java:70) ~[NewLaunch.jar:?]
[17:10:39] [Render thread/INFO]: Invalid enchantment to modifier mapping
com.google.gson.JsonSyntaxException: Invalid enchantment ID minecraft:punch
	at slimeknights.tconstruct.library.modifiers.ModifierManager.apply(ModifierManager.java:223) ~[Hephaestus-1.20.1-3.6.4.305.jar:?]
	at slimeknights.tconstruct.library.modifiers.ModifierManager.method_18788(ModifierManager.java:62) ~[Hephaestus-1.20.1-3.6.4.305.jar:?]
	at net.minecraft.class_4080.method_18790(class_4080.java:13) ~[client-intermediary.jar:?]
	at java.util.concurrent.CompletableFuture$UniAccept.tryFire(CompletableFuture.java:718) ~[?:?]
	at java.util.concurrent.CompletableFuture$Completion.run(CompletableFuture.java:482) ~[?:?]
	at net.minecraft.class_4014.method_18365(class_4014.java:69) ~[client-intermediary.jar:?]
	at net.minecraft.class_1255.method_18859(class_1255.java:156) ~[client-intermediary.jar:?]
	at net.minecraft.class_4093.method_18859(class_4093.java:23) ~[client-intermediary.jar:?]
	at net.minecraft.class_1255.method_16075(class_1255.java:130) ~[client-intermediary.jar:?]
	at net.minecraft.class_1255.method_18857(class_1255.java:139) ~[client-intermediary.jar:?]
	at net.minecraft.class_310.method_18857(class_310.java:25517) ~[client-intermediary.jar:?]
	at net.minecraft.class_525.method_31130(class_525.java:352) ~[client-intermediary.jar:?]
	at net.minecraft.class_528.method_43462(class_528.java:169) ~[client-intermediary.jar:?]
	at net.minecraft.class_528.<init>(class_528.java:95) ~[client-intermediary.jar:?]
	at net.minecraft.class_526.method_25426(class_526.java:54) ~[client-intermediary.jar:?]
	at net.minecraft.class_437.method_25423(class_437.java:297) ~[client-intermediary.jar:?]
	at net.minecraft.class_310.method_1507(class_310.java:1080) ~[client-intermediary.jar:?]
	at net.minecraft.class_442.method_19861(class_442.java:159) ~[client-intermediary.jar:?]
	at net.minecraft.class_4185.method_25306(class_4185.java:94) ~[client-intermediary.jar:?]
	at net.minecraft.class_4264.method_25348(class_4264.java:56) ~[client-intermediary.jar:?]
	at net.minecraft.class_339.method_25402(class_339.java:189) ~[client-intermediary.jar:?]
	at net.minecraft.class_4069.method_25402(class_4069.java:38) ~[client-intermediary.jar:?]
	at net.minecraft.class_442.method_25402(class_442.java:299) ~[client-intermediary.jar:?]
	at net.minecraft.class_312.method_1611(class_312.java:98) ~[client-intermediary.jar:?]
	at net.minecraft.class_437.method_25412(class_437.java:409) ~[client-intermediary.jar:?]
	at net.minecraft.class_312.method_1601(class_312.java:98) ~[client-intermediary.jar:?]
	at net.minecraft.class_312.method_22686(class_312.java:169) ~[client-intermediary.jar:?]
	at net.minecraft.class_1255.execute(class_1255.java:102) ~[client-intermediary.jar:?]
	at net.minecraft.class_312.method_22684(class_312.java:169) ~[client-intermediary.jar:?]
	at org.lwjgl.glfw.GLFWMouseButtonCallbackI.callback(GLFWMouseButtonCallbackI.java:43) ~[lwjgl-glfw-3.3.1.jar:?]
	at org.lwjgl.system.JNI.invokeV(Native Method) ~[lwjgl-3.3.1.jar:?]
	at org.lwjgl.glfw.GLFW.glfwPollEvents(GLFW.java:3403) ~[lwjgl-glfw-3.3.1.jar:?]
	at com.mojang.blaze3d.systems.RenderSystem.pollEvents(RenderSystem.java:201) ~[client-intermediary.jar:?]
	at com.mojang.blaze3d.systems.RenderSystem.flipFrame(RenderSystem.java:219) ~[client-intermediary.jar:?]
	at net.minecraft.class_1041.method_15998(class_1041.java:288) ~[client-intermediary.jar:?]
	at net.minecraft.class_310.method_1523(class_310.java:1241) ~[client-intermediary.jar:?]
	at net.minecraft.class_310.method_1514(class_310.java:802) ~[client-intermediary.jar:?]
	at net.minecraft.client.main.Main.main(Main.java:250) ~[minecraft-1.20.1-client.jar:?]
	at net.fabricmc.loader.impl.game.minecraft.MinecraftGameProvider.launch(MinecraftGameProvider.java:514) ~[fabric-loader-0.19.2.jar:?]
	at net.fabricmc.loader.impl.launch.knot.Knot.launch(Knot.java:72) ~[fabric-loader-0.19.2.jar:?]
	at net.fabricmc.loader.impl.launch.knot.KnotClient.main(KnotClient.java:23) ~[fabric-loader-0.19.2.jar:?]
	at org.prismlauncher.launcher.impl.StandardLauncher.launch(StandardLauncher.java:115) ~[NewLaunch.jar:?]
	at org.prismlauncher.EntryPoint.listen(EntryPoint.java:129) ~[NewLaunch.jar:?]
	at org.prismlauncher.EntryPoint.main(EntryPoint.java:70) ~[NewLaunch.jar:?]
[17:10:39] [Render thread/INFO]: Invalid enchantment to modifier mapping
com.google.gson.JsonSyntaxException: Invalid enchantment ID minecraft:flame
	at slimeknights.tconstruct.library.modifiers.ModifierManager.apply(ModifierManager.java:223) ~[Hephaestus-1.20.1-3.6.4.305.jar:?]
	at slimeknights.tconstruct.library.modifiers.ModifierManager.method_18788(ModifierManager.java:62) ~[Hephaestus-1.20.1-3.6.4.305.jar:?]
	at net.minecraft.class_4080.method_18790(class_4080.java:13) ~[client-intermediary.jar:?]
	at java.util.concurrent.CompletableFuture$UniAccept.tryFire(CompletableFuture.java:718) ~[?:?]
	at java.util.concurrent.CompletableFuture$Completion.run(CompletableFuture.java:482) ~[?:?]
	at net.minecraft.class_4014.method_18365(class_4014.java:69) ~[client-intermediary.jar:?]
	at net.minecraft.class_1255.method_18859(class_1255.java:156) ~[client-intermediary.jar:?]
	at net.minecraft.class_4093.method_18859(class_4093.java:23) ~[client-intermediary.jar:?]
	at net.minecraft.class_1255.method_16075(class_1255.java:130) ~[client-intermediary.jar:?]
	at net.minecraft.class_1255.method_18857(class_1255.java:139) ~[client-intermediary.jar:?]
	at net.minecraft.class_310.method_18857(class_310.java:25517) ~[client-intermediary.jar:?]
	at net.minecraft.class_525.method_31130(class_525.java:352) ~[client-intermediary.jar:?]
	at net.minecraft.class_528.method_43462(class_528.java:169) ~[client-intermediary.jar:?]
	at net.minecraft.class_528.<init>(class_528.java:95) ~[client-intermediary.jar:?]
	at net.minecraft.class_526.method_25426(class_526.java:54) ~[client-intermediary.jar:?]
	at net.minecraft.class_437.method_25423(class_437.java:297) ~[client-intermediary.jar:?]
	at net.minecraft.class_310.method_1507(class_310.java:1080) ~[client-intermediary.jar:?]
	at net.minecraft.class_442.method_19861(class_442.java:159) ~[client-intermediary.jar:?]
	at net.minecraft.class_4185.method_25306(class_4185.java:94) ~[client-intermediary.jar:?]
	at net.minecraft.class_4264.method_25348(class_4264.java:56) ~[client-intermediary.jar:?]
	at net.minecraft.class_339.method_25402(class_339.java:189) ~[client-intermediary.jar:?]
	at net.minecraft.class_4069.method_25402(class_4069.java:38) ~[client-intermediary.jar:?]
	at net.minecraft.class_442.method_25402(class_442.java:299) ~[client-intermediary.jar:?]
	at net.minecraft.class_312.method_1611(class_312.java:98) ~[client-intermediary.jar:?]
	at net.minecraft.class_437.method_25412(class_437.java:409) ~[client-intermediary.jar:?]
	at net.minecraft.class_312.method_1601(class_312.java:98) ~[client-intermediary.jar:?]
	at net.minecraft.class_312.method_22686(class_312.java:169) ~[client-intermediary.jar:?]
	at net.minecraft.class_1255.execute(class_1255.java:102) ~[client-intermediary.jar:?]
	at net.minecraft.class_312.method_22684(class_312.java:169) ~[client-intermediary.jar:?]
	at org.lwjgl.glfw.GLFWMouseButtonCallbackI.callback(GLFWMouseButtonCallbackI.java:43) ~[lwjgl-glfw-3.3.1.jar:?]
	at org.lwjgl.system.JNI.invokeV(Native Method) ~[lwjgl-3.3.1.jar:?]
	at org.lwjgl.glfw.GLFW.glfwPollEvents(GLFW.java:3403) ~[lwjgl-glfw-3.3.1.jar:?]
	at com.mojang.blaze3d.systems.RenderSystem.pollEvents(RenderSystem.java:201) ~[client-intermediary.jar:?]
	at com.mojang.blaze3d.systems.RenderSystem.flipFrame(RenderSystem.java:219) ~[client-intermediary.jar:?]
	at net.minecraft.class_1041.method_15998(class_1041.java:288) ~[client-intermediary.jar:?]
	at net.minecraft.class_310.method_1523(class_310.java:1241) ~[client-intermediary.jar:?]
	at net.minecraft.class_310.method_1514(class_310.java:802) ~[client-intermediary.jar:?]
	at net.minecraft.client.main.Main.main(Main.java:250) ~[minecraft-1.20.1-client.jar:?]
	at net.fabricmc.loader.impl.game.minecraft.MinecraftGameProvider.launch(MinecraftGameProvider.java:514) ~[fabric-loader-0.19.2.jar:?]
	at net.fabricmc.loader.impl.launch.knot.Knot.launch(Knot.java:72) ~[fabric-loader-0.19.2.jar:?]
	at net.fabricmc.loader.impl.launch.knot.KnotClient.main(KnotClient.java:23) ~[fabric-loader-0.19.2.jar:?]
	at org.prismlauncher.launcher.impl.StandardLauncher.launch(StandardLauncher.java:115) ~[NewLaunch.jar:?]
	at org.prismlauncher.EntryPoint.listen(EntryPoint.java:129) ~[NewLaunch.jar:?]
	at org.prismlauncher.EntryPoint.main(EntryPoint.java:70) ~[NewLaunch.jar:?]
[17:10:39] [Render thread/INFO]: Invalid enchantment to modifier mapping
com.google.gson.JsonSyntaxException: Invalid enchantment ID minecraft:infinity
	at slimeknights.tconstruct.library.modifiers.ModifierManager.apply(ModifierManager.java:223) ~[Hephaestus-1.20.1-3.6.4.305.jar:?]
	at slimeknights.tconstruct.library.modifiers.ModifierManager.method_18788(ModifierManager.java:62) ~[Hephaestus-1.20.1-3.6.4.305.jar:?]
	at net.minecraft.class_4080.method_18790(class_4080.java:13) ~[client-intermediary.jar:?]
	at java.util.concurrent.CompletableFuture$UniAccept.tryFire(CompletableFuture.java:718) ~[?:?]
	at java.util.concurrent.CompletableFuture$Completion.run(CompletableFuture.java:482) ~[?:?]
	at net.minecraft.class_4014.method_18365(class_4014.java:69) ~[client-intermediary.jar:?]
	at net.minecraft.class_1255.method_18859(class_1255.java:156) ~[client-intermediary.jar:?]
	at net.minecraft.class_4093.method_18859(class_4093.java:23) ~[client-intermediary.jar:?]
	at net.minecraft.class_1255.method_16075(class_1255.java:130) ~[client-intermediary.jar:?]
	at net.minecraft.class_1255.method_18857(class_1255.java:139) ~[client-intermediary.jar:?]
	at net.minecraft.class_310.method_18857(class_310.java:25517) ~[client-intermediary.jar:?]
	at net.minecraft.class_525.method_31130(class_525.java:352) ~[client-intermediary.jar:?]
	at net.minecraft.class_528.method_43462(class_528.java:169) ~[client-intermediary.jar:?]
	at net.minecraft.class_528.<init>(class_528.java:95) ~[client-intermediary.jar:?]
	at net.minecraft.class_526.method_25426(class_526.java:54) ~[client-intermediary.jar:?]
	at net.minecraft.class_437.method_25423(class_437.java:297) ~[client-intermediary.jar:?]
	at net.minecraft.class_310.method_1507(class_310.java:1080) ~[client-intermediary.jar:?]
	at net.minecraft.class_442.method_19861(class_442.java:159) ~[client-intermediary.jar:?]
	at net.minecraft.class_4185.method_25306(class_4185.java:94) ~[client-intermediary.jar:?]
	at net.minecraft.class_4264.method_25348(class_4264.java:56) ~[client-intermediary.jar:?]
	at net.minecraft.class_339.method_25402(class_339.java:189) ~[client-intermediary.jar:?]
	at net.minecraft.class_4069.method_25402(class_4069.java:38) ~[client-intermediary.jar:?]
	at net.minecraft.class_442.method_25402(class_442.java:299) ~[client-intermediary.jar:?]
	at net.minecraft.class_312.method_1611(class_312.java:98) ~[client-intermediary.jar:?]
	at net.minecraft.class_437.method_25412(class_437.java:409) ~[client-intermediary.jar:?]
	at net.minecraft.class_312.method_1601(class_312.java:98) ~[client-intermediary.jar:?]
	at net.minecraft.class_312.method_22686(class_312.java:169) ~[client-intermediary.jar:?]
	at net.minecraft.class_1255.execute(class_1255.java:102) ~[client-intermediary.jar:?]
	at net.minecraft.class_312.method_22684(class_312.java:169) ~[client-intermediary.jar:?]
	at org.lwjgl.glfw.GLFWMouseButtonCallbackI.callback(GLFWMouseButtonCallbackI.java:43) ~[lwjgl-glfw-3.3.1.jar:?]
	at org.lwjgl.system.JNI.invokeV(Native Method) ~[lwjgl-3.3.1.jar:?]
	at org.lwjgl.glfw.GLFW.glfwPollEvents(GLFW.java:3403) ~[lwjgl-glfw-3.3.1.jar:?]
	at com.mojang.blaze3d.systems.RenderSystem.pollEvents(RenderSystem.java:201) ~[client-intermediary.jar:?]
	at com.mojang.blaze3d.systems.RenderSystem.flipFrame(RenderSystem.java:219) ~[client-intermediary.jar:?]
	at net.minecraft.class_1041.method_15998(class_1041.java:288) ~[client-intermediary.jar:?]
	at net.minecraft.class_310.method_1523(class_310.java:1241) ~[client-intermediary.jar:?]
	at net.minecraft.class_310.method_1514(class_310.java:802) ~[client-intermediary.jar:?]
	at net.minecraft.client.main.Main.main(Main.java:250) ~[minecraft-1.20.1-client.jar:?]
	at net.fabricmc.loader.impl.game.minecraft.MinecraftGameProvider.launch(MinecraftGameProvider.java:514) ~[fabric-loader-0.19.2.jar:?]
	at net.fabricmc.loader.impl.launch.knot.Knot.launch(Knot.java:72) ~[fabric-loader-0.19.2.jar:?]
	at net.fabricmc.loader.impl.launch.knot.KnotClient.main(KnotClient.java:23) ~[fabric-loader-0.19.2.jar:?]
	at org.prismlauncher.launcher.impl.StandardLauncher.launch(StandardLauncher.java:115) ~[NewLaunch.jar:?]
	at org.prismlauncher.EntryPoint.listen(EntryPoint.java:129) ~[NewLaunch.jar:?]
	at org.prismlauncher.EntryPoint.main(EntryPoint.java:70) ~[NewLaunch.jar:?]
[17:10:39] [Render thread/INFO]: Invalid enchantment to modifier mapping
com.google.gson.JsonSyntaxException: Invalid enchantment ID minecraft:multishot
	at slimeknights.tconstruct.library.modifiers.ModifierManager.apply(ModifierManager.java:223) ~[Hephaestus-1.20.1-3.6.4.305.jar:?]
	at slimeknights.tconstruct.library.modifiers.ModifierManager.method_18788(ModifierManager.java:62) ~[Hephaestus-1.20.1-3.6.4.305.jar:?]
	at net.minecraft.class_4080.method_18790(class_4080.java:13) ~[client-intermediary.jar:?]
	at java.util.concurrent.CompletableFuture$UniAccept.tryFire(CompletableFuture.java:718) ~[?:?]
	at java.util.concurrent.CompletableFuture$Completion.run(CompletableFuture.java:482) ~[?:?]
	at net.minecraft.class_4014.method_18365(class_4014.java:69) ~[client-intermediary.jar:?]
	at net.minecraft.class_1255.method_18859(class_1255.java:156) ~[client-intermediary.jar:?]
	at net.minecraft.class_4093.method_18859(class_4093.java:23) ~[client-intermediary.jar:?]
	at net.minecraft.class_1255.method_16075(class_1255.java:130) ~[client-intermediary.jar:?]
	at net.minecraft.class_1255.method_18857(class_1255.java:139) ~[client-intermediary.jar:?]
	at net.minecraft.class_310.method_18857(class_310.java:25517) ~[client-intermediary.jar:?]
	at net.minecraft.class_525.method_31130(class_525.java:352) ~[client-intermediary.jar:?]
	at net.minecraft.class_528.method_43462(class_528.java:169) ~[client-intermediary.jar:?]
	at net.minecraft.class_528.<init>(class_528.java:95) ~[client-intermediary.jar:?]
	at net.minecraft.class_526.method_25426(class_526.java:54) ~[client-intermediary.jar:?]
	at net.minecraft.class_437.method_25423(class_437.java:297) ~[client-intermediary.jar:?]
	at net.minecraft.class_310.method_1507(class_310.java:1080) ~[client-intermediary.jar:?]
	at net.minecraft.class_442.method_19861(class_442.java:159) ~[client-intermediary.jar:?]
	at net.minecraft.class_4185.method_25306(class_4185.java:94) ~[client-intermediary.jar:?]
	at net.minecraft.class_4264.method_25348(class_4264.java:56) ~[client-intermediary.jar:?]
	at net.minecraft.class_339.method_25402(class_339.java:189) ~[client-intermediary.jar:?]
	at net.minecraft.class_4069.method_25402(class_4069.java:38) ~[client-intermediary.jar:?]
	at net.minecraft.class_442.method_25402(class_442.java:299) ~[client-intermediary.jar:?]
	at net.minecraft.class_312.method_1611(class_312.java:98) ~[client-intermediary.jar:?]
	at net.minecraft.class_437.method_25412(class_437.java:409) ~[client-intermediary.jar:?]
	at net.minecraft.class_312.method_1601(class_312.java:98) ~[client-intermediary.jar:?]
	at net.minecraft.class_312.method_22686(class_312.java:169) ~[client-intermediary.jar:?]
	at net.minecraft.class_1255.execute(class_1255.java:102) ~[client-intermediary.jar:?]
	at net.minecraft.class_312.method_22684(class_312.java:169) ~[client-intermediary.jar:?]
	at org.lwjgl.glfw.GLFWMouseButtonCallbackI.callback(GLFWMouseButtonCallbackI.java:43) ~[lwjgl-glfw-3.3.1.jar:?]
	at org.lwjgl.system.JNI.invokeV(Native Method) ~[lwjgl-3.3.1.jar:?]
	at org.lwjgl.glfw.GLFW.glfwPollEvents(GLFW.java:3403) ~[lwjgl-glfw-3.3.1.jar:?]
	at com.mojang.blaze3d.systems.RenderSystem.pollEvents(RenderSystem.java:201) ~[client-intermediary.jar:?]
	at com.mojang.blaze3d.systems.RenderSystem.flipFrame(RenderSystem.java:219) ~[client-intermediary.jar:?]
	at net.minecraft.class_1041.method_15998(class_1041.java:288) ~[client-intermediary.jar:?]
	at net.minecraft.class_310.method_1523(class_310.java:1241) ~[client-intermediary.jar:?]
	at net.minecraft.class_310.method_1514(class_310.java:802) ~[client-intermediary.jar:?]
	at net.minecraft.client.main.Main.main(Main.java:250) ~[minecraft-1.20.1-client.jar:?]
	at net.fabricmc.loader.impl.game.minecraft.MinecraftGameProvider.launch(MinecraftGameProvider.java:514) ~[fabric-loader-0.19.2.jar:?]
	at net.fabricmc.loader.impl.launch.knot.Knot.launch(Knot.java:72) ~[fabric-loader-0.19.2.jar:?]
	at net.fabricmc.loader.impl.launch.knot.KnotClient.main(KnotClient.java:23) ~[fabric-loader-0.19.2.jar:?]
	at org.prismlauncher.launcher.impl.StandardLauncher.launch(StandardLauncher.java:115) ~[NewLaunch.jar:?]
	at org.prismlauncher.EntryPoint.listen(EntryPoint.java:129) ~[NewLaunch.jar:?]
	at org.prismlauncher.EntryPoint.main(EntryPoint.java:70) ~[NewLaunch.jar:?]
[17:10:39] [Render thread/INFO]: Invalid enchantment to modifier mapping
com.google.gson.JsonSyntaxException: Invalid enchantment ID minecraft:quick_charge
	at slimeknights.tconstruct.library.modifiers.ModifierManager.apply(ModifierManager.java:223) ~[Hephaestus-1.20.1-3.6.4.305.jar:?]
	at slimeknights.tconstruct.library.modifiers.ModifierManager.method_18788(ModifierManager.java:62) ~[Hephaestus-1.20.1-3.6.4.305.jar:?]
	at net.minecraft.class_4080.method_18790(class_4080.java:13) ~[client-intermediary.jar:?]
	at java.util.concurrent.CompletableFuture$UniAccept.tryFire(CompletableFuture.java:718) ~[?:?]
	at java.util.concurrent.CompletableFuture$Completion.run(CompletableFuture.java:482) ~[?:?]
	at net.minecraft.class_4014.method_18365(class_4014.java:69) ~[client-intermediary.jar:?]
	at net.minecraft.class_1255.method_18859(class_1255.java:156) ~[client-intermediary.jar:?]
	at net.minecraft.class_4093.method_18859(class_4093.java:23) ~[client-intermediary.jar:?]
	at net.minecraft.class_1255.method_16075(class_1255.java:130) ~[client-intermediary.jar:?]
	at net.minecraft.class_1255.method_18857(class_1255.java:139) ~[client-intermediary.jar:?]
	at net.minecraft.class_310.method_18857(class_310.java:25517) ~[client-intermediary.jar:?]
	at net.minecraft.class_525.method_31130(class_525.java:352) ~[client-intermediary.jar:?]
	at net.minecraft.class_528.method_43462(class_528.java:169) ~[client-intermediary.jar:?]
	at net.minecraft.class_528.<init>(class_528.java:95) ~[client-intermediary.jar:?]
	at net.minecraft.class_526.method_25426(class_526.java:54) ~[client-intermediary.jar:?]
	at net.minecraft.class_437.method_25423(class_437.java:297) ~[client-intermediary.jar:?]
	at net.minecraft.class_310.method_1507(class_310.java:1080) ~[client-intermediary.jar:?]
	at net.minecraft.class_442.method_19861(class_442.java:159) ~[client-intermediary.jar:?]
	at net.minecraft.class_4185.method_25306(class_4185.java:94) ~[client-intermediary.jar:?]
	at net.minecraft.class_4264.method_25348(class_4264.java:56) ~[client-intermediary.jar:?]
	at net.minecraft.class_339.method_25402(class_339.java:189) ~[client-intermediary.jar:?]
	at net.minecraft.class_4069.method_25402(class_4069.java:38) ~[client-intermediary.jar:?]
	at net.minecraft.class_442.method_25402(class_442.java:299) ~[client-intermediary.jar:?]
	at net.minecraft.class_312.method_1611(class_312.java:98) ~[client-intermediary.jar:?]
	at net.minecraft.class_437.method_25412(class_437.java:409) ~[client-intermediary.jar:?]
	at net.minecraft.class_312.method_1601(class_312.java:98) ~[client-intermediary.jar:?]
	at net.minecraft.class_312.method_22686(class_312.java:169) ~[client-intermediary.jar:?]
	at net.minecraft.class_1255.execute(class_1255.java:102) ~[client-intermediary.jar:?]
	at net.minecraft.class_312.method_22684(class_312.java:169) ~[client-intermediary.jar:?]
	at org.lwjgl.glfw.GLFWMouseButtonCallbackI.callback(GLFWMouseButtonCallbackI.java:43) ~[lwjgl-glfw-3.3.1.jar:?]
	at org.lwjgl.system.JNI.invokeV(Native Method) ~[lwjgl-3.3.1.jar:?]
	at org.lwjgl.glfw.GLFW.glfwPollEvents(GLFW.java:3403) ~[lwjgl-glfw-3.3.1.jar:?]
	at com.mojang.blaze3d.systems.RenderSystem.pollEvents(RenderSystem.java:201) ~[client-intermediary.jar:?]
	at com.mojang.blaze3d.systems.RenderSystem.flipFrame(RenderSystem.java:219) ~[client-intermediary.jar:?]
	at net.minecraft.class_1041.method_15998(class_1041.java:288) ~[client-intermediary.jar:?]
	at net.minecraft.class_310.method_1523(class_310.java:1241) ~[client-intermediary.jar:?]
	at net.minecraft.class_310.method_1514(class_310.java:802) ~[client-intermediary.jar:?]
	at net.minecraft.client.main.Main.main(Main.java:250) ~[minecraft-1.20.1-client.jar:?]
	at net.fabricmc.loader.impl.game.minecraft.MinecraftGameProvider.launch(MinecraftGameProvider.java:514) ~[fabric-loader-0.19.2.jar:?]
	at net.fabricmc.loader.impl.launch.knot.Knot.launch(Knot.java:72) ~[fabric-loader-0.19.2.jar:?]
	at net.fabricmc.loader.impl.launch.knot.KnotClient.main(KnotClient.java:23) ~[fabric-loader-0.19.2.jar:?]
	at org.prismlauncher.launcher.impl.StandardLauncher.launch(StandardLauncher.java:115) ~[NewLaunch.jar:?]
	at org.prismlauncher.EntryPoint.listen(EntryPoint.java:129) ~[NewLaunch.jar:?]
	at org.prismlauncher.EntryPoint.main(EntryPoint.java:70) ~[NewLaunch.jar:?]
[17:10:39] [Render thread/INFO]: Invalid enchantment to modifier mapping
com.google.gson.JsonSyntaxException: Invalid enchantment ID minecraft:piercing
	at slimeknights.tconstruct.library.modifiers.ModifierManager.apply(ModifierManager.java:223) ~[Hephaestus-1.20.1-3.6.4.305.jar:?]
	at slimeknights.tconstruct.library.modifiers.ModifierManager.method_18788(ModifierManager.java:62) ~[Hephaestus-1.20.1-3.6.4.305.jar:?]
	at net.minecraft.class_4080.method_18790(class_4080.java:13) ~[client-intermediary.jar:?]
	at java.util.concurrent.CompletableFuture$UniAccept.tryFire(CompletableFuture.java:718) ~[?:?]
	at java.util.concurrent.CompletableFuture$Completion.run(CompletableFuture.java:482) ~[?:?]
	at net.minecraft.class_4014.method_18365(class_4014.java:69) ~[client-intermediary.jar:?]
	at net.minecraft.class_1255.method_18859(class_1255.java:156) ~[client-intermediary.jar:?]
	at net.minecraft.class_4093.method_18859(class_4093.java:23) ~[client-intermediary.jar:?]
	at net.minecraft.class_1255.method_16075(class_1255.java:130) ~[client-intermediary.jar:?]
	at net.minecraft.class_1255.method_18857(class_1255.java:139) ~[client-intermediary.jar:?]
	at net.minecraft.class_310.method_18857(class_310.java:25517) ~[client-intermediary.jar:?]
	at net.minecraft.class_525.method_31130(class_525.java:352) ~[client-intermediary.jar:?]
	at net.minecraft.class_528.method_43462(class_528.java:169) ~[client-intermediary.jar:?]
	at net.minecraft.class_528.<init>(class_528.java:95) ~[client-intermediary.jar:?]
	at net.minecraft.class_526.method_25426(class_526.java:54) ~[client-intermediary.jar:?]
	at net.minecraft.class_437.method_25423(class_437.java:297) ~[client-intermediary.jar:?]
	at net.minecraft.class_310.method_1507(class_310.java:1080) ~[client-intermediary.jar:?]
	at net.minecraft.class_442.method_19861(class_442.java:159) ~[client-intermediary.jar:?]
	at net.minecraft.class_4185.method_25306(class_4185.java:94) ~[client-intermediary.jar:?]
	at net.minecraft.class_4264.method_25348(class_4264.java:56) ~[client-intermediary.jar:?]
	at net.minecraft.class_339.method_25402(class_339.java:189) ~[client-intermediary.jar:?]
	at net.minecraft.class_4069.method_25402(class_4069.java:38) ~[client-intermediary.jar:?]
	at net.minecraft.class_442.method_25402(class_442.java:299) ~[client-intermediary.jar:?]
	at net.minecraft.class_312.method_1611(class_312.java:98) ~[client-intermediary.jar:?]
	at net.minecraft.class_437.method_25412(class_437.java:409) ~[client-intermediary.jar:?]
	at net.minecraft.class_312.method_1601(class_312.java:98) ~[client-intermediary.jar:?]
	at net.minecraft.class_312.method_22686(class_312.java:169) ~[client-intermediary.jar:?]
	at net.minecraft.class_1255.execute(class_1255.java:102) ~[client-intermediary.jar:?]
	at net.minecraft.class_312.method_22684(class_312.java:169) ~[client-intermediary.jar:?]
	at org.lwjgl.glfw.GLFWMouseButtonCallbackI.callback(GLFWMouseButtonCallbackI.java:43) ~[lwjgl-glfw-3.3.1.jar:?]
	at org.lwjgl.system.JNI.invokeV(Native Method) ~[lwjgl-3.3.1.jar:?]
	at org.lwjgl.glfw.GLFW.glfwPollEvents(GLFW.java:3403) ~[lwjgl-glfw-3.3.1.jar:?]
	at com.mojang.blaze3d.systems.RenderSystem.pollEvents(RenderSystem.java:201) ~[client-intermediary.jar:?]
	at com.mojang.blaze3d.systems.RenderSystem.flipFrame(RenderSystem.java:219) ~[client-intermediary.jar:?]
	at net.minecraft.class_1041.method_15998(class_1041.java:288) ~[client-intermediary.jar:?]
	at net.minecraft.class_310.method_1523(class_310.java:1241) ~[client-intermediary.jar:?]
	at net.minecraft.class_310.method_1514(class_310.java:802) ~[client-intermediary.jar:?]
	at net.minecraft.client.main.Main.main(Main.java:250) ~[minecraft-1.20.1-client.jar:?]
	at net.fabricmc.loader.impl.game.minecraft.MinecraftGameProvider.launch(MinecraftGameProvider.java:514) ~[fabric-loader-0.19.2.jar:?]
	at net.fabricmc.loader.impl.launch.knot.Knot.launch(Knot.java:72) ~[fabric-loader-0.19.2.jar:?]
	at net.fabricmc.loader.impl.launch.knot.KnotClient.main(KnotClient.java:23) ~[fabric-loader-0.19.2.jar:?]
	at org.prismlauncher.launcher.impl.StandardLauncher.launch(StandardLauncher.java:115) ~[NewLaunch.jar:?]
	at org.prismlauncher.EntryPoint.listen(EntryPoint.java:129) ~[NewLaunch.jar:?]
	at org.prismlauncher.EntryPoint.main(EntryPoint.java:70) ~[NewLaunch.jar:?]
[17:10:39] [Render thread/INFO]: Invalid enchantment to modifier mapping
com.google.gson.JsonSyntaxException: Unknown modifier tconstruct:luck for enchantment #tconstruct:modifier_like/luck
	at slimeknights.tconstruct.library.modifiers.ModifierManager.apply(ModifierManager.java:209) ~[Hephaestus-1.20.1-3.6.4.305.jar:?]
	at slimeknights.tconstruct.library.modifiers.ModifierManager.method_18788(ModifierManager.java:62) ~[Hephaestus-1.20.1-3.6.4.305.jar:?]
	at net.minecraft.class_4080.method_18790(class_4080.java:13) ~[client-intermediary.jar:?]
	at java.util.concurrent.CompletableFuture$UniAccept.tryFire(CompletableFuture.java:718) ~[?:?]
	at java.util.concurrent.CompletableFuture$Completion.run(CompletableFuture.java:482) ~[?:?]
	at net.minecraft.class_4014.method_18365(class_4014.java:69) ~[client-intermediary.jar:?]
	at net.minecraft.class_1255.method_18859(class_1255.java:156) ~[client-intermediary.jar:?]
	at net.minecraft.class_4093.method_18859(class_4093.java:23) ~[client-intermediary.jar:?]
	at net.minecraft.class_1255.method_16075(class_1255.java:130) ~[client-intermediary.jar:?]
	at net.minecraft.class_1255.method_18857(class_1255.java:139) ~[client-intermediary.jar:?]
	at net.minecraft.class_310.method_18857(class_310.java:25517) ~[client-intermediary.jar:?]
	at net.minecraft.class_525.method_31130(class_525.java:352) ~[client-intermediary.jar:?]
	at net.minecraft.class_528.method_43462(class_528.java:169) ~[client-intermediary.jar:?]
	at net.minecraft.class_528.<init>(class_528.java:95) ~[client-intermediary.jar:?]
	at net.minecraft.class_526.method_25426(class_526.java:54) ~[client-intermediary.jar:?]
	at net.minecraft.class_437.method_25423(class_437.java:297) ~[client-intermediary.jar:?]
	at net.minecraft.class_310.method_1507(class_310.java:1080) ~[client-intermediary.jar:?]
	at net.minecraft.class_442.method_19861(class_442.java:159) ~[client-intermediary.jar:?]
	at net.minecraft.class_4185.method_25306(class_4185.java:94) ~[client-intermediary.jar:?]
	at net.minecraft.class_4264.method_25348(class_4264.java:56) ~[client-intermediary.jar:?]
	at net.minecraft.class_339.method_25402(class_339.java:189) ~[client-intermediary.jar:?]
	at net.minecraft.class_4069.method_25402(class_4069.java:38) ~[client-intermediary.jar:?]
	at net.minecraft.class_442.method_25402(class_442.java:299) ~[client-intermediary.jar:?]
	at net.minecraft.class_312.method_1611(class_312.java:98) ~[client-intermediary.jar:?]
	at net.minecraft.class_437.method_25412(class_437.java:409) ~[client-intermediary.jar:?]
	at net.minecraft.class_312.method_1601(class_312.java:98) ~[client-intermediary.jar:?]
	at net.minecraft.class_312.method_22686(class_312.java:169) ~[client-intermediary.jar:?]
	at net.minecraft.class_1255.execute(class_1255.java:102) ~[client-intermediary.jar:?]
	at net.minecraft.class_312.method_22684(class_312.java:169) ~[client-intermediary.jar:?]
	at org.lwjgl.glfw.GLFWMouseButtonCallbackI.callback(GLFWMouseButtonCallbackI.java:43) ~[lwjgl-glfw-3.3.1.jar:?]
	at org.lwjgl.system.JNI.invokeV(Native Method) ~[lwjgl-3.3.1.jar:?]
	at org.lwjgl.glfw.GLFW.glfwPollEvents(GLFW.java:3403) ~[lwjgl-glfw-3.3.1.jar:?]
	at com.mojang.blaze3d.systems.RenderSystem.pollEvents(RenderSystem.java:201) ~[client-intermediary.jar:?]
	at com.mojang.blaze3d.systems.RenderSystem.flipFrame(RenderSystem.java:219) ~[client-intermediary.jar:?]
	at net.minecraft.class_1041.method_15998(class_1041.java:288) ~[client-intermediary.jar:?]
	at net.minecraft.class_310.method_1523(class_310.java:1241) ~[client-intermediary.jar:?]
	at net.minecraft.class_310.method_1514(class_310.java:802) ~[client-intermediary.jar:?]
	at net.minecraft.client.main.Main.main(Main.java:250) ~[minecraft-1.20.1-client.jar:?]
	at net.fabricmc.loader.impl.game.minecraft.MinecraftGameProvider.launch(MinecraftGameProvider.java:514) ~[fabric-loader-0.19.2.jar:?]
	at net.fabricmc.loader.impl.launch.knot.Knot.launch(Knot.java:72) ~[fabric-loader-0.19.2.jar:?]
	at net.fabricmc.loader.impl.launch.knot.KnotClient.main(KnotClient.java:23) ~[fabric-loader-0.19.2.jar:?]
	at org.prismlauncher.launcher.impl.StandardLauncher.launch(StandardLauncher.java:115) ~[NewLaunch.jar:?]
	at org.prismlauncher.EntryPoint.listen(EntryPoint.java:129) ~[NewLaunch.jar:?]
	at org.prismlauncher.EntryPoint.main(EntryPoint.java:70) ~[NewLaunch.jar:?]
[17:10:39] [Render thread/INFO]: Loaded 21 enchantment to modifier mappings in 49.5782 ms
[17:10:39] [Render thread/INFO]: Loaded 48 spilling fluids in 16.4861 ms
[17:10:39] [Render thread/INFO]: Loaded 61 materials in 15.0841 ms
[17:10:39] [Render thread/INFO]: Loaded 1 material tags for 20 materials in 8.0696 ms
[17:10:39] [Render thread/INFO]: 196 stats loaded for 65 materials in 26.3091 ms
[17:10:39] [Render thread/INFO]: 86 traits loaded for 65 materials in 19.0505 ms
[17:10:39] [Render thread/INFO]: Loaded 33 tool definitions in 26.1828 ms
[17:10:39] [Render thread/INFO]: Loaded 18 station slot layouts in 9.2052 ms
[17:10:40] [Render thread/INFO]: Applied 18 data villager trades
[17:10:40] [Render thread/INFO]: Loading Structurify config...
[17:10:41] [Render thread/INFO]: Structurify config loaded
[17:10:41] [Render thread/INFO]: Finished additional setup in 0 ms
[17:10:41] [Render thread/INFO]: closing rrp ebe:base_resources
[17:10:41] [Render thread/WARN]: Initial datapack load took 35.95 s
[17:10:41] [Render thread/INFO]: Mixing client.MixinRowHelper from mixins/common/nochatreports.mixins.json into net.minecraft.class_7845$class_7939
[17:10:57] [Render thread/ERROR]: Failed to list path /data/minecraft/datapacks/bundle/assets
java.nio.file.NotDirectoryException: /data/minecraft/datapacks/bundle/assets
	at jdk.nio.zipfs.ZipDirectoryStream.<init>(ZipDirectoryStream.java:58) ~[jdk.zipfs:?]
	at jdk.nio.zipfs.ZipPath.newDirectoryStream(ZipPath.java:755) ~[jdk.zipfs:?]
	at jdk.nio.zipfs.ZipFileSystemProvider.newDirectoryStream(ZipFileSystemProvider.java:245) ~[jdk.zipfs:?]
	at java.nio.file.Files.newDirectoryStream(Files.java:482) ~[?:?]
	at net.minecraft.class_3259.method_14406(class_3259.java:130) ~[client-intermediary.jar:?]
	at net.minecraft.class_3255.handler$bpo000$citresewn$brokenpaths$parseMetadata(class_3255.java:527) ~[client-intermediary.jar:?]
	at net.minecraft.class_3255.method_14407(class_3255.java:35) ~[client-intermediary.jar:?]
	at net.minecraft.class_3288.method_45274(class_3288.java:71) ~[client-intermediary.jar:?]
	at net.minecraft.class_3288.method_45275(class_3288.java:47) ~[client-intermediary.jar:?]
	at net.minecraft.class_3286.method_45260(class_3286.java:66) ~[client-intermediary.jar:?]
	at net.minecraft.class_7678.method_45258(class_7678.java:76) ~[client-intermediary.jar:?]
	at net.minecraft.class_7678.method_45266(class_7678.java:61) ~[client-intermediary.jar:?]
	at java.util.HashMap.forEach(HashMap.java:1421) ~[?:?]
	at net.minecraft.class_7678.method_45267(class_7678.java:60) ~[client-intermediary.jar:?]
	at net.minecraft.class_7678.method_14453(class_7678.java:43) ~[client-intermediary.jar:?]
	at net.minecraft.class_3283.method_29212(class_3283.java:39) ~[client-intermediary.jar:?]
	at net.minecraft.class_3283.method_14445(class_3283.java:32) ~[client-intermediary.jar:?]
	at net.minecraft.server.MinecraftServer.method_29736(MinecraftServer.java:1351) ~[client-intermediary.jar:?]
	at net.minecraft.class_7237$class_7238.method_42099(class_7237.java:97) ~[client-intermediary.jar:?]
	at net.minecraft.class_7196.method_41889(class_7196.java:117) ~[client-intermediary.jar:?]
	at net.minecraft.class_525.method_41847(class_525.java:469) ~[client-intermediary.jar:?]
	at net.minecraft.class_525.method_45683(class_525.java:451) ~[client-intermediary.jar:?]
	at net.minecraft.class_7196.handler$kkd000$terrablender$skipConfirmation(class_7196.java:1536) ~[client-intermediary.jar:?]
	at net.minecraft.class_7196.method_41892(class_7196.java) ~[client-intermediary.jar:?]
	at net.minecraft.class_525.method_2736(class_525.java:451) ~[client-intermediary.jar:?]
	at net.minecraft.class_525.method_19922(class_525.java:404) ~[client-intermediary.jar:?]
	at net.minecraft.class_4185.method_25306(class_4185.java:94) ~[client-intermediary.jar:?]
	at net.minecraft.class_4264.method_25348(class_4264.java:56) ~[client-intermediary.jar:?]
	at net.minecraft.class_339.method_25402(class_339.java:189) ~[client-intermediary.jar:?]
	at net.minecraft.class_4069.method_25402(class_4069.java:38) ~[client-intermediary.jar:?]
	at net.minecraft.class_312.method_1611(class_312.java:98) ~[client-intermediary.jar:?]
	at net.minecraft.class_437.method_25412(class_437.java:409) ~[client-intermediary.jar:?]
	at net.minecraft.class_312.method_1601(class_312.java:98) ~[client-intermediary.jar:?]
	at net.minecraft.class_312.method_22686(class_312.java:169) ~[client-intermediary.jar:?]
	at net.minecraft.class_1255.execute(class_1255.java:102) ~[client-intermediary.jar:?]
	at net.minecraft.class_312.method_22684(class_312.java:169) ~[client-intermediary.jar:?]
	at org.lwjgl.glfw.GLFWMouseButtonCallbackI.callback(GLFWMouseButtonCallbackI.java:43) ~[lwjgl-glfw-3.3.1.jar:?]
	at org.lwjgl.system.JNI.invokeV(Native Method) ~[lwjgl-3.3.1.jar:?]
	at org.lwjgl.glfw.GLFW.glfwWaitEventsTimeout(GLFW.java:3474) ~[lwjgl-glfw-3.3.1.jar:?]
	at com.mojang.blaze3d.systems.RenderSystem.limitDisplayFPS(RenderSystem.java:237) ~[client-intermediary.jar:?]
	at net.minecraft.class_310.method_1523(class_310.java:1244) ~[client-intermediary.jar:?]
	at net.minecraft.class_310.method_1514(class_310.java:802) ~[client-intermediary.jar:?]
	at net.minecraft.client.main.Main.main(Main.java:250) ~[minecraft-1.20.1-client.jar:?]
	at net.fabricmc.loader.impl.game.minecraft.MinecraftGameProvider.launch(MinecraftGameProvider.java:514) ~[fabric-loader-0.19.2.jar:?]
	at net.fabricmc.loader.impl.launch.knot.Knot.launch(Knot.java:72) ~[fabric-loader-0.19.2.jar:?]
	at net.fabricmc.loader.impl.launch.knot.KnotClient.main(KnotClient.java:23) ~[fabric-loader-0.19.2.jar:?]
	at org.prismlauncher.launcher.impl.StandardLauncher.launch(StandardLauncher.java:115) ~[NewLaunch.jar:?]
	at org.prismlauncher.EntryPoint.listen(EntryPoint.java:129) ~[NewLaunch.jar:?]
	at org.prismlauncher.EntryPoint.main(EntryPoint.java:70) ~[NewLaunch.jar:?]
[17:10:57] [Render thread/ERROR]: Failed to list path /data/minecraft/datapacks/bundle/assets
java.nio.file.NotDirectoryException: /data/minecraft/datapacks/bundle/assets
	at jdk.nio.zipfs.ZipDirectoryStream.<init>(ZipDirectoryStream.java:58) ~[jdk.zipfs:?]
	at jdk.nio.zipfs.ZipPath.newDirectoryStream(ZipPath.java:755) ~[jdk.zipfs:?]
	at jdk.nio.zipfs.ZipFileSystemProvider.newDirectoryStream(ZipFileSystemProvider.java:245) ~[jdk.zipfs:?]
	at java.nio.file.Files.newDirectoryStream(Files.java:482) ~[?:?]
	at net.minecraft.class_3259.method_14406(class_3259.java:130) ~[client-intermediary.jar:?]
	at net.minecraft.class_3255.handler$bpo000$citresewn$brokenpaths$parseMetadata(class_3255.java:527) ~[client-intermediary.jar:?]
	at net.minecraft.class_3255.method_14407(class_3255.java:35) ~[client-intermediary.jar:?]
	at net.minecraft.class_3288.method_45274(class_3288.java:77) ~[client-intermediary.jar:?]
	at net.minecraft.class_3288.method_45275(class_3288.java:47) ~[client-intermediary.jar:?]
	at net.minecraft.class_3286.method_45260(class_3286.java:66) ~[client-intermediary.jar:?]
	at net.minecraft.class_7678.method_45258(class_7678.java:76) ~[client-intermediary.jar:?]
	at net.minecraft.class_7678.method_45266(class_7678.java:61) ~[client-intermediary.jar:?]
	at java.util.HashMap.forEach(HashMap.java:1421) ~[?:?]
	at net.minecraft.class_7678.method_45267(class_7678.java:60) ~[client-intermediary.jar:?]
	at net.minecraft.class_7678.method_14453(class_7678.java:43) ~[client-intermediary.jar:?]
	at net.minecraft.class_3283.method_29212(class_3283.java:39) ~[client-intermediary.jar:?]
	at net.minecraft.class_3283.method_14445(class_3283.java:32) ~[client-intermediary.jar:?]
	at net.minecraft.server.MinecraftServer.method_29736(MinecraftServer.java:1351) ~[client-intermediary.jar:?]
	at net.minecraft.class_7237$class_7238.method_42099(class_7237.java:97) ~[client-intermediary.jar:?]
	at net.minecraft.class_7196.method_41889(class_7196.java:117) ~[client-intermediary.jar:?]
	at net.minecraft.class_525.method_41847(class_525.java:469) ~[client-intermediary.jar:?]
	at net.minecraft.class_525.method_45683(class_525.java:451) ~[client-intermediary.jar:?]
	at net.minecraft.class_7196.handler$kkd000$terrablender$skipConfirmation(class_7196.java:1536) ~[client-intermediary.jar:?]
	at net.minecraft.class_7196.method_41892(class_7196.java) ~[client-intermediary.jar:?]
	at net.minecraft.class_525.method_2736(class_525.java:451) ~[client-intermediary.jar:?]
	at net.minecraft.class_525.method_19922(class_525.java:404) ~[client-intermediary.jar:?]
	at net.minecraft.class_4185.method_25306(class_4185.java:94) ~[client-intermediary.jar:?]
	at net.minecraft.class_4264.method_25348(class_4264.java:56) ~[client-intermediary.jar:?]
	at net.minecraft.class_339.method_25402(class_339.java:189) ~[client-intermediary.jar:?]
	at net.minecraft.class_4069.method_25402(class_4069.java:38) ~[client-intermediary.jar:?]
	at net.minecraft.class_312.method_1611(class_312.java:98) ~[client-intermediary.jar:?]
	at net.minecraft.class_437.method_25412(class_437.java:409) ~[client-intermediary.jar:?]
	at net.minecraft.class_312.method_1601(class_312.java:98) ~[client-intermediary.jar:?]
	at net.minecraft.class_312.method_22686(class_312.java:169) ~[client-intermediary.jar:?]
	at net.minecraft.class_1255.execute(class_1255.java:102) ~[client-intermediary.jar:?]
	at net.minecraft.class_312.method_22684(class_312.java:169) ~[client-intermediary.jar:?]
	at org.lwjgl.glfw.GLFWMouseButtonCallbackI.callback(GLFWMouseButtonCallbackI.java:43) ~[lwjgl-glfw-3.3.1.jar:?]
	at org.lwjgl.system.JNI.invokeV(Native Method) ~[lwjgl-3.3.1.jar:?]
	at org.lwjgl.glfw.GLFW.glfwWaitEventsTimeout(GLFW.java:3474) ~[lwjgl-glfw-3.3.1.jar:?]
	at com.mojang.blaze3d.systems.RenderSystem.limitDisplayFPS(RenderSystem.java:237) ~[client-intermediary.jar:?]
	at net.minecraft.class_310.method_1523(class_310.java:1244) ~[client-intermediary.jar:?]
	at net.minecraft.class_310.method_1514(class_310.java:802) ~[client-intermediary.jar:?]
	at net.minecraft.client.main.Main.main(Main.java:250) ~[minecraft-1.20.1-client.jar:?]
	at net.fabricmc.loader.impl.game.minecraft.MinecraftGameProvider.launch(MinecraftGameProvider.java:514) ~[fabric-loader-0.19.2.jar:?]
	at net.fabricmc.loader.impl.launch.knot.Knot.launch(Knot.java:72) ~[fabric-loader-0.19.2.jar:?]
	at net.fabricmc.loader.impl.launch.knot.KnotClient.main(KnotClient.java:23) ~[fabric-loader-0.19.2.jar:?]
	at org.prismlauncher.launcher.impl.StandardLauncher.launch(StandardLauncher.java:115) ~[NewLaunch.jar:?]
	at org.prismlauncher.EntryPoint.listen(EntryPoint.java:129) ~[NewLaunch.jar:?]
	at org.prismlauncher.EntryPoint.main(EntryPoint.java:70) ~[NewLaunch.jar:?]
[17:10:57] [Render thread/INFO]: ARRP register - before user
[17:10:57] [Render thread/INFO]: ARRP register - before user
[17:10:57] [Render thread/INFO]: ARRP register - before vanilla
[17:10:57] [Render thread/INFO]: ARRP register - after vanilla
[17:10:57] [Render thread/INFO]: [BiomeReplacer] Loaded 0 rules (0 direct, 0 tag-based) and ignored 0
[17:10:57] [Render thread/INFO]: [BiomeReplacer] No rules found, not replacing anything
[17:10:57] [Render thread/INFO]: Stopping JEI
[17:10:57] [Render thread/INFO]: Stopping JEI
[17:10:57] [Render thread/INFO]: Sending Runtime Unavailable...
[17:10:57] [Render thread/INFO]: Stopping JEI GUI
[17:10:57] [Render thread/INFO]: Sending Runtime Unavailable took 881.2 ?s
[17:10:57] [Render thread/INFO]: [ETF]: emissive suffixes loaded: [_e]
[17:10:57] [Render thread/INFO]: Initialized TerraBlender biomes for level stem minecraft:the_nether
[17:10:58] [Render thread/INFO]: Initialized TerraBlender biomes for level stem minecraft:overworld
[17:11:38] [Render thread/INFO]: Applied 6013 biome modifications to 83 of 83 new biomes in 791.7 ms
[17:11:39] [Render thread/INFO]: Mixing common.MixinServerStatus from mixins/common/nochatreports.mixins.json into net.minecraft.class_2926
[17:11:39] [Server thread/INFO]: Loading server config for illagerinvasion
[17:11:39] [Server thread/INFO]: Registering Bounty Board Jigsaw Piece for Village Type: plains
[17:11:39] [Server thread/INFO]: Registering Bounty Board Jigsaw Piece for Village Type: savanna
[17:11:39] [Server thread/INFO]: Registering Bounty Board Jigsaw Piece for Village Type: snowy
[17:11:39] [Server thread/INFO]: Registering Bounty Board Jigsaw Piece for Village Type: taiga
[17:11:39] [Server thread/INFO]: Registering Bounty Board Jigsaw Piece for Village Type: desert
[17:11:39] [Server thread/INFO]: Loaded structure spawn modifier for: ResourceKey[minecraft:worldgen/structure / minecraft:ocean_ruin_warm]
[17:11:39] [Server thread/INFO]: Loaded structure spawn modifier for: ResourceKey[minecraft:worldgen/structure / minecraft:ruined_portal_ocean]
[17:11:39] [Server thread/INFO]: Loaded structure spawn modifier for: ResourceKey[minecraft:worldgen/structure / minecraft:shipwreck]
[17:11:39] [Server thread/WARN]: Configuration file C:\Users\Surface\AppData\Roaming\ElyPrismLauncher\instances\BiotechS\minecraft\saves\New World\serverconfig\mantle-server.toml is not correct. Correcting
[17:11:39] [Server thread/WARN]: Incorrect key tagPreferences was corrected from null to its default, [minecraft, tconstruct, tmechworks, create, immersiveengineering, mekanism, thermal]. 
[17:11:39] [Server thread/INFO]: Starting background profiler...
[17:11:39] [Server thread/INFO]: The async-profiler engine is not supported for your os/arch (windows11/amd64), so the built-in Java engine will be used instead.
[17:11:39] [pool-5-thread-1/INFO]: Reloading server config for illagerinvasion
[17:11:40] [Server thread/INFO]: Updating registries...
[17:11:40] [Server thread/INFO]: Structure registries updated
[17:11:40] [Server thread/INFO]: Structure Sets registries updated
[17:11:40] [Server thread/INFO]: Structure Template Pools registries updated
[17:11:40] [Server thread/INFO]: Registries updated
[17:11:41] [Server thread/INFO]: Starting integrated minecraft server version 1.20.1
[17:11:41] [Server thread/INFO]: Generating keypair
[17:11:41] [Server thread/INFO]: Enforcing safe world random access
[17:12:04] [Worker-Main-1/WARN]: Fixed 'general.throwEyeOfEnder' > before 'null' > after 'false'
[17:12:04] [Worker-Main-1/WARN]: Fixed 'general.useEyeOfEnder' > before 'null' > after 'false'
[17:12:04] [Worker-Main-1/WARN]: Fixed 'general.activateNetherPortal' > before 'null' > after 'false'
[17:12:04] [Worker-Main-1/WARN]: Fixed 'general.activateNetherPortalBlocks' > before 'null' > after 'minecraft:obsidian,securitycraft:reinforced_obsidian'
[17:12:04] [Worker-Main-1/WARN]: Fixed 'general.logDebug' > before 'null' > after 'false'
[17:12:04] [Worker-Main-1/WARN]: Fixed 'worldgen.generateStronghold' > before 'null' > after '0'
[17:12:04] [Worker-Main-1/WARN]: Fixed 'worldgen.generateRuinedPortal' > before 'null' > after '0'
[17:12:04] [Worker-Main-1/WARN]: Fixed 'worldgen.generateBuriedTreasure' > before 'null' > after '0'
[17:12:04] [Worker-Main-1/WARN]: Fixed 'worldgen.generateDesertPyramid' > before 'null' > after '0'
[17:12:04] [Worker-Main-1/WARN]: Fixed 'worldgen.generateEndCity' > before 'null' > after '0'
[17:12:04] [Worker-Main-1/WARN]: Fixed 'worldgen.generateFortress' > before 'null' > after '0'
[17:12:04] [Worker-Main-1/WARN]: Fixed 'worldgen.generateIgloo' > before 'null' > after '0'
[17:12:04] [Worker-Main-1/WARN]: Fixed 'worldgen.generateJungleTemple' > before 'null' > after '0'
[17:12:04] [Worker-Main-1/WARN]: Fixed 'worldgen.generateMineshaft' > before 'null' > after '-1'
[17:12:04] [Worker-Main-1/WARN]: Fixed 'worldgen.generateNetherFossil' > before 'null' > after '0'
[17:12:04] [Worker-Main-1/WARN]: Fixed 'worldgen.generateOceanMonument' > before 'null' > after '0'
[17:12:04] [Worker-Main-1/WARN]: Fixed 'worldgen.generateOceanRuin' > before 'null' > after '0'
[17:12:04] [Worker-Main-1/WARN]: Fixed 'worldgen.generateShipwreck' > before 'null' > after '-1'
[17:12:04] [Worker-Main-1/WARN]: Fixed 'worldgen.generateSwampHut' > before 'null' > after '0'
[17:12:04] [Worker-Main-1/WARN]: Fixed 'worldgen.generateWoodlandMansion' > before 'null' > after '0'
[17:12:04] [Worker-Main-1/WARN]: Fixed 'worldgen.generateAncientCity' > before 'null' > after '0'
[17:12:04] [Worker-Main-1/WARN]: Fixed 'worldgen.generateBastionRemnant' > before 'null' > after '0'
[17:12:04] [Worker-Main-1/WARN]: Fixed 'worldgen.generateMansion' > before 'null' > after '0'
[17:12:04] [Worker-Main-1/WARN]: Fixed 'worldgen.generatePillagerOutpost' > before 'null' > after '0'
[17:12:04] [Worker-Main-1/WARN]: Fixed 'worldgen.generateTrailRuins' > before 'null' > after '0'
[17:12:04] [Worker-Main-1/WARN]: Fixed 'worldgen.generateTrialChambers' > before 'null' > after '0'
[17:12:04] [Worker-Main-1/WARN]: Fixed 'worldgen.generateVillageDesert' > before 'null' > after '0'
[17:12:04] [Worker-Main-1/WARN]: Fixed 'worldgen.generateVillagePlains' > before 'null' > after '0'
[17:12:04] [Worker-Main-1/WARN]: Fixed 'worldgen.generateVillageSavanna' > before 'null' > after '0'
[17:12:04] [Worker-Main-1/WARN]: Fixed 'worldgen.generateVillageSnowy' > before 'null' > after '0'
[17:12:04] [Worker-Main-1/WARN]: Fixed 'worldgen.generateVillageTaiga' > before 'null' > after '0'
[17:12:04] [Worker-Main-1/WARN]: Fixed 'worldgen.generateModdedStructure' > before 'null' > after 'example_mod:structure:0,other_example_mod:*:0,example_mod:struct*:0'
[17:12:05] [spark-java-sampler-0-0/WARN]: Timed out waiting for world statistics
[17:13:05] [spark-java-sampler-0-2/WARN]: Timed out waiting for world statistics
[17:13:57] [Server thread/INFO]: [Village Spawn Point] Finding the nearest village. This might take a few seconds.
[17:14:05] [spark-java-sampler-0-3/WARN]: Timed out waiting for world statistics
[17:14:09] [Server thread/INFO]: Preparing start region for dimension minecraft:overworld
[17:14:14] [Render thread/INFO]: Preparing spawn area: 0%
[17:14:15] [Render thread/INFO]: Preparing spawn area: 0%
[17:14:15] [Render thread/INFO]: Preparing spawn area: 0%
[17:14:15] [Render thread/INFO]: Preparing spawn area: 0%
[17:14:15] [Render thread/INFO]: Preparing spawn area: 0%
[17:14:17] [Render thread/INFO]: Preparing spawn area: 0%
[17:14:17] [Render thread/INFO]: Preparing spawn area: 0%
[17:14:35] [Render thread/INFO]: Preparing spawn area: 0%
[17:14:35] [Render thread/INFO]: Preparing spawn area: 0%
[17:14:35] [Render thread/INFO]: Preparing spawn area: 0%
[17:14:35] [Render thread/INFO]: Preparing spawn area: 0%
[17:14:35] [Render thread/INFO]: Preparing spawn area: 0%
[17:14:35] [Render thread/INFO]: Preparing spawn area: 0%
[17:14:35] [Render thread/INFO]: Preparing spawn area: 0%
[17:14:35] [Render thread/INFO]: Preparing spawn area: 0%
[17:14:36] [Render thread/INFO]: Preparing spawn area: 0%
[17:14:36] [Render thread/INFO]: Preparing spawn area: 0%
[17:14:36] [Render thread/INFO]: Preparing spawn area: 0%
[17:14:36] [Render thread/INFO]: Preparing spawn area: 0%
[17:14:37] [Render thread/INFO]: Preparing spawn area: 0%
[17:14:37] [Render thread/INFO]: Preparing spawn area: 0%
[17:14:37] [Render thread/INFO]: Preparing spawn area: 0%
[17:14:37] [Render thread/INFO]: Preparing spawn area: 0%
[17:14:37] [Render thread/INFO]: Preparing spawn area: 0%
[17:14:37] [Render thread/INFO]: Preparing spawn area: 0%
[17:14:37] [Render thread/INFO]: Preparing spawn area: 0%
[17:14:37] [Render thread/INFO]: Preparing spawn area: 0%
[17:14:37] [Render thread/INFO]: Preparing spawn area: 0%
[17:14:37] [Render thread/INFO]: Preparing spawn area: 0%
[17:14:37] [Render thread/INFO]: Preparing spawn area: 0%
[17:14:38] [Render thread/INFO]: Preparing spawn area: 0%
[17:14:38] [Render thread/INFO]: Preparing spawn area: 0%
[17:14:42] [Render thread/INFO]: Preparing spawn area: 0%
[17:14:42] [Render thread/INFO]: Preparing spawn area: 0%
[17:14:42] [Render thread/INFO]: Preparing spawn area: 0%
[17:14:42] [Render thread/INFO]: Preparing spawn area: 0%
[17:14:42] [Render thread/INFO]: Preparing spawn area: 0%
[17:14:42] [Render thread/INFO]: Preparing spawn area: 0%
[17:14:42] [Render thread/INFO]: Preparing spawn area: 0%
[17:14:42] [Render thread/INFO]: Preparing spawn area: 0%
[17:14:42] [Render thread/INFO]: Preparing spawn area: 0%
[17:14:42] [Render thread/INFO]: Preparing spawn area: 0%
[17:14:42] [Render thread/INFO]: Preparing spawn area: 0%
[17:14:42] [Render thread/INFO]: Preparing spawn area: 0%
[17:14:43] [Render thread/INFO]: Preparing spawn area: 0%
[17:14:43] [Render thread/INFO]: Preparing spawn area: 0%
[17:14:43] [Render thread/INFO]: Preparing spawn area: 0%
[17:14:43] [Render thread/INFO]: Preparing spawn area: 0%
[17:14:44] [Render thread/INFO]: Preparing spawn area: 0%
[17:14:44] [Render thread/INFO]: Preparing spawn area: 0%
[17:14:44] [Render thread/INFO]: Preparing spawn area: 0%
[17:14:44] [Render thread/INFO]: Preparing spawn area: 0%
[17:14:44] [Render thread/INFO]: Preparing spawn area: 0%
[17:14:44] [Render thread/INFO]: Preparing spawn area: 0%
[17:14:45] [Render thread/INFO]: Preparing spawn area: 0%
[17:14:45] [Render thread/INFO]: Preparing spawn area: 0%
[17:14:45] [Render thread/INFO]: Preparing spawn area: 0%
[17:14:45] [Render thread/INFO]: Preparing spawn area: 0%
[17:14:45] [Render thread/INFO]: Preparing spawn area: 0%
[17:14:45] [Render thread/INFO]: Preparing spawn area: 0%
[17:14:45] [Render thread/INFO]: Preparing spawn area: 0%
[17:14:45] [Render thread/INFO]: Preparing spawn area: 0%
[17:14:45] [Render thread/INFO]: Preparing spawn area: 0%
[17:14:46] [Render thread/INFO]: Preparing spawn area: 0%
[17:14:46] [Render thread/INFO]: Preparing spawn area: 0%
[17:14:46] [Render thread/INFO]: Preparing spawn area: 0%
[17:14:47] [Render thread/INFO]: Preparing spawn area: 0%
[17:14:47] [Render thread/INFO]: Preparing spawn area: 0%
[17:14:48] [Render thread/INFO]: Preparing spawn area: 0%
[17:14:48] [Render thread/INFO]: Preparing spawn area: 0%
[17:14:48] [Render thread/INFO]: Preparing spawn area: 0%
[17:14:50] [Render thread/INFO]: Preparing spawn area: 0%
[17:14:50] [Render thread/INFO]: Preparing spawn area: 0%
[17:14:50] [Render thread/INFO]: Preparing spawn area: 0%
[17:14:50] [Render thread/INFO]: Preparing spawn area: 0%
[17:14:51] [Render thread/INFO]: Preparing spawn area: 0%
[17:14:52] [Render thread/INFO]: Preparing spawn area: 0%
[17:14:52] [Render thread/INFO]: Preparing spawn area: 0%
[17:14:53] [Render thread/INFO]: Preparing spawn area: 0%
[17:14:53] [Render thread/INFO]: Preparing spawn area: 0%
[17:14:54] [Render thread/INFO]: Preparing spawn area: 0%
[17:14:54] [Render thread/INFO]: Preparing spawn area: 0%
[17:15:00] [Render thread/INFO]: Preparing spawn area: 0%
[17:15:00] [Render thread/INFO]: Preparing spawn area: 0%
[17:15:00] [Render thread/INFO]: Preparing spawn area: 0%
[17:15:00] [Render thread/INFO]: Preparing spawn area: 0%
[17:15:00] [Render thread/INFO]: Preparing spawn area: 0%
[17:15:00] [Render thread/INFO]: Preparing spawn area: 0%
[17:15:00] [Render thread/INFO]: Preparing spawn area: 0%
[17:15:00] [Render thread/INFO]: Preparing spawn area: 0%
[17:15:00] [Render thread/INFO]: Preparing spawn area: 0%
[17:15:00] [Render thread/INFO]: Preparing spawn area: 0%
[17:15:00] [Render thread/INFO]: Preparing spawn area: 0%
[17:15:00] [Render thread/INFO]: Preparing spawn area: 0%
[17:15:00] [Render thread/INFO]: Preparing spawn area: 0%
[17:15:01] [Render thread/INFO]: Preparing spawn area: 0%
[17:15:02] [Render thread/INFO]: Preparing spawn area: 0%
[17:15:02] [Render thread/INFO]: Preparing spawn area: 0%
[17:15:03] [Render thread/INFO]: Preparing spawn area: 1%
[17:15:03] [Render thread/INFO]: Preparing spawn area: 1%
[17:15:04] [Render thread/INFO]: Preparing spawn area: 1%
[17:15:04] [Render thread/INFO]: Preparing spawn area: 1%
[17:15:04] [Render thread/INFO]: Preparing spawn area: 1%
[17:15:05] [Render thread/INFO]: Preparing spawn area: 1%
[17:15:05] [Render thread/INFO]: Preparing spawn area: 1%
[17:15:06] [Render thread/INFO]: Preparing spawn area: 1%
[17:15:07] [Render thread/INFO]: Preparing spawn area: 1%
[17:15:07] [Render thread/INFO]: Preparing spawn area: 1%
[17:15:08] [Render thread/INFO]: Preparing spawn area: 1%
[17:15:08] [Render thread/INFO]: Preparing spawn area: 1%
[17:15:09] [Render thread/INFO]: Preparing spawn area: 1%
[17:15:09] [Render thread/INFO]: Preparing spawn area: 1%
[17:15:09] [Render thread/INFO]: Preparing spawn area: 1%
[17:15:10] [Render thread/INFO]: Preparing spawn area: 1%
[17:15:10] [Render thread/INFO]: Preparing spawn area: 1%
[17:15:12] [Render thread/INFO]: Preparing spawn area: 1%
[17:15:12] [Render thread/INFO]: Preparing spawn area: 1%
[17:15:12] [Render thread/INFO]: Preparing spawn area: 1%
[17:15:13] [Render thread/INFO]: Preparing spawn area: 1%
[17:15:13] [Render thread/INFO]: Preparing spawn area: 1%
[17:15:14] [Render thread/INFO]: Preparing spawn area: 1%
[17:15:14] [Render thread/INFO]: Preparing spawn area: 1%
[17:15:15] [Render thread/INFO]: Preparing spawn area: 1%
[17:15:15] [Render thread/INFO]: Preparing spawn area: 1%
[17:15:16] [Render thread/INFO]: Preparing spawn area: 1%
[17:15:16] [Render thread/INFO]: Preparing spawn area: 1%
[17:15:17] [Render thread/INFO]: Preparing spawn area: 1%
[17:15:17] [Render thread/INFO]: Preparing spawn area: 1%
[17:15:18] [Render thread/INFO]: Preparing spawn area: 1%
[17:15:18] [Render thread/INFO]: Preparing spawn area: 1%
[17:15:19] [Render thread/INFO]: Preparing spawn area: 2%
[17:15:20] [Render thread/INFO]: Preparing spawn area: 2%
[17:15:20] [Render thread/INFO]: Preparing spawn area: 2%
[17:15:20] [Render thread/INFO]: Preparing spawn area: 2%
[17:15:21] [Render thread/INFO]: Preparing spawn area: 2%
[17:15:21] [Render thread/INFO]: Preparing spawn area: 2%
[17:15:22] [Render thread/INFO]: Preparing spawn area: 2%
[17:15:22] [Render thread/INFO]: Preparing spawn area: 2%
[17:15:23] [Render thread/INFO]: Preparing spawn area: 2%
[17:15:23] [Render thread/INFO]: Preparing spawn area: 2%
[17:15:24] [Render thread/INFO]: Preparing spawn area: 2%
[17:15:24] [Render thread/INFO]: Preparing spawn area: 2%
[17:15:25] [Render thread/INFO]: Preparing spawn area: 2%
[17:15:25] [Render thread/INFO]: Preparing spawn area: 2%
[17:15:26] [Render thread/INFO]: Preparing spawn area: 2%
[17:15:26] [Render thread/INFO]: Preparing spawn area: 2%
[17:15:27] [Render thread/INFO]: Preparing spawn area: 2%
[17:15:27] [Render thread/INFO]: Preparing spawn area: 2%
[17:15:28] [Render thread/INFO]: Preparing spawn area: 2%
[17:15:28] [Render thread/INFO]: Preparing spawn area: 2%
[17:15:29] [Render thread/INFO]: Preparing spawn area: 2%
[17:15:29] [Render thread/INFO]: Preparing spawn area: 2%
[17:15:29] [Render thread/INFO]: Preparing spawn area: 2%
[17:15:30] [Render thread/INFO]: Preparing spawn area: 2%
[17:15:31] [Render thread/INFO]: Preparing spawn area: 3%
[17:15:31] [Render thread/INFO]: Preparing spawn area: 3%
[17:15:32] [Render thread/INFO]: Preparing spawn area: 3%
[17:15:32] [Render thread/INFO]: Preparing spawn area: 3%
[17:15:32] [Render thread/INFO]: Preparing spawn area: 3%
[17:15:33] [Render thread/INFO]: Preparing spawn area: 3%
[17:15:34] [Render thread/INFO]: Preparing spawn area: 3%
[17:15:34] [Render thread/INFO]: Preparing spawn area: 3%
[17:15:36] [Render thread/INFO]: Preparing spawn area: 3%
[17:15:36] [Render thread/INFO]: Preparing spawn area: 3%
[17:15:36] [Render thread/INFO]: Preparing spawn area: 3%
[17:15:36] [Render thread/INFO]: Preparing spawn area: 3%
[17:15:36] [Render thread/INFO]: Preparing spawn area: 3%
[17:15:37] [Render thread/INFO]: Preparing spawn area: 4%
[17:15:38] [Render thread/INFO]: Preparing spawn area: 4%
[17:15:38] [Render thread/INFO]: Preparing spawn area: 4%
[17:15:39] [Render thread/INFO]: Preparing spawn area: 4%
[17:15:40] [Render thread/INFO]: Preparing spawn area: 4%
[17:15:40] [Render thread/INFO]: Preparing spawn area: 4%
[17:15:40] [Render thread/INFO]: Preparing spawn area: 4%
[17:15:41] [Render thread/INFO]: Preparing spawn area: 4%
[17:15:41] [Render thread/INFO]: Preparing spawn area: 4%
[17:15:43] [Render thread/INFO]: Preparing spawn area: 4%
[17:15:43] [Render thread/INFO]: Preparing spawn area: 4%
[17:15:43] [Render thread/INFO]: Preparing spawn area: 4%
[17:15:43] [Render thread/INFO]: Preparing spawn area: 4%
[17:15:44] [Render thread/INFO]: Preparing spawn area: 4%
[17:15:44] [Render thread/INFO]: Preparing spawn area: 4%
[17:15:45] [Render thread/INFO]: Preparing spawn area: 4%
[17:15:45] [Render thread/INFO]: Preparing spawn area: 4%
[17:15:46] [Render thread/INFO]: Preparing spawn area: 4%
[17:15:47] [Render thread/INFO]: Preparing spawn area: 4%
[17:15:47] [Render thread/INFO]: Preparing spawn area: 4%
[17:15:47] [Render thread/INFO]: Preparing spawn area: 4%
[17:15:48] [Render thread/INFO]: Preparing spawn area: 4%
[17:15:48] [Render thread/INFO]: Preparing spawn area: 4%
[17:15:49] [Render thread/INFO]: Preparing spawn area: 4%
[17:15:49] [Render thread/INFO]: Preparing spawn area: 4%
[17:15:50] [Render thread/INFO]: Preparing spawn area: 4%
[17:15:51] [Render thread/INFO]: Preparing spawn area: 5%
[17:15:51] [Render thread/INFO]: Preparing spawn area: 5%
[17:15:51] [Render thread/INFO]: Preparing spawn area: 5%
[17:15:52] [Render thread/INFO]: Preparing spawn area: 5%
[17:15:52] [Render thread/INFO]: Preparing spawn area: 5%
[17:15:53] [Render thread/INFO]: Preparing spawn area: 5%
[17:15:53] [Render thread/INFO]: Preparing spawn area: 5%
[17:15:55] [Render thread/INFO]: Preparing spawn area: 5%
[17:15:55] [Render thread/INFO]: Preparing spawn area: 5%
[17:15:55] [Render thread/INFO]: Preparing spawn area: 5%
[17:15:55] [Render thread/INFO]: Preparing spawn area: 5%
[17:15:55] [Render thread/INFO]: Preparing spawn area: 5%
[17:15:57] [Render thread/INFO]: Preparing spawn area: 5%
[17:15:57] [Render thread/INFO]: Preparing spawn area: 5%
[17:15:57] [Render thread/INFO]: Preparing spawn area: 5%
[17:15:58] [Render thread/INFO]: Preparing spawn area: 5%
[17:15:58] [Render thread/INFO]: Preparing spawn area: 5%
[17:15:59] [Render thread/INFO]: Preparing spawn area: 5%
[17:16:01] [Render thread/INFO]: Preparing spawn area: 5%
[17:16:01] [Render thread/INFO]: Preparing spawn area: 5%
[17:16:01] [Render thread/INFO]: Preparing spawn area: 5%
[17:16:02] [Render thread/INFO]: Preparing spawn area: 5%
[17:16:02] [Render thread/INFO]: Preparing spawn area: 5%
[17:16:04] [Render thread/INFO]: Preparing spawn area: 5%
[17:16:04] [Render thread/INFO]: Preparing spawn area: 5%
[17:16:04] [Render thread/INFO]: Preparing spawn area: 5%
[17:16:06] [Render thread/INFO]: Preparing spawn area: 5%
[17:16:06] [Render thread/INFO]: Preparing spawn area: 5%
[17:16:06] [Render thread/INFO]: Preparing spawn area: 5%
[17:16:06] [Render thread/INFO]: Preparing spawn area: 5%
[17:16:06] [Render thread/INFO]: Preparing spawn area: 5%
[17:16:06] [Render thread/INFO]: Preparing spawn area: 5%
[17:16:06] [Render thread/INFO]: Preparing spawn area: 5%
[17:16:13] [Render thread/INFO]: Preparing spawn area: 5%
[17:16:13] [Render thread/INFO]: Preparing spawn area: 5%
[17:16:13] [Render thread/INFO]: Preparing spawn area: 5%
[17:16:13] [Render thread/INFO]: Preparing spawn area: 5%
[17:16:13] [Render thread/INFO]: Preparing spawn area: 5%
[17:16:13] [Render thread/INFO]: Preparing spawn area: 5%
[17:16:14] [Render thread/INFO]: Preparing spawn area: 5%
[17:16:14] [Render thread/INFO]: Preparing spawn area: 5%
[17:16:14] [Render thread/INFO]: Preparing spawn area: 5%
[17:16:14] [Render thread/INFO]: Preparing spawn area: 5%
[17:16:14] [Render thread/INFO]: Preparing spawn area: 5%
[17:16:14] [Render thread/INFO]: Preparing spawn area: 5%
[17:16:14] [Render thread/INFO]: Preparing spawn area: 5%
[17:16:14] [Render thread/INFO]: Preparing spawn area: 5%
[17:16:14] [Render thread/INFO]: Preparing spawn area: 5%
[17:16:14] [Render thread/INFO]: Preparing spawn area: 5%
[17:16:15] [Render thread/INFO]: Preparing spawn area: 5%
[17:16:16] [Render thread/INFO]: Preparing spawn area: 5%
[17:16:16] [Render thread/INFO]: Preparing spawn area: 5%
[17:16:16] [Render thread/INFO]: Preparing spawn area: 5%
[17:16:16] [Render thread/INFO]: Preparing spawn area: 5%
[17:16:17] [Render thread/INFO]: Preparing spawn area: 5%
[17:16:22] [Render thread/INFO]: Preparing spawn area: 5%
[17:16:22] [Render thread/INFO]: Preparing spawn area: 5%
[17:16:22] [Render thread/INFO]: Preparing spawn area: 5%
[17:16:22] [Render thread/INFO]: Preparing spawn area: 5%
[17:16:22] [Render thread/INFO]: Preparing spawn area: 5%
[17:16:22] [Render thread/INFO]: Preparing spawn area: 5%
[17:16:22] [Render thread/INFO]: Preparing spawn area: 5%
[17:16:22] [Render thread/INFO]: Preparing spawn area: 5%
[17:16:22] [Render thread/INFO]: Preparing spawn area: 5%
[17:16:22] [Render thread/INFO]: Preparing spawn area: 5%
[17:16:22] [Render thread/INFO]: Preparing spawn area: 6%
[17:16:23] [Render thread/INFO]: Preparing spawn area: 6%
[17:16:23] [Render thread/INFO]: Preparing spawn area: 6%
[17:16:25] [Render thread/INFO]: Preparing spawn area: 6%
[17:16:25] [Render thread/INFO]: Preparing spawn area: 6%
[17:16:25] [Render thread/INFO]: Preparing spawn area: 6%
[17:16:26] [Render thread/INFO]: Preparing spawn area: 7%
[17:16:26] [Render thread/INFO]: Preparing spawn area: 7%
[17:16:26] [Render thread/INFO]: Preparing spawn area: 7%
[17:16:27] [Render thread/INFO]: Preparing spawn area: 7%
[17:16:28] [Render thread/INFO]: Preparing spawn area: 7%
[17:16:28] [Render thread/INFO]: Preparing spawn area: 7%
[17:16:28] [Render thread/INFO]: Preparing spawn area: 7%
[17:16:30] [Render thread/INFO]: Preparing spawn area: 8%
[17:16:30] [Render thread/INFO]: Preparing spawn area: 8%
[17:16:31] [Render thread/INFO]: Preparing spawn area: 8%
[17:16:31] [Render thread/INFO]: Preparing spawn area: 8%
[17:16:31] [Render thread/INFO]: Preparing spawn area: 8%
[17:16:32] [Render thread/INFO]: Preparing spawn area: 8%
[17:16:32] [Render thread/INFO]: Preparing spawn area: 8%
[17:16:34] [Render thread/INFO]: Preparing spawn area: 8%
[17:16:34] [Render thread/INFO]: Preparing spawn area: 8%
[17:16:34] [Render thread/INFO]: Preparing spawn area: 8%
[17:16:34] [Render thread/INFO]: Preparing spawn area: 9%
[17:16:35] [Render thread/INFO]: Preparing spawn area: 9%
[17:16:35] [Render thread/INFO]: Preparing spawn area: 9%
[17:16:35] [Render thread/INFO]: Preparing spawn area: 9%
[17:16:36] [Render thread/INFO]: Preparing spawn area: 9%
[17:16:37] [Render thread/INFO]: Preparing spawn area: 9%
[17:16:37] [Render thread/INFO]: Preparing spawn area: 9%
[17:16:38] [Render thread/INFO]: Preparing spawn area: 9%
[17:16:38] [Render thread/INFO]: Preparing spawn area: 9%
[17:16:39] [Render thread/INFO]: Preparing spawn area: 9%
[17:16:39] [Render thread/INFO]: Preparing spawn area: 9%
[17:16:40] [Render thread/INFO]: Preparing spawn area: 9%
[17:16:41] [Render thread/INFO]: Preparing spawn area: 9%
[17:16:41] [Render thread/INFO]: Preparing spawn area: 9%
[17:16:41] [Render thread/INFO]: Preparing spawn area: 9%
[17:16:42] [Render thread/INFO]: Preparing spawn area: 9%
[17:16:43] [Render thread/INFO]: Preparing spawn area: 9%
[17:16:43] [Render thread/INFO]: Preparing spawn area: 9%
[17:16:44] [Render thread/INFO]: Preparing spawn area: 9%
[17:16:44] [Render thread/INFO]: Preparing spawn area: 9%
[17:16:44] [Render thread/INFO]: Preparing spawn area: 9%
[17:16:45] [Render thread/INFO]: Preparing spawn area: 9%
[17:16:45] [Render thread/INFO]: Preparing spawn area: 9%
[17:16:46] [Render thread/INFO]: Preparing spawn area: 9%
[17:16:46] [Render thread/INFO]: Preparing spawn area: 9%
[17:16:46] [Render thread/INFO]: Preparing spawn area: 9%
[17:16:48] [Render thread/INFO]: Preparing spawn area: 9%
[17:16:48] [Render thread/INFO]: Preparing spawn area: 9%
[17:16:48] [Render thread/INFO]: Preparing spawn area: 9%
[17:16:49] [Render thread/INFO]: Preparing spawn area: 9%
[17:16:49] [Render thread/INFO]: Preparing spawn area: 9%
[17:16:50] [Render thread/INFO]: Preparing spawn area: 9%
[17:16:50] [Render thread/INFO]: Preparing spawn area: 10%
[17:16:51] [Render thread/INFO]: Preparing spawn area: 10%
[17:16:51] [Render thread/INFO]: Preparing spawn area: 10%
[17:16:52] [Render thread/INFO]: Preparing spawn area: 10%
[17:16:52] [Render thread/INFO]: Preparing spawn area: 10%
[17:16:54] [Render thread/INFO]: Preparing spawn area: 10%
[17:16:54] [Render thread/INFO]: Preparing spawn area: 10%
[17:16:54] [Render thread/INFO]: Preparing spawn area: 10%
[17:16:54] [Render thread/INFO]: Preparing spawn area: 10%
[17:16:55] [Render thread/INFO]: Preparing spawn area: 10%
[17:16:55] [Render thread/INFO]: Preparing spawn area: 10%
[17:16:56] [Render thread/INFO]: Preparing spawn area: 10%
[17:16:56] [Render thread/INFO]: Preparing spawn area: 10%
[17:16:57] [Render thread/INFO]: Preparing spawn area: 10%
[17:16:57] [Render thread/INFO]: Preparing spawn area: 10%
[17:16:59] [Render thread/INFO]: Preparing spawn area: 10%
[17:16:59] [Render thread/INFO]: Preparing spawn area: 10%
[17:16:59] [Render thread/INFO]: Preparing spawn area: 10%
[17:16:59] [Render thread/INFO]: Preparing spawn area: 10%
[17:16:59] [Render thread/INFO]: Preparing spawn area: 10%
[17:17:01] [Render thread/INFO]: Preparing spawn area: 10%
[17:17:01] [Render thread/INFO]: Preparing spawn area: 10%
[17:17:01] [Render thread/INFO]: Preparing spawn area: 10%
[17:17:02] [Render thread/INFO]: Preparing spawn area: 10%
[17:17:02] [Render thread/INFO]: Preparing spawn area: 10%
[17:17:03] [Render thread/INFO]: Preparing spawn area: 10%
[17:17:03] [Render thread/INFO]: Preparing spawn area: 10%
[17:17:04] [Render thread/INFO]: Preparing spawn area: 11%
[17:17:04] [Render thread/INFO]: Preparing spawn area: 11%
[17:17:04] [Render thread/INFO]: Preparing spawn area: 11%
[17:17:05] [Render thread/INFO]: Preparing spawn area: 12%
[17:17:07] [Render thread/INFO]: Preparing spawn area: 12%
[17:17:07] [Render thread/INFO]: Preparing spawn area: 12%
[17:17:07] [Render thread/INFO]: Preparing spawn area: 12%
[17:17:08] [Render thread/INFO]: Preparing spawn area: 13%
[17:17:08] [Render thread/INFO]: Preparing spawn area: 13%
[17:17:08] [Render thread/INFO]: Preparing spawn area: 13%
[17:17:09] [Render thread/INFO]: Preparing spawn area: 13%
[17:17:09] [Render thread/INFO]: Preparing spawn area: 13%
[17:17:10] [Render thread/INFO]: Preparing spawn area: 13%
[17:17:10] [Render thread/INFO]: Preparing spawn area: 13%
[17:17:10] [Render thread/INFO]: Preparing spawn area: 14%
[17:17:11] [Render thread/INFO]: Preparing spawn area: 14%
[17:17:11] [Render thread/INFO]: Preparing spawn area: 14%
[17:17:13] [Render thread/INFO]: Preparing spawn area: 14%
[17:17:13] [Render thread/INFO]: Preparing spawn area: 14%
[17:17:13] [Render thread/INFO]: Preparing spawn area: 14%
[17:17:14] [Render thread/INFO]: Preparing spawn area: 15%
[17:17:14] [Render thread/INFO]: Preparing spawn area: 15%
[17:17:15] [Render thread/INFO]: Preparing spawn area: 15%
[17:17:15] [Render thread/INFO]: Preparing spawn area: 15%
[17:17:16] [Render thread/INFO]: Preparing spawn area: 15%
[17:17:17] [Render thread/INFO]: Preparing spawn area: 15%
[17:17:17] [Render thread/INFO]: Preparing spawn area: 15%
[17:17:17] [Render thread/INFO]: Preparing spawn area: 15%
[17:17:18] [Render thread/INFO]: Preparing spawn area: 15%
[17:17:18] [Render thread/INFO]: Preparing spawn area: 15%
[17:17:18] [Render thread/INFO]: Preparing spawn area: 15%
[17:17:19] [Render thread/INFO]: Preparing spawn area: 15%
[17:17:19] [Render thread/INFO]: Preparing spawn area: 15%
[17:17:20] [Render thread/INFO]: Preparing spawn area: 15%
[17:17:21] [Render thread/INFO]: Preparing spawn area: 15%
[17:17:21] [Render thread/INFO]: Preparing spawn area: 15%
[17:17:22] [Render thread/INFO]: Preparing spawn area: 15%
[17:17:22] [Render thread/INFO]: Preparing spawn area: 15%
[17:17:24] [Render thread/INFO]: Preparing spawn area: 15%
[17:17:24] [Render thread/INFO]: Preparing spawn area: 15%
[17:17:24] [Render thread/INFO]: Preparing spawn area: 15%
[17:17:24] [Render thread/INFO]: Preparing spawn area: 15%
[17:17:24] [Render thread/INFO]: Preparing spawn area: 15%
[17:17:25] [Render thread/INFO]: Preparing spawn area: 15%
[17:17:26] [Render thread/INFO]: Preparing spawn area: 16%
[17:17:26] [Render thread/INFO]: Preparing spawn area: 16%
[17:17:26] [Render thread/INFO]: Preparing spawn area: 16%
[17:17:27] [Render thread/INFO]: Preparing spawn area: 16%
[17:17:30] [Render thread/INFO]: Preparing spawn area: 16%
[17:17:30] [Render thread/INFO]: Preparing spawn area: 16%
[17:17:30] [Render thread/INFO]: Preparing spawn area: 16%
[17:17:30] [Render thread/INFO]: Preparing spawn area: 16%
[17:17:30] [Render thread/INFO]: Preparing spawn area: 16%
[17:17:31] [Render thread/INFO]: Preparing spawn area: 17%
[17:17:31] [Render thread/INFO]: Preparing spawn area: 17%
[17:17:31] [Render thread/INFO]: Preparing spawn area: 17%
[17:17:31] [Render thread/INFO]: Preparing spawn area: 17%
[17:17:33] [Render thread/INFO]: Preparing spawn area: 17%
[17:17:33] [Render thread/INFO]: Preparing spawn area: 17%
[17:17:33] [Render thread/INFO]: Preparing spawn area: 17%
[17:17:34] [Render thread/INFO]: Preparing spawn area: 17%
[17:17:35] [Render thread/INFO]: Preparing spawn area: 17%
[17:17:35] [Render thread/INFO]: Preparing spawn area: 17%
[17:17:35] [Render thread/INFO]: Preparing spawn area: 17%
[17:17:37] [Render thread/INFO]: Preparing spawn area: 17%
[17:17:37] [Render thread/INFO]: Preparing spawn area: 17%
[17:17:37] [Render thread/INFO]: Preparing spawn area: 17%
[17:17:41] [Render thread/INFO]: Preparing spawn area: 17%
[17:17:41] [Render thread/INFO]: Preparing spawn area: 17%
[17:17:41] [Render thread/INFO]: Preparing spawn area: 17%
[17:17:41] [Render thread/INFO]: Preparing spawn area: 17%
[17:17:41] [Render thread/INFO]: Preparing spawn area: 17%
[17:17:41] [Render thread/INFO]: Preparing spawn area: 17%
[17:17:41] [Render thread/INFO]: Preparing spawn area: 17%
[17:17:41] [Render thread/INFO]: Preparing spawn area: 17%
[17:17:41] [Render thread/INFO]: Preparing spawn area: 17%
[17:17:42] [Render thread/INFO]: Preparing spawn area: 17%
[17:17:42] [Render thread/INFO]: Preparing spawn area: 17%
[17:17:42] [Render thread/INFO]: Preparing spawn area: 17%
[17:17:43] [Render thread/INFO]: Preparing spawn area: 17%
[17:17:43] [Render thread/INFO]: Preparing spawn area: 17%
[17:17:45] [Render thread/INFO]: Preparing spawn area: 17%
[17:17:45] [Render thread/INFO]: Preparing spawn area: 17%
[17:17:45] [Render thread/INFO]: Preparing spawn area: 17%
[17:17:46] [Render thread/INFO]: Preparing spawn area: 18%
[17:17:46] [Render thread/INFO]: Preparing spawn area: 18%
[17:17:47] [Render thread/INFO]: Preparing spawn area: 18%
[17:17:47] [Render thread/INFO]: Preparing spawn area: 18%
[17:17:47] [Render thread/INFO]: Preparing spawn area: 19%
[17:17:49] [Render thread/INFO]: Preparing spawn area: 19%
[17:17:49] [Render thread/INFO]: Preparing spawn area: 19%
[17:17:49] [Render thread/INFO]: Preparing spawn area: 19%
[17:17:49] [Render thread/INFO]: Preparing spawn area: 20%
[17:17:51] [Render thread/INFO]: Preparing spawn area: 20%
[17:17:51] [Render thread/INFO]: Preparing spawn area: 20%
[17:17:51] [Render thread/INFO]: Preparing spawn area: 20%
[17:17:52] [Render thread/INFO]: Preparing spawn area: 20%
[17:17:53] [Render thread/INFO]: Preparing spawn area: 20%
[17:17:53] [Render thread/INFO]: Preparing spawn area: 20%
[17:17:53] [Render thread/INFO]: Preparing spawn area: 20%
[17:17:53] [Render thread/INFO]: Preparing spawn area: 20%
[17:17:55] [Render thread/INFO]: Preparing spawn area: 21%
[17:17:55] [Render thread/INFO]: Preparing spawn area: 21%
[17:17:55] [Render thread/INFO]: Preparing spawn area: 21%
[17:17:55] [Render thread/INFO]: Preparing spawn area: 21%
[17:17:57] [Render thread/INFO]: Preparing spawn area: 21%
[17:17:57] [Render thread/INFO]: Preparing spawn area: 21%
[17:17:57] [Render thread/INFO]: Preparing spawn area: 21%
[17:17:58] [Render thread/INFO]: Preparing spawn area: 21%
[17:17:59] [Render thread/INFO]: Preparing spawn area: 21%
[17:17:59] [Render thread/INFO]: Preparing spawn area: 21%
[17:17:59] [Render thread/INFO]: Preparing spawn area: 21%
[17:18:00] [Render thread/INFO]: Preparing spawn area: 22%
[17:18:00] [Render thread/INFO]: Preparing spawn area: 22%
[17:18:01] [Render thread/INFO]: Preparing spawn area: 22%
[17:18:02] [Render thread/INFO]: Preparing spawn area: 22%
[17:18:02] [Render thread/INFO]: Preparing spawn area: 22%
[17:18:02] [Render thread/INFO]: Preparing spawn area: 22%
[17:18:03] [Render thread/INFO]: Preparing spawn area: 22%
[17:18:03] [Render thread/INFO]: Preparing spawn area: 22%
[17:18:04] [Render thread/INFO]: Preparing spawn area: 22%
[17:18:04] [Render thread/INFO]: Preparing spawn area: 22%
[17:18:05] [Render thread/INFO]: Preparing spawn area: 22%
[17:18:05] [Render thread/INFO]: Preparing spawn area: 22%
[17:18:07] [Render thread/INFO]: Preparing spawn area: 22%
[17:18:07] [Render thread/INFO]: Preparing spawn area: 22%
[17:18:07] [Render thread/INFO]: Preparing spawn area: 22%
[17:18:07] [Render thread/INFO]: Preparing spawn area: 22%
[17:18:07] [Render thread/INFO]: Preparing spawn area: 22%
[17:18:08] [Render thread/INFO]: Preparing spawn area: 22%
[17:18:09] [Render thread/INFO]: Preparing spawn area: 22%
[17:18:09] [Render thread/INFO]: Preparing spawn area: 22%
[17:18:10] [Render thread/INFO]: Preparing spawn area: 23%
[17:18:11] [Render thread/INFO]: Preparing spawn area: 23%
[17:18:11] [Render thread/INFO]: Preparing spawn area: 23%
[17:18:11] [Render thread/INFO]: Preparing spawn area: 23%
[17:18:12] [Render thread/INFO]: Preparing spawn area: 23%
[17:18:12] [Render thread/INFO]: Preparing spawn area: 23%
[17:18:13] [Render thread/INFO]: Preparing spawn area: 23%
[17:18:13] [Render thread/INFO]: Preparing spawn area: 23%
[17:18:14] [Render thread/INFO]: Preparing spawn area: 23%
[17:18:14] [Render thread/INFO]: Preparing spawn area: 23%
[17:18:15] [Render thread/INFO]: Preparing spawn area: 23%
[17:18:15] [Render thread/INFO]: Preparing spawn area: 23%
[17:18:16] [Render thread/INFO]: Preparing spawn area: 23%
[17:18:16] [Render thread/INFO]: Preparing spawn area: 23%
[17:18:17] [Render thread/INFO]: Preparing spawn area: 23%
[17:18:17] [Render thread/INFO]: Preparing spawn area: 23%
[17:18:17] [Render thread/INFO]: Preparing spawn area: 23%
[17:18:18] [Render thread/INFO]: Preparing spawn area: 23%
[17:18:18] [Render thread/INFO]: Preparing spawn area: 23%
[17:18:19] [Render thread/INFO]: Preparing spawn area: 24%
[17:18:20] [Render thread/INFO]: Preparing spawn area: 24%
[17:18:20] [Render thread/INFO]: Preparing spawn area: 24%
[17:18:21] [Render thread/INFO]: Preparing spawn area: 24%
[17:18:21] [Render thread/INFO]: Preparing spawn area: 24%
[17:18:23] [Render thread/INFO]: Preparing spawn area: 25%
[17:18:23] [Render thread/INFO]: Preparing spawn area: 25%
[17:18:23] [Render thread/INFO]: Preparing spawn area: 25%
[17:18:27] [Render thread/INFO]: Preparing spawn area: 25%
[17:18:28] [Render thread/INFO]: Preparing spawn area: 25%
[17:18:28] [Render thread/INFO]: Preparing spawn area: 25%
[17:18:28] [Render thread/INFO]: Preparing spawn area: 25%
[17:18:28] [Render thread/INFO]: Preparing spawn area: 25%
[17:18:28] [Render thread/INFO]: Preparing spawn area: 25%
[17:18:28] [Render thread/INFO]: Preparing spawn area: 25%
[17:18:29] [Render thread/INFO]: Preparing spawn area: 25%
[17:18:29] [Render thread/INFO]: Preparing spawn area: 25%
[17:18:30] [Render thread/INFO]: Preparing spawn area: 25%
[17:18:30] [Render thread/INFO]: Preparing spawn area: 25%
[17:18:30] [Render thread/INFO]: Preparing spawn area: 25%
[17:18:30] [Render thread/INFO]: Preparing spawn area: 25%
[17:18:30] [Render thread/INFO]: Preparing spawn area: 25%
[17:18:30] [Render thread/INFO]: Preparing spawn area: 25%
[17:18:30] [Render thread/INFO]: Preparing spawn area: 25%
[17:18:31] [Render thread/INFO]: Preparing spawn area: 25%
[17:18:31] [Render thread/INFO]: Preparing spawn area: 25%
[17:18:32] [Render thread/INFO]: Preparing spawn area: 25%
[17:18:33] [Render thread/INFO]: Preparing spawn area: 25%
[17:18:33] [Render thread/INFO]: Preparing spawn area: 25%
[17:18:35] [Render thread/INFO]: Preparing spawn area: 25%
[17:18:35] [Render thread/INFO]: Preparing spawn area: 25%
[17:18:35] [Render thread/INFO]: Preparing spawn area: 25%
[17:18:35] [Render thread/INFO]: Preparing spawn area: 25%
[17:18:36] [Render thread/INFO]: Preparing spawn area: 25%
[17:18:36] [Render thread/INFO]: Preparing spawn area: 25%
[17:18:37] [Render thread/INFO]: Preparing spawn area: 25%
[17:18:37] [Render thread/INFO]: Preparing spawn area: 25%
[17:18:38] [Render thread/INFO]: Preparing spawn area: 25%
[17:18:38] [Render thread/INFO]: Preparing spawn area: 25%
[17:18:38] [Render thread/INFO]: Preparing spawn area: 25%
[17:18:39] [Render thread/INFO]: Preparing spawn area: 25%
[17:18:39] [Render thread/INFO]: Preparing spawn area: 25%
[17:18:41] [Render thread/INFO]: Preparing spawn area: 25%
[17:18:41] [Render thread/INFO]: Preparing spawn area: 25%
[17:18:41] [Render thread/INFO]: Preparing spawn area: 25%
[17:18:43] [Render thread/INFO]: Preparing spawn area: 25%
[17:18:43] [Render thread/INFO]: Preparing spawn area: 25%
[17:18:43] [Render thread/INFO]: Preparing spawn area: 26%
[17:18:43] [Render thread/INFO]: Preparing spawn area: 26%
[17:18:43] [Render thread/INFO]: Preparing spawn area: 26%
[17:18:44] [Render thread/INFO]: Preparing spawn area: 27%
[17:18:45] [Render thread/INFO]: Preparing spawn area: 27%
[17:18:45] [Render thread/INFO]: Preparing spawn area: 27%
[17:18:46] [Render thread/INFO]: Preparing spawn area: 27%
[17:18:46] [Render thread/INFO]: Preparing spawn area: 27%
[17:18:48] [Render thread/INFO]: Preparing spawn area: 27%
[17:18:48] [Render thread/INFO]: Preparing spawn area: 27%
[17:18:48] [Render thread/INFO]: Preparing spawn area: 27%
[17:18:48] [Render thread/INFO]: Preparing spawn area: 27%
[17:18:49] [Render thread/INFO]: Preparing spawn area: 27%
[17:18:49] [Render thread/INFO]: Preparing spawn area: 27%
[17:18:52] [Render thread/INFO]: Preparing spawn area: 28%
[17:18:52] [Render thread/INFO]: Preparing spawn area: 28%
[17:18:52] [Render thread/INFO]: Preparing spawn area: 28%
[17:18:52] [Render thread/INFO]: Preparing spawn area: 28%
[17:18:52] [Render thread/INFO]: Preparing spawn area: 28%
[17:18:52] [Render thread/INFO]: Preparing spawn area: 28%
[17:18:52] [Render thread/INFO]: Preparing spawn area: 28%
[17:18:53] [Render thread/INFO]: Preparing spawn area: 28%
[17:18:55] [Render thread/INFO]: Preparing spawn area: 29%
[17:18:55] [Render thread/INFO]: Preparing spawn area: 29%
[17:18:55] [Render thread/INFO]: Preparing spawn area: 29%
[17:18:55] [Render thread/INFO]: Preparing spawn area: 29%
[17:18:56] [Render thread/INFO]: Preparing spawn area: 29%
[17:18:56] [Render thread/INFO]: Preparing spawn area: 29%
[17:18:56] [Render thread/INFO]: Preparing spawn area: 29%
[17:18:57] [Render thread/INFO]: Preparing spawn area: 30%
[17:18:58] [Render thread/INFO]: Preparing spawn area: 30%
[17:18:58] [Render thread/INFO]: Preparing spawn area: 30%
[17:18:59] [Render thread/INFO]: Preparing spawn area: 30%
[17:18:59] [Render thread/INFO]: Preparing spawn area: 30%
[17:18:59] [Render thread/INFO]: Preparing spawn area: 30%
[17:19:01] [Render thread/INFO]: Preparing spawn area: 31%
[17:19:01] [Render thread/INFO]: Preparing spawn area: 31%
[17:19:02] [Render thread/INFO]: Preparing spawn area: 31%
[17:19:02] [Render thread/INFO]: Preparing spawn area: 31%
[17:19:04] [Render thread/INFO]: Preparing spawn area: 31%
[17:19:04] [Render thread/INFO]: Preparing spawn area: 31%
[17:19:04] [Render thread/INFO]: Preparing spawn area: 31%
[17:19:04] [Render thread/INFO]: Preparing spawn area: 31%
[17:19:06] [Render thread/INFO]: Preparing spawn area: 31%
[17:19:06] [Render thread/INFO]: Preparing spawn area: 31%
[17:19:06] [Render thread/INFO]: Preparing spawn area: 31%
[17:19:06] [Render thread/INFO]: Preparing spawn area: 31%
[17:19:08] [Render thread/INFO]: Preparing spawn area: 31%
[17:19:08] [Render thread/INFO]: Preparing spawn area: 31%
[17:19:09] [Render thread/INFO]: Preparing spawn area: 31%
[17:19:09] [Render thread/INFO]: Preparing spawn area: 31%
[17:19:09] [Render thread/INFO]: Preparing spawn area: 31%
[17:19:10] [Render thread/INFO]: Preparing spawn area: 31%
[17:19:10] [Render thread/INFO]: Preparing spawn area: 31%
[17:19:10] [Render thread/INFO]: Preparing spawn area: 31%
[17:19:10] [Render thread/INFO]: Preparing spawn area: 31%
[17:19:10] [Render thread/INFO]: Preparing spawn area: 31%
[17:19:11] [Render thread/INFO]: Preparing spawn area: 31%
[17:19:12] [Render thread/INFO]: Preparing spawn area: 31%
[17:19:12] [Render thread/INFO]: Preparing spawn area: 31%
[17:19:12] [Render thread/INFO]: Preparing spawn area: 31%
[17:19:13] [Render thread/INFO]: Preparing spawn area: 32%
[17:19:14] [Render thread/INFO]: Preparing spawn area: 32%
[17:19:14] [Render thread/INFO]: Preparing spawn area: 32%
[17:19:16] [Render thread/INFO]: Preparing spawn area: 32%
[17:19:16] [Render thread/INFO]: Preparing spawn area: 32%
[17:19:16] [Render thread/INFO]: Preparing spawn area: 32%
[17:19:16] [Render thread/INFO]: Preparing spawn area: 32%
[17:19:16] [Render thread/INFO]: Preparing spawn area: 32%
[17:19:19] [Render thread/INFO]: Preparing spawn area: 32%
[17:19:19] [Render thread/INFO]: Preparing spawn area: 32%
[17:19:19] [Render thread/INFO]: Preparing spawn area: 32%
[17:19:19] [Render thread/INFO]: Preparing spawn area: 32%
[17:19:19] [Render thread/INFO]: Preparing spawn area: 32%
[17:19:19] [Render thread/INFO]: Preparing spawn area: 33%
[17:19:24] [Render thread/INFO]: Preparing spawn area: 33%
[17:19:24] [Render thread/INFO]: Preparing spawn area: 33%
[17:19:24] [Render thread/INFO]: Preparing spawn area: 33%
[17:19:24] [Render thread/INFO]: Preparing spawn area: 33%
[17:19:24] [Render thread/INFO]: Preparing spawn area: 33%
[17:19:24] [Render thread/INFO]: Preparing spawn area: 33%
[17:19:24] [Render thread/INFO]: Preparing spawn area: 33%
[17:19:24] [Render thread/INFO]: Preparing spawn area: 33%
[17:19:25] [Render thread/INFO]: Preparing spawn area: 33%
[17:19:25] [Render thread/INFO]: Preparing spawn area: 33%
[17:19:25] [Render thread/INFO]: Preparing spawn area: 33%
[17:19:27] [Render thread/INFO]: Preparing spawn area: 34%
[17:19:27] [Render thread/INFO]: Preparing spawn area: 34%
[17:19:27] [Render thread/INFO]: Preparing spawn area: 34%
[17:19:28] [Render thread/INFO]: Preparing spawn area: 34%
[17:19:28] [Render thread/INFO]: Preparing spawn area: 34%
[17:19:29] [Render thread/INFO]: Preparing spawn area: 34%
[17:19:29] [Render thread/INFO]: Preparing spawn area: 34%
[17:19:29] [Render thread/INFO]: Preparing spawn area: 34%
[17:19:30] [Render thread/INFO]: Preparing spawn area: 34%
[17:19:30] [Render thread/INFO]: Preparing spawn area: 34%
[17:19:31] [Render thread/INFO]: Preparing spawn area: 34%
[17:19:33] [Render thread/INFO]: Preparing spawn area: 34%
[17:19:33] [Render thread/INFO]: Preparing spawn area: 34%
[17:19:33] [Render thread/INFO]: Preparing spawn area: 34%
[17:19:33] [Render thread/INFO]: Preparing spawn area: 34%
[17:19:34] [Render thread/INFO]: Preparing spawn area: 34%
[17:19:34] [Render thread/INFO]: Preparing spawn area: 34%
[17:19:34] [Render thread/INFO]: Preparing spawn area: 34%
[17:19:34] [Render thread/INFO]: Preparing spawn area: 34%
[17:19:35] [Render thread/INFO]: Preparing spawn area: 34%
[17:19:36] [Render thread/INFO]: Preparing spawn area: 34%
[17:19:36] [Render thread/INFO]: Preparing spawn area: 34%
[17:19:37] [Render thread/INFO]: Preparing spawn area: 34%
[17:19:38] [Render thread/INFO]: Preparing spawn area: 34%
[17:19:38] [Render thread/INFO]: Preparing spawn area: 34%
[17:19:38] [Render thread/INFO]: Preparing spawn area: 34%
[17:19:40] [Render thread/INFO]: Preparing spawn area: 34%
[17:19:40] [Render thread/INFO]: Preparing spawn area: 34%
[17:19:40] [Render thread/INFO]: Preparing spawn area: 34%
[17:19:40] [Render thread/INFO]: Preparing spawn area: 34%
[17:19:48] [Render thread/INFO]: Preparing spawn area: 34%
[17:19:48] [Render thread/INFO]: Preparing spawn area: 34%
[17:19:48] [Render thread/INFO]: Preparing spawn area: 34%
[17:19:48] [Render thread/INFO]: Preparing spawn area: 34%
[17:19:48] [Render thread/INFO]: Preparing spawn area: 34%
[17:19:48] [Render thread/INFO]: Preparing spawn area: 34%
[17:19:48] [Render thread/INFO]: Preparing spawn area: 34%
[17:19:48] [Render thread/INFO]: Preparing spawn area: 34%
[17:19:48] [Render thread/INFO]: Preparing spawn area: 34%
[17:19:48] [Render thread/INFO]: Preparing spawn area: 34%
[17:19:48] [Render thread/INFO]: Preparing spawn area: 34%
[17:19:48] [Render thread/INFO]: Preparing spawn area: 34%
[17:19:48] [Render thread/INFO]: Preparing spawn area: 34%
[17:19:48] [Render thread/INFO]: Preparing spawn area: 34%
[17:19:48] [Render thread/INFO]: Preparing spawn area: 34%
[17:19:48] [Render thread/INFO]: Preparing spawn area: 37%
[17:19:49] [Render thread/INFO]: Preparing spawn area: 37%
[17:19:49] [Render thread/INFO]: Preparing spawn area: 37%
[17:19:50] [Render thread/INFO]: Preparing spawn area: 37%
[17:19:50] [Render thread/INFO]: Preparing spawn area: 37%
[17:19:51] [Render thread/INFO]: Preparing spawn area: 37%
[17:19:51] [Render thread/INFO]: Preparing spawn area: 37%
[17:19:52] [Render thread/INFO]: Preparing spawn area: 37%
[17:19:52] [Render thread/INFO]: Preparing spawn area: 37%
[17:19:52] [Render thread/INFO]: Preparing spawn area: 37%
[17:19:53] [Render thread/INFO]: Preparing spawn area: 37%
[17:19:54] [Render thread/INFO]: Preparing spawn area: 37%
[17:19:54] [Render thread/INFO]: Preparing spawn area: 37%
[17:19:56] [Render thread/INFO]: Preparing spawn area: 37%
[17:19:56] [Render thread/INFO]: Preparing spawn area: 37%
[17:19:56] [Render thread/INFO]: Preparing spawn area: 37%
[17:19:56] [Render thread/INFO]: Preparing spawn area: 37%
[17:19:57] [Render thread/INFO]: Preparing spawn area: 37%
[17:19:59] [Render thread/INFO]: Preparing spawn area: 37%
[17:19:59] [Render thread/INFO]: Preparing spawn area: 37%
[17:19:59] [Render thread/INFO]: Preparing spawn area: 37%
[17:19:59] [Render thread/INFO]: Preparing spawn area: 37%
[17:19:59] [Render thread/INFO]: Preparing spawn area: 37%
[17:20:00] [Render thread/INFO]: Preparing spawn area: 37%
[17:20:00] [Render thread/INFO]: Preparing spawn area: 38%
[17:20:01] [Render thread/INFO]: Preparing spawn area: 38%
[17:20:01] [Render thread/INFO]: Preparing spawn area: 38%
[17:20:01] [Render thread/INFO]: Preparing spawn area: 38%
[17:20:02] [Render thread/INFO]: Preparing spawn area: 39%
[17:20:04] [Render thread/INFO]: Preparing spawn area: 39%
[17:20:04] [Render thread/INFO]: Preparing spawn area: 39%
[17:20:04] [Render thread/INFO]: Preparing spawn area: 39%
[17:20:05] [Render thread/INFO]: Preparing spawn area: 39%
[17:20:05] [Render thread/INFO]: Preparing spawn area: 39%
[17:20:05] [Render thread/INFO]: Preparing spawn area: 39%
[17:20:06] [Render thread/INFO]: Preparing spawn area: 40%
[17:20:07] [Render thread/INFO]: Preparing spawn area: 40%
[17:20:07] [Render thread/INFO]: Preparing spawn area: 40%
[17:20:07] [Render thread/INFO]: Preparing spawn area: 40%
[17:20:07] [Render thread/INFO]: Preparing spawn area: 40%
[17:20:08] [Render thread/INFO]: Preparing spawn area: 40%
[17:20:08] [Render thread/INFO]: Preparing spawn area: 40%
[17:20:11] [Render thread/INFO]: Preparing spawn area: 41%
[17:20:11] [Render thread/INFO]: Preparing spawn area: 41%
[17:20:11] [Render thread/INFO]: Preparing spawn area: 41%
[17:20:11] [Render thread/INFO]: Preparing spawn area: 41%
[17:20:12] [Render thread/INFO]: Preparing spawn area: 41%
[17:20:12] [Render thread/INFO]: Preparing spawn area: 41%
[17:20:12] [Render thread/INFO]: Preparing spawn area: 41%
[17:20:18] [Render thread/INFO]: Preparing spawn area: 41%
[17:20:18] [Render thread/INFO]: Preparing spawn area: 41%
[17:20:18] [Render thread/INFO]: Preparing spawn area: 41%
[17:20:18] [Render thread/INFO]: Preparing spawn area: 41%
[17:20:18] [Render thread/INFO]: Preparing spawn area: 41%
[17:20:18] [Render thread/INFO]: Preparing spawn area: 41%
[17:20:18] [Render thread/INFO]: Preparing spawn area: 41%
[17:20:18] [Render thread/INFO]: Preparing spawn area: 41%
[17:20:18] [Render thread/INFO]: Preparing spawn area: 41%
[17:20:18] [Render thread/INFO]: Preparing spawn area: 41%
[17:20:18] [Render thread/INFO]: Preparing spawn area: 41%
[17:20:18] [Render thread/INFO]: Preparing spawn area: 41%
[17:20:19] [Render thread/INFO]: Preparing spawn area: 42%
[17:20:20] [Render thread/INFO]: Preparing spawn area: 42%
[17:20:20] [Render thread/INFO]: Preparing spawn area: 42%
[17:20:21] [Render thread/INFO]: Preparing spawn area: 42%
[17:20:21] [Render thread/INFO]: Preparing spawn area: 42%
[17:20:21] [Render thread/INFO]: Preparing spawn area: 42%
[17:20:22] [Render thread/INFO]: Preparing spawn area: 42%
[17:20:22] [Render thread/INFO]: Preparing spawn area: 42%
[17:20:22] [Render thread/INFO]: Preparing spawn area: 42%
[17:20:24] [Render thread/INFO]: Preparing spawn area: 42%
[17:20:24] [Render thread/INFO]: Preparing spawn area: 42%
[17:20:24] [Render thread/INFO]: Preparing spawn area: 42%
[17:20:25] [Render thread/INFO]: Preparing spawn area: 42%
[17:20:25] [Render thread/INFO]: Preparing spawn area: 43%
[17:20:25] [Render thread/INFO]: Preparing spawn area: 43%
[17:20:26] [Render thread/INFO]: Preparing spawn area: 43%
[17:20:26] [Render thread/INFO]: Preparing spawn area: 44%
[17:20:28] [Render thread/INFO]: Preparing spawn area: 44%
[17:20:28] [Render thread/INFO]: Preparing spawn area: 44%
[17:20:29] [Render thread/INFO]: Preparing spawn area: 44%
[17:20:29] [Render thread/INFO]: Preparing spawn area: 44%
[17:20:30] [Render thread/INFO]: Preparing spawn area: 44%
[17:20:30] [Render thread/INFO]: Preparing spawn area: 44%
[17:20:31] [Render thread/INFO]: Preparing spawn area: 44%
[17:20:31] [Render thread/INFO]: Preparing spawn area: 44%
[17:20:31] [Render thread/INFO]: Preparing spawn area: 44%
[17:20:32] [Render thread/INFO]: Preparing spawn area: 44%
[17:20:32] [Render thread/INFO]: Preparing spawn area: 44%
[17:20:34] [Render thread/INFO]: Preparing spawn area: 44%
[17:20:34] [Render thread/INFO]: Preparing spawn area: 44%
[17:20:34] [Render thread/INFO]: Preparing spawn area: 44%
[17:20:34] [Render thread/INFO]: Preparing spawn area: 44%
[17:20:35] [Render thread/INFO]: Preparing spawn area: 44%
[17:20:36] [Render thread/INFO]: Preparing spawn area: 44%
[17:20:36] [Render thread/INFO]: Preparing spawn area: 44%
[17:20:36] [Render thread/INFO]: Preparing spawn area: 44%
[17:20:37] [Render thread/INFO]: Preparing spawn area: 44%
[17:20:37] [Render thread/INFO]: Preparing spawn area: 44%
[17:20:38] [Render thread/INFO]: Preparing spawn area: 44%
[17:20:38] [Render thread/INFO]: Preparing spawn area: 44%
[17:20:39] [Render thread/INFO]: Preparing spawn area: 45%
[17:20:39] [Render thread/INFO]: Preparing spawn area: 45%
[17:20:40] [Render thread/INFO]: Preparing spawn area: 45%
[17:20:40] [Render thread/INFO]: Preparing spawn area: 45%
[17:20:41] [Render thread/INFO]: Preparing spawn area: 45%
[17:20:41] [Render thread/INFO]: Preparing spawn area: 45%
[17:20:41] [Render thread/INFO]: Preparing spawn area: 45%
[17:20:42] [Render thread/INFO]: Preparing spawn area: 45%
[17:20:42] [Render thread/INFO]: Preparing spawn area: 45%
[17:20:43] [Render thread/INFO]: Preparing spawn area: 45%
[17:20:44] [Render thread/INFO]: Preparing spawn area: 45%
[17:20:44] [Render thread/INFO]: Preparing spawn area: 45%
[17:20:45] [Render thread/INFO]: Preparing spawn area: 45%
[17:20:45] [Render thread/INFO]: Preparing spawn area: 45%
[17:20:45] [Render thread/INFO]: Preparing spawn area: 45%
[17:20:48] [Render thread/INFO]: Preparing spawn area: 45%
[17:20:48] [Render thread/INFO]: Preparing spawn area: 45%
[17:20:48] [Render thread/INFO]: Preparing spawn area: 45%
[17:20:48] [Render thread/INFO]: Preparing spawn area: 45%
[17:20:48] [Render thread/INFO]: Preparing spawn area: 45%
[17:20:49] [Render thread/INFO]: Preparing spawn area: 45%
[17:20:49] [Render thread/INFO]: Preparing spawn area: 45%
[17:20:49] [Render thread/INFO]: Preparing spawn area: 46%
[17:20:51] [Render thread/INFO]: Preparing spawn area: 46%
[17:20:51] [Render thread/INFO]: Preparing spawn area: 46%
[17:20:51] [Render thread/INFO]: Preparing spawn area: 47%
[17:20:51] [Render thread/INFO]: Preparing spawn area: 47%
[17:20:52] [Render thread/INFO]: Preparing spawn area: 47%
[17:20:52] [Render thread/INFO]: Preparing spawn area: 47%
[17:20:55] [Render thread/INFO]: Preparing spawn area: 48%
[17:20:55] [Render thread/INFO]: Preparing spawn area: 48%
[17:20:55] [Render thread/INFO]: Preparing spawn area: 48%
[17:20:55] [Render thread/INFO]: Preparing spawn area: 48%
[17:20:55] [Render thread/INFO]: Preparing spawn area: 48%
[17:20:57] [Render thread/INFO]: Preparing spawn area: 48%
[17:20:57] [Render thread/INFO]: Preparing spawn area: 48%
[17:20:57] [Render thread/INFO]: Preparing spawn area: 48%
[17:20:57] [Render thread/INFO]: Preparing spawn area: 48%
[17:20:58] [Render thread/INFO]: Preparing spawn area: 48%
[17:20:58] [Render thread/INFO]: Preparing spawn area: 48%
[17:21:01] [Render thread/INFO]: Preparing spawn area: 48%
[17:21:01] [Render thread/INFO]: Preparing spawn area: 48%
[17:21:01] [Render thread/INFO]: Preparing spawn area: 48%
[17:21:01] [Render thread/INFO]: Preparing spawn area: 48%
[17:21:01] [Render thread/INFO]: Preparing spawn area: 48%
[17:21:01] [Render thread/INFO]: Preparing spawn area: 48%
[17:21:01] [Render thread/INFO]: Preparing spawn area: 48%
[17:21:03] [Render thread/INFO]: Preparing spawn area: 48%
[17:21:03] [Render thread/INFO]: Preparing spawn area: 48%
[17:21:03] [Render thread/INFO]: Preparing spawn area: 48%
[17:21:05] [Render thread/INFO]: Preparing spawn area: 48%
[17:21:05] [Render thread/INFO]: Preparing spawn area: 48%
[17:21:05] [Render thread/INFO]: Preparing spawn area: 48%
[17:21:05] [Render thread/INFO]: Preparing spawn area: 49%
[17:21:07] [Render thread/INFO]: Preparing spawn area: 49%
[17:21:07] [Render thread/INFO]: Preparing spawn area: 49%
[17:21:07] [Render thread/INFO]: Preparing spawn area: 49%
[17:21:07] [Render thread/INFO]: Preparing spawn area: 49%
[17:21:08] [Render thread/INFO]: Preparing spawn area: 50%
[17:21:10] [Render thread/INFO]: Preparing spawn area: 50%
[17:21:10] [Render thread/INFO]: Preparing spawn area: 50%
[17:21:10] [Render thread/INFO]: Preparing spawn area: 50%
[17:21:10] [Render thread/INFO]: Preparing spawn area: 50%
[17:21:12] [Render thread/INFO]: Preparing spawn area: 50%
[17:21:12] [Render thread/INFO]: Preparing spawn area: 50%
[17:21:12] [Render thread/INFO]: Preparing spawn area: 50%
[17:21:12] [Render thread/INFO]: Preparing spawn area: 50%
[17:21:12] [Render thread/INFO]: Preparing spawn area: 51%
[17:21:13] [Render thread/INFO]: Preparing spawn area: 51%
[17:21:13] [Render thread/INFO]: Preparing spawn area: 51%
[17:21:13] [Render thread/INFO]: Preparing spawn area: 51%
[17:21:15] [Render thread/INFO]: Preparing spawn area: 51%
[17:21:15] [Render thread/INFO]: Preparing spawn area: 51%
[17:21:16] [Render thread/INFO]: Preparing spawn area: 51%
[17:21:16] [Render thread/INFO]: Preparing spawn area: 51%
[17:21:17] [Render thread/INFO]: Preparing spawn area: 51%
[17:21:17] [Render thread/INFO]: Preparing spawn area: 51%
[17:21:18] [Render thread/INFO]: Preparing spawn area: 51%
[17:21:18] [Render thread/INFO]: Preparing spawn area: 51%
[17:21:18] [Render thread/INFO]: Preparing spawn area: 51%
[17:21:18] [Render thread/INFO]: Preparing spawn area: 51%
[17:21:19] [Render thread/INFO]: Preparing spawn area: 52%
[17:21:20] [Render thread/INFO]: Preparing spawn area: 52%
[17:21:20] [Render thread/INFO]: Preparing spawn area: 52%
[17:21:20] [Render thread/INFO]: Preparing spawn area: 53%
[17:21:21] [Render thread/INFO]: Preparing spawn area: 53%
[17:21:23] [Render thread/INFO]: Preparing spawn area: 53%
[17:21:23] [Render thread/INFO]: Preparing spawn area: 53%
[17:21:23] [Render thread/INFO]: Preparing spawn area: 53%
[17:21:24] [Render thread/INFO]: Preparing spawn area: 54%
[17:21:24] [Render thread/INFO]: Preparing spawn area: 54%
[17:21:24] [Render thread/INFO]: Preparing spawn area: 54%
[17:21:25] [Render thread/INFO]: Preparing spawn area: 54%
[17:21:26] [Render thread/INFO]: Preparing spawn area: 54%
[17:21:26] [Render thread/INFO]: Preparing spawn area: 54%
[17:21:26] [Render thread/INFO]: Preparing spawn area: 54%
[17:21:27] [Render thread/INFO]: Preparing spawn area: 54%
[17:21:28] [Render thread/INFO]: Preparing spawn area: 54%
[17:21:28] [Render thread/INFO]: Preparing spawn area: 54%
[17:21:28] [Render thread/INFO]: Preparing spawn area: 54%
[17:21:28] [Render thread/INFO]: Preparing spawn area: 54%
[17:21:30] [Render thread/INFO]: Preparing spawn area: 55%
[17:21:30] [Render thread/INFO]: Preparing spawn area: 55%
[17:21:31] [Render thread/INFO]: Preparing spawn area: 55%
[17:21:31] [Render thread/INFO]: Preparing spawn area: 55%
[17:21:31] [Render thread/INFO]: Preparing spawn area: 55%
[17:21:32] [Render thread/INFO]: Preparing spawn area: 55%
[17:21:32] [Render thread/INFO]: Preparing spawn area: 55%
[17:21:32] [Render thread/INFO]: Preparing spawn area: 55%
[17:21:34] [Render thread/INFO]: Preparing spawn area: 56%
[17:21:34] [Render thread/INFO]: Preparing spawn area: 56%
[17:21:34] [Render thread/INFO]: Preparing spawn area: 56%
[17:21:34] [Render thread/INFO]: Preparing spawn area: 56%
[17:21:36] [Render thread/INFO]: Preparing spawn area: 56%
[17:21:36] [Render thread/INFO]: Preparing spawn area: 56%
[17:21:36] [Render thread/INFO]: Preparing spawn area: 56%
[17:21:38] [Render thread/INFO]: Preparing spawn area: 56%
[17:21:38] [Render thread/INFO]: Preparing spawn area: 56%
[17:21:38] [Render thread/INFO]: Preparing spawn area: 56%
[17:21:39] [Render thread/INFO]: Preparing spawn area: 56%
[17:21:39] [Render thread/INFO]: Preparing spawn area: 56%
[17:21:39] [Render thread/INFO]: Preparing spawn area: 56%
[17:21:40] [Render thread/INFO]: Preparing spawn area: 57%
[17:21:40] [Render thread/INFO]: Preparing spawn area: 57%
[17:21:40] [Render thread/INFO]: Preparing spawn area: 57%
[17:21:45] [Render thread/INFO]: Preparing spawn area: 57%
[17:21:45] [Render thread/INFO]: Preparing spawn area: 57%
[17:21:45] [Render thread/INFO]: Preparing spawn area: 57%
[17:21:45] [Render thread/INFO]: Preparing spawn area: 57%
[17:21:45] [Render thread/INFO]: Preparing spawn area: 57%
[17:21:45] [Render thread/INFO]: Preparing spawn area: 57%
[17:21:45] [Render thread/INFO]: Preparing spawn area: 57%
[17:21:45] [Render thread/INFO]: Preparing spawn area: 57%
[17:21:45] [Render thread/INFO]: Preparing spawn area: 57%
[17:21:45] [Render thread/INFO]: Preparing spawn area: 57%
[17:21:46] [Render thread/INFO]: Preparing spawn area: 58%
[17:21:47] [Render thread/INFO]: Preparing spawn area: 58%
[17:21:47] [Render thread/INFO]: Preparing spawn area: 58%
[17:21:48] [Render thread/INFO]: Preparing spawn area: 58%
[17:21:51] [Render thread/INFO]: Preparing spawn area: 58%
[17:21:51] [Render thread/INFO]: Preparing spawn area: 58%
[17:21:51] [Render thread/INFO]: Preparing spawn area: 58%
[17:21:51] [Render thread/INFO]: Preparing spawn area: 58%
[17:21:51] [Render thread/INFO]: Preparing spawn area: 58%
[17:21:51] [Render thread/INFO]: Preparing spawn area: 58%
[17:21:51] [Render thread/INFO]: Preparing spawn area: 58%
[17:21:51] [Render thread/INFO]: Preparing spawn area: 58%
[17:21:52] [Render thread/INFO]: Preparing spawn area: 59%
[17:21:53] [Render thread/INFO]: Preparing spawn area: 59%
[17:21:53] [Render thread/INFO]: Preparing spawn area: 59%
[17:22:01] [Render thread/INFO]: Preparing spawn area: 59%
[17:22:01] [Render thread/INFO]: Preparing spawn area: 59%
[17:22:01] [Render thread/INFO]: Preparing spawn area: 59%
[17:22:01] [Render thread/INFO]: Preparing spawn area: 59%
[17:22:01] [Render thread/INFO]: Preparing spawn area: 59%
[17:22:01] [Render thread/INFO]: Preparing spawn area: 59%
[17:22:01] [Render thread/INFO]: Preparing spawn area: 59%
[17:22:01] [Render thread/INFO]: Preparing spawn area: 59%
[17:22:01] [Render thread/INFO]: Preparing spawn area: 59%
[17:22:01] [Render thread/INFO]: Preparing spawn area: 60%
[17:22:01] [Render thread/INFO]: Preparing spawn area: 60%
[17:22:01] [Render thread/INFO]: Preparing spawn area: 60%
[17:22:01] [Render thread/INFO]: Preparing spawn area: 60%
[17:22:01] [Render thread/INFO]: Preparing spawn area: 60%
[17:22:01] [Render thread/INFO]: Preparing spawn area: 60%
[17:22:01] [Render thread/INFO]: Preparing spawn area: 60%
[17:22:05] [Render thread/INFO]: Preparing spawn area: 61%
[17:22:05] [Render thread/INFO]: Preparing spawn area: 61%
[17:22:05] [Render thread/INFO]: Preparing spawn area: 61%
[17:22:05] [Render thread/INFO]: Preparing spawn area: 61%
[17:22:05] [Render thread/INFO]: Preparing spawn area: 61%
[17:22:05] [Render thread/INFO]: Preparing spawn area: 61%
[17:22:05] [Render thread/INFO]: Preparing spawn area: 61%
[17:22:05] [Render thread/INFO]: Preparing spawn area: 61%
[17:22:06] [Render thread/INFO]: Preparing spawn area: 62%
[17:22:06] [Render thread/INFO]: Preparing spawn area: 62%
[17:22:08] [Render thread/INFO]: Preparing spawn area: 62%
[17:22:08] [Render thread/INFO]: Preparing spawn area: 62%
[17:22:08] [Render thread/INFO]: Preparing spawn area: 62%
[17:22:08] [Render thread/INFO]: Preparing spawn area: 62%
[17:22:08] [Render thread/INFO]: Preparing spawn area: 62%
[17:22:10] [Render thread/INFO]: Preparing spawn area: 62%
[17:22:10] [Render thread/INFO]: Preparing spawn area: 62%
[17:22:10] [Render thread/INFO]: Preparing spawn area: 62%
[17:22:10] [Render thread/INFO]: Preparing spawn area: 62%
[17:22:11] [Render thread/INFO]: Preparing spawn area: 62%
[17:22:11] [Render thread/INFO]: Preparing spawn area: 63%
[17:22:14] [Render thread/INFO]: Preparing spawn area: 63%
[17:22:14] [Render thread/INFO]: Preparing spawn area: 63%
[17:22:14] [Render thread/INFO]: Preparing spawn area: 63%
[17:22:14] [Render thread/INFO]: Preparing spawn area: 63%
[17:22:14] [Render thread/INFO]: Preparing spawn area: 63%
[17:22:15] [Render thread/INFO]: Preparing spawn area: 64%
[17:22:15] [Render thread/INFO]: Preparing spawn area: 64%
[17:22:16] [Render thread/INFO]: Preparing spawn area: 64%
[17:22:16] [Render thread/INFO]: Preparing spawn area: 64%
[17:22:16] [Render thread/INFO]: Preparing spawn area: 65%
[17:22:17] [Render thread/INFO]: Preparing spawn area: 66%
[17:22:19] [Render thread/INFO]: Preparing spawn area: 66%
[17:22:19] [Render thread/INFO]: Preparing spawn area: 66%
[17:22:19] [Render thread/INFO]: Preparing spawn area: 66%
[17:22:20] [Render thread/INFO]: Preparing spawn area: 66%
[17:22:20] [Render thread/INFO]: Preparing spawn area: 66%
[17:22:20] [Render thread/INFO]: Preparing spawn area: 66%
[17:22:21] [Render thread/INFO]: Preparing spawn area: 66%
[17:22:23] [Render thread/INFO]: Preparing spawn area: 67%
[17:22:23] [Render thread/INFO]: Preparing spawn area: 67%
[17:22:23] [Render thread/INFO]: Preparing spawn area: 67%
[17:22:23] [Render thread/INFO]: Preparing spawn area: 67%
[17:22:24] [Render thread/INFO]: Preparing spawn area: 67%
[17:22:24] [Render thread/INFO]: Preparing spawn area: 67%
[17:22:24] [Render thread/INFO]: Preparing spawn area: 67%
[17:22:25] [Render thread/INFO]: Preparing spawn area: 67%
[17:22:25] [Render thread/INFO]: Preparing spawn area: 67%
[17:22:26] [Render thread/INFO]: Preparing spawn area: 67%
[17:22:26] [Render thread/INFO]: Preparing spawn area: 67%
[17:22:27] [Render thread/INFO]: Preparing spawn area: 68%
[17:22:27] [Render thread/INFO]: Preparing spawn area: 68%
[17:22:28] [Render thread/INFO]: Preparing spawn area: 68%
[17:22:28] [Render thread/INFO]: Preparing spawn area: 68%
[17:22:28] [Render thread/INFO]: Preparing spawn area: 68%
[17:22:29] [Render thread/INFO]: Preparing spawn area: 68%
[17:22:30] [Render thread/INFO]: Preparing spawn area: 68%
[17:22:30] [Render thread/INFO]: Preparing spawn area: 68%
[17:22:30] [Render thread/INFO]: Preparing spawn area: 68%
[17:22:32] [Render thread/INFO]: Preparing spawn area: 68%
[17:22:32] [Render thread/INFO]: Preparing spawn area: 68%
[17:22:32] [Render thread/INFO]: Preparing spawn area: 68%
[17:22:33] [Render thread/INFO]: Preparing spawn area: 68%
[17:22:33] [Render thread/INFO]: Preparing spawn area: 68%
[17:22:34] [Render thread/INFO]: Preparing spawn area: 69%
[17:22:34] [Render thread/INFO]: Preparing spawn area: 69%
[17:22:35] [Render thread/INFO]: Preparing spawn area: 69%
[17:22:35] [Render thread/INFO]: Preparing spawn area: 69%
[17:22:36] [Render thread/INFO]: Preparing spawn area: 69%
[17:22:36] [Render thread/INFO]: Preparing spawn area: 69%
[17:22:37] [Render thread/INFO]: Preparing spawn area: 69%
[17:22:37] [Render thread/INFO]: Preparing spawn area: 69%
[17:22:37] [Render thread/INFO]: Preparing spawn area: 69%
[17:22:39] [Render thread/INFO]: Preparing spawn area: 69%
[17:22:39] [Render thread/INFO]: Preparing spawn area: 69%
[17:22:39] [Render thread/INFO]: Preparing spawn area: 69%
[17:22:40] [Render thread/INFO]: Preparing spawn area: 70%
[17:22:40] [Render thread/INFO]: Preparing spawn area: 70%
[17:22:40] [Render thread/INFO]: Preparing spawn area: 70%
[17:22:41] [Render thread/INFO]: Preparing spawn area: 70%
[17:22:42] [Render thread/INFO]: Preparing spawn area: 70%
[17:22:42] [Render thread/INFO]: Preparing spawn area: 70%
[17:22:43] [Render thread/INFO]: Preparing spawn area: 70%
[17:22:43] [Render thread/INFO]: Preparing spawn area: 70%
[17:22:44] [Render thread/INFO]: Preparing spawn area: 70%
[17:22:44] [Render thread/INFO]: Preparing spawn area: 70%
[17:22:45] [Render thread/INFO]: Preparing spawn area: 70%
[17:22:45] [Render thread/INFO]: Preparing spawn area: 70%
[17:22:45] [Render thread/INFO]: Preparing spawn area: 70%
[17:22:46] [Render thread/INFO]: Preparing spawn area: 70%
[17:22:47] [Render thread/INFO]: Preparing spawn area: 70%
[17:22:48] [Render thread/INFO]: Preparing spawn area: 70%
[17:22:48] [Render thread/INFO]: Preparing spawn area: 70%
[17:22:48] [Render thread/INFO]: Preparing spawn area: 70%
[17:22:48] [Render thread/INFO]: Preparing spawn area: 71%
[17:22:50] [Render thread/INFO]: Preparing spawn area: 71%
[17:22:50] [Render thread/INFO]: Preparing spawn area: 71%
[17:22:50] [Render thread/INFO]: Preparing spawn area: 71%
[17:22:50] [Render thread/INFO]: Preparing spawn area: 72%
[17:22:58] [Render thread/INFO]: Preparing spawn area: 72%
[17:22:58] [Render thread/INFO]: Preparing spawn area: 72%
[17:22:58] [Render thread/INFO]: Preparing spawn area: 72%
[17:22:58] [Render thread/INFO]: Preparing spawn area: 72%
[17:22:58] [Render thread/INFO]: Preparing spawn area: 72%
[17:22:58] [Render thread/INFO]: Preparing spawn area: 72%
[17:22:58] [Render thread/INFO]: Preparing spawn area: 72%
[17:22:58] [Render thread/INFO]: Preparing spawn area: 72%
[17:22:58] [Render thread/INFO]: Preparing spawn area: 72%
[17:22:58] [Render thread/INFO]: Preparing spawn area: 72%
[17:22:58] [Render thread/INFO]: Preparing spawn area: 72%
[17:22:58] [Render thread/INFO]: Preparing spawn area: 72%
[17:22:58] [Render thread/INFO]: Preparing spawn area: 72%
[17:22:58] [Render thread/INFO]: Preparing spawn area: 72%
[17:22:58] [Render thread/INFO]: Preparing spawn area: 74%
[17:22:59] [Render thread/INFO]: Preparing spawn area: 74%
[17:22:59] [Render thread/INFO]: Preparing spawn area: 74%
[17:23:00] [Render thread/INFO]: Preparing spawn area: 74%
[17:23:00] [Render thread/INFO]: Preparing spawn area: 74%
[17:23:01] [Render thread/INFO]: Preparing spawn area: 74%
[17:23:01] [Render thread/INFO]: Preparing spawn area: 74%
[17:23:02] [Render thread/INFO]: Preparing spawn area: 74%
[17:23:02] [Render thread/INFO]: Preparing spawn area: 74%
[17:23:10] [Render thread/INFO]: Preparing spawn area: 74%
[17:23:10] [Render thread/INFO]: Preparing spawn area: 74%
[17:23:10] [Render thread/INFO]: Preparing spawn area: 74%
[17:23:10] [Render thread/INFO]: Preparing spawn area: 74%
[17:23:10] [Render thread/INFO]: Preparing spawn area: 74%
[17:23:10] [Render thread/INFO]: Preparing spawn area: 74%
[17:23:10] [Render thread/INFO]: Preparing spawn area: 74%
[17:23:10] [Render thread/INFO]: Preparing spawn area: 74%
[17:23:10] [Render thread/INFO]: Preparing spawn area: 74%
[17:23:10] [Render thread/INFO]: Preparing spawn area: 74%
[17:23:10] [Render thread/INFO]: Preparing spawn area: 74%
[17:23:10] [Render thread/INFO]: Preparing spawn area: 74%
[17:23:10] [Render thread/INFO]: Preparing spawn area: 74%
[17:23:10] [Render thread/INFO]: Preparing spawn area: 74%
[17:23:10] [Render thread/INFO]: Preparing spawn area: 74%
[17:23:10] [Render thread/INFO]: Preparing spawn area: 74%
[17:23:10] [Render thread/INFO]: Preparing spawn area: 74%
[17:23:12] [Render thread/INFO]: Preparing spawn area: 75%
[17:23:12] [Render thread/INFO]: Preparing spawn area: 75%
[17:23:12] [Render thread/INFO]: Preparing spawn area: 76%
[17:23:12] [Render thread/INFO]: Preparing spawn area: 76%
[17:23:13] [Render thread/INFO]: Preparing spawn area: 76%
[17:23:13] [Render thread/INFO]: Preparing spawn area: 77%
[17:23:15] [Render thread/INFO]: Preparing spawn area: 77%
[17:23:15] [Render thread/INFO]: Preparing spawn area: 77%
[17:23:15] [Render thread/INFO]: Preparing spawn area: 78%
[17:23:15] [Render thread/INFO]: Preparing spawn area: 78%
[17:23:23] [Render thread/INFO]: Preparing spawn area: 78%
[17:23:23] [Render thread/INFO]: Preparing spawn area: 78%
[17:23:23] [Render thread/INFO]: Preparing spawn area: 78%
[17:23:23] [Render thread/INFO]: Preparing spawn area: 78%
[17:23:23] [Render thread/INFO]: Preparing spawn area: 78%
[17:23:23] [Render thread/INFO]: Preparing spawn area: 78%
[17:23:23] [Render thread/INFO]: Preparing spawn area: 78%
[17:23:23] [Render thread/INFO]: Preparing spawn area: 78%
[17:23:23] [Render thread/INFO]: Preparing spawn area: 79%
[17:23:23] [Render thread/INFO]: Preparing spawn area: 79%
[17:23:23] [Render thread/INFO]: Preparing spawn area: 79%
[17:23:23] [Render thread/INFO]: Preparing spawn area: 79%
[17:23:23] [Render thread/INFO]: Preparing spawn area: 79%
[17:23:23] [Render thread/INFO]: Preparing spawn area: 79%
[17:23:23] [Render thread/INFO]: Preparing spawn area: 79%
[17:23:23] [Render thread/INFO]: Preparing spawn area: 79%
[17:23:24] [Render thread/INFO]: Preparing spawn area: 79%
[17:23:24] [Render thread/INFO]: Preparing spawn area: 80%
[17:23:26] [Render thread/INFO]: Preparing spawn area: 80%
[17:23:26] [Render thread/INFO]: Preparing spawn area: 80%
[17:23:26] [Render thread/INFO]: Preparing spawn area: 80%
[17:23:27] [Render thread/INFO]: Preparing spawn area: 80%
[17:23:27] [Render thread/INFO]: Preparing spawn area: 80%
[17:23:27] [Render thread/INFO]: Preparing spawn area: 80%
[17:23:29] [Render thread/INFO]: Preparing spawn area: 80%
[17:23:29] [Render thread/INFO]: Preparing spawn area: 80%
[17:23:29] [Render thread/INFO]: Preparing spawn area: 81%
[17:23:29] [Render thread/INFO]: Preparing spawn area: 81%
[17:23:31] [Render thread/INFO]: Preparing spawn area: 82%
[17:23:31] [Render thread/INFO]: Preparing spawn area: 82%
[17:23:31] [Render thread/INFO]: Preparing spawn area: 82%
[17:23:32] [Render thread/INFO]: Preparing spawn area: 82%
[17:23:32] [Render thread/INFO]: Preparing spawn area: 82%
[17:23:33] [Render thread/INFO]: Preparing spawn area: 82%
[17:23:33] [Render thread/INFO]: Preparing spawn area: 82%
[17:23:34] [Render thread/INFO]: Preparing spawn area: 82%
[17:23:34] [Render thread/INFO]: Preparing spawn area: 82%
[17:23:35] [Render thread/INFO]: Preparing spawn area: 82%
[17:23:36] [Render thread/INFO]: Preparing spawn area: 82%
[17:23:36] [Render thread/INFO]: Preparing spawn area: 82%
[17:23:36] [Render thread/INFO]: Preparing spawn area: 82%
[17:23:38] [Render thread/INFO]: Preparing spawn area: 83%
[17:23:38] [Render thread/INFO]: Preparing spawn area: 83%
[17:23:38] [Render thread/INFO]: Preparing spawn area: 83%
[17:23:39] [Render thread/INFO]: Preparing spawn area: 83%
[17:23:39] [Render thread/INFO]: Preparing spawn area: 83%
[17:23:39] [Render thread/INFO]: Preparing spawn area: 83%
[17:23:39] [Render thread/INFO]: Preparing spawn area: 83%
[17:23:42] [Render thread/INFO]: Preparing spawn area: 83%
[17:23:42] [Render thread/INFO]: Preparing spawn area: 83%
[17:23:42] [Render thread/INFO]: Preparing spawn area: 83%
[17:23:42] [Render thread/INFO]: Preparing spawn area: 83%
[17:23:42] [Render thread/INFO]: Preparing spawn area: 83%
[17:23:42] [Render thread/INFO]: Preparing spawn area: 83%
[17:23:44] [Render thread/INFO]: Preparing spawn area: 83%
[17:23:44] [Render thread/INFO]: Preparing spawn area: 83%
[17:23:44] [Render thread/INFO]: Preparing spawn area: 83%
[17:23:45] [Render thread/INFO]: Preparing spawn area: 83%
[17:23:45] [Render thread/INFO]: Preparing spawn area: 83%
[17:23:47] [Render thread/INFO]: Preparing spawn area: 83%
[17:23:47] [Render thread/INFO]: Preparing spawn area: 83%
[17:23:47] [Render thread/INFO]: Preparing spawn area: 83%
[17:23:47] [Render thread/INFO]: Preparing spawn area: 83%
[17:23:48] [Render thread/INFO]: Preparing spawn area: 84%
[17:23:48] [Render thread/INFO]: Preparing spawn area: 84%
[17:23:50] [Render thread/INFO]: Preparing spawn area: 84%
[17:23:50] [Render thread/INFO]: Preparing spawn area: 84%
[17:23:50] [Render thread/INFO]: Preparing spawn area: 84%
[17:23:51] [Render thread/INFO]: Preparing spawn area: 84%
[17:23:51] [Render thread/INFO]: Preparing spawn area: 84%
[17:23:51] [Render thread/INFO]: Preparing spawn area: 84%
[17:23:53] [Render thread/INFO]: Preparing spawn area: 84%
[17:23:53] [Render thread/INFO]: Preparing spawn area: 84%
[17:23:53] [Render thread/INFO]: Preparing spawn area: 84%
[17:23:53] [Render thread/INFO]: Preparing spawn area: 84%
[17:23:54] [Render thread/INFO]: Preparing spawn area: 84%
[17:23:55] [Render thread/INFO]: Preparing spawn area: 84%
[17:23:55] [Render thread/INFO]: Preparing spawn area: 84%
[17:23:55] [Render thread/INFO]: Preparing spawn area: 84%
[17:23:56] [Render thread/INFO]: Preparing spawn area: 84%
[17:23:56] [Render thread/INFO]: Preparing spawn area: 84%
[17:23:57] [Render thread/INFO]: Preparing spawn area: 84%
[17:23:57] [Render thread/INFO]: Preparing spawn area: 84%
[17:23:58] [Render thread/INFO]: Preparing spawn area: 84%
[17:23:58] [Render thread/INFO]: Preparing spawn area: 84%
[17:23:58] [Render thread/INFO]: Preparing spawn area: 84%
[17:23:59] [Render thread/INFO]: Preparing spawn area: 84%
[17:24:00] [Render thread/INFO]: Preparing spawn area: 84%
[17:24:00] [Render thread/INFO]: Preparing spawn area: 84%
[17:24:01] [Render thread/INFO]: Preparing spawn area: 84%
[17:24:01] [Render thread/INFO]: Preparing spawn area: 84%
[17:24:01] [Render thread/INFO]: Preparing spawn area: 84%
[17:24:03] [Render thread/INFO]: Preparing spawn area: 85%
[17:24:03] [Render thread/INFO]: Preparing spawn area: 85%
[17:24:03] [Render thread/INFO]: Preparing spawn area: 85%
[17:24:04] [Render thread/INFO]: Preparing spawn area: 85%
[17:24:04] [Render thread/INFO]: Preparing spawn area: 85%
[17:24:04] [Render thread/INFO]: Preparing spawn area: 85%
[17:24:05] [Render thread/INFO]: Preparing spawn area: 85%
[17:24:06] [Render thread/INFO]: Preparing spawn area: 85%
[17:24:06] [Render thread/INFO]: Preparing spawn area: 85%
[17:24:07] [Render thread/INFO]: Preparing spawn area: 86%
[17:24:07] [Render thread/INFO]: Preparing spawn area: 86%
[17:24:08] [Render thread/INFO]: Preparing spawn area: 86%
[17:24:08] [Render thread/INFO]: Preparing spawn area: 86%
[17:24:09] [Render thread/INFO]: Preparing spawn area: 86%
[17:24:10] [Render thread/INFO]: Preparing spawn area: 86%
[17:24:10] [Render thread/INFO]: Preparing spawn area: 86%
[17:24:10] [Render thread/INFO]: Preparing spawn area: 86%
[17:24:13] [Render thread/INFO]: Preparing spawn area: 86%
[17:24:13] [Render thread/INFO]: Preparing spawn area: 86%
[17:24:13] [Render thread/INFO]: Preparing spawn area: 86%
[17:24:13] [Render thread/INFO]: Preparing spawn area: 86%
[17:24:13] [Render thread/INFO]: Preparing spawn area: 86%
[17:24:13] [Render thread/INFO]: Preparing spawn area: 86%
[17:24:14] [Render thread/INFO]: Preparing spawn area: 86%
[17:24:14] [Render thread/INFO]: Preparing spawn area: 86%
[17:24:14] [Render thread/INFO]: Preparing spawn area: 86%
[17:24:15] [Render thread/INFO]: Preparing spawn area: 86%
[17:24:15] [Render thread/INFO]: Preparing spawn area: 86%
[17:24:16] [Render thread/INFO]: Preparing spawn area: 87%
[17:24:18] [Render thread/INFO]: Preparing spawn area: 88%
[17:24:18] [Render thread/INFO]: Preparing spawn area: 88%
[17:24:18] [Render thread/INFO]: Preparing spawn area: 88%
[17:24:20] [Render thread/INFO]: Preparing spawn area: 88%
[17:24:20] [Render thread/INFO]: Preparing spawn area: 88%
[17:24:20] [Render thread/INFO]: Preparing spawn area: 88%
[17:24:20] [Render thread/INFO]: Preparing spawn area: 88%
[17:24:21] [Render thread/INFO]: Preparing spawn area: 88%
[17:24:21] [Render thread/INFO]: Preparing spawn area: 88%
[17:24:21] [Render thread/INFO]: Preparing spawn area: 88%
[17:24:21] [Render thread/INFO]: Preparing spawn area: 88%
[17:24:24] [Render thread/INFO]: Preparing spawn area: 88%
[17:24:24] [Render thread/INFO]: Preparing spawn area: 88%
[17:24:24] [Render thread/INFO]: Preparing spawn area: 88%
[17:24:24] [Render thread/INFO]: Preparing spawn area: 88%
[17:24:24] [Render thread/INFO]: Preparing spawn area: 88%
[17:24:25] [Render thread/INFO]: Preparing spawn area: 89%
[17:24:25] [Render thread/INFO]: Preparing spawn area: 89%
[17:24:26] [Render thread/INFO]: Preparing spawn area: 90%
[17:24:26] [Render thread/INFO]: Preparing spawn area: 90%
[17:24:26] [Render thread/INFO]: Preparing spawn area: 90%
[17:24:27] [Render thread/INFO]: Preparing spawn area: 90%
[17:24:28] [Render thread/INFO]: Preparing spawn area: 90%
[17:24:28] [Render thread/INFO]: Preparing spawn area: 90%
[17:24:29] [Render thread/INFO]: Preparing spawn area: 90%
[17:24:29] [Render thread/INFO]: Preparing spawn area: 90%
[17:24:29] [Render thread/INFO]: Preparing spawn area: 91%
[17:24:30] [Render thread/INFO]: Preparing spawn area: 92%
[17:24:31] [Render thread/INFO]: Preparing spawn area: 92%
[17:24:31] [Render thread/INFO]: Preparing spawn area: 92%
[17:24:31] [Render thread/INFO]: Preparing spawn area: 92%
[17:24:32] [Render thread/INFO]: Preparing spawn area: 92%
[17:24:33] [Render thread/INFO]: Preparing spawn area: 93%
[17:24:33] [Render thread/INFO]: Preparing spawn area: 93%
[17:24:34] [Render thread/INFO]: Preparing spawn area: 93%
[17:24:35] [Render thread/INFO]: Preparing spawn area: 93%
[17:24:35] [Render thread/INFO]: Preparing spawn area: 93%
[17:24:35] [Render thread/INFO]: Preparing spawn area: 93%
[17:24:35] [Render thread/INFO]: Preparing spawn area: 94%
[17:24:37] [Render thread/INFO]: Preparing spawn area: 94%
[17:24:37] [Render thread/INFO]: Preparing spawn area: 94%
[17:24:37] [Render thread/INFO]: Preparing spawn area: 94%
[17:24:38] [Render thread/INFO]: Preparing spawn area: 95%
[17:24:38] [Render thread/INFO]: Preparing spawn area: 95%
[17:24:39] [Render thread/INFO]: Preparing spawn area: 95%
[17:24:39] [Render thread/INFO]: Preparing spawn area: 95%
[17:24:40] [Render thread/INFO]: Preparing spawn area: 95%
[17:24:40] [Render thread/INFO]: Preparing spawn area: 95%
[17:24:41] [Render thread/INFO]: Preparing spawn area: 95%
[17:24:41] [Render thread/INFO]: Preparing spawn area: 95%
[17:24:42] [Render thread/INFO]: Preparing spawn area: 95%
[17:24:42] [Render thread/INFO]: Preparing spawn area: 95%
[17:24:42] [Render thread/INFO]: Preparing spawn area: 96%
[17:24:43] [Render thread/INFO]: Preparing spawn area: 96%
[17:24:43] [Render thread/INFO]: Preparing spawn area: 96%
[17:24:44] [Render thread/INFO]: Preparing spawn area: 96%
[17:24:44] [Render thread/INFO]: Preparing spawn area: 96%
[17:24:45] [Render thread/INFO]: Preparing spawn area: 96%
[17:24:47] [Render thread/INFO]: Preparing spawn area: 96%
[17:24:47] [Render thread/INFO]: Preparing spawn area: 96%
[17:24:47] [Render thread/INFO]: Preparing spawn area: 96%
[17:24:47] [Render thread/INFO]: Preparing spawn area: 97%
[17:24:49] [Render thread/INFO]: Preparing spawn area: 97%
[17:24:49] [Render thread/INFO]: Preparing spawn area: 97%
[17:24:49] [Render thread/INFO]: Preparing spawn area: 97%
[17:24:51] [Render thread/INFO]: Preparing spawn area: 98%
[17:24:51] [Render thread/INFO]: Preparing spawn area: 98%
[17:24:51] [Render thread/INFO]: Preparing spawn area: 98%
[17:24:51] [Render thread/INFO]: Preparing spawn area: 98%
[17:24:51] [Render thread/INFO]: Preparing spawn area: 98%
[17:24:51] [Render thread/INFO]: Preparing spawn area: 99%
[17:24:52] [Render thread/INFO]: Time elapsed: 638389 ms
[17:24:52] [Server thread/ERROR]: Couldn't load the given entries within tag alloy_forgery:blacklisted_blasting_recipes: minecraft:coal_from_blasting_deepslate_coal_ore (from fabric), mythicmetals:blasting/blast_silver_ingot_from_raw_ore (from fabric), mythicmetals:blasting/blast_tin_ingot_from_ores (from fabric), mythicmetals:blasting/blast_tin_ingot_from_raw_ore (from fabric)
[17:24:55] [Server thread/WARN]: Can't keep up! Is the server overloaded? Running 3039ms or 60 ticks behind
[17:24:57] [Server thread/INFO]: Changing view distance to 6, from 10
[17:24:57] [Server thread/INFO]: Changing simulation distance to 6, from 0
[17:25:00] [Netty Local Client IO #0/INFO]: Mixing server.MixinServerboundChatCommandPacket from mixins/common/nochatreports.mixins.json into net.minecraft.class_7472
[17:25:00] [Netty Local Client IO #0/INFO]: Mixing server.MixinServerboundChatPacket from mixins/common/nochatreports.mixins.json into net.minecraft.class_2797
[17:25:00] [Netty Local Client IO #0/INFO]: Mixing server.MixinServerboundChatSessionUpdatePacket from mixins/common/nochatreports.mixins.json into net.minecraft.class_7861
[17:25:02] [Server thread/INFO]: [Handshake] Sending channel query
[17:25:02] [Netty Local Client IO #0/INFO]: [Handshake] Sending client channels
[17:25:02] [Netty Server IO #1/INFO]: [Handshake] Receiving client channels
[17:25:02] [Netty Server IO #1/INFO]: [Handshake] Handshake completed successfully
[17:25:03] [Server thread/INFO]: MashiroLiliac[local:E:03612daf] logged in with entity id 80 at (853.5, 68.0, -384.5)
[17:25:03] [Server thread/INFO]: Sending server config values to client
[17:25:03] [Netty Local Client IO #0/INFO]: Applying server overrides
[17:25:03] [Netty Local Client IO #0/INFO]: Responding with client values
[17:25:03] [Netty Server IO #1/INFO]: Receiving client config
[17:25:03] [Server thread/INFO]: Syncing config to MashiroLiliac (8414d9fb-9810-425c-b13c-6e308b60bfa2)
[17:25:03] [Render thread/INFO]: Minimap required item set to nothing.
[17:25:03] [Render thread/INFO]: New Xaero hud session initialized!
[17:25:03] [Server thread/INFO]: Loading config from file...
[17:25:04] [Render thread/INFO]: Fullscreen map required item set to nothing.
[17:25:04] [Render thread/INFO]: New world map session initialized!
[17:25:04] [Render thread/INFO]: Reloading pipeline on dimension change: minecraft:overworld => minecraft:overworld
[17:25:04] [Render thread/INFO]: Destroying pipeline minecraft:overworld
[17:25:04] [Render thread/INFO]: Creating pipeline for dimension minecraft:overworld
[17:25:04] [Render thread/INFO]: star.mixins.json:sodium.FluidRendererAccessor from mod star->@Invoker[METHOD_PROXY]::callSetVertex(Lme/jellysquid/mods/sodium/client/model/quad/ModelQuadViewMutable;IFFFFF)V should be static as its target is
[17:25:05] [Render thread/INFO]: Started 8 worker threads
[17:25:05] [Render thread/INFO]: Received config from the server: 
[17:25:05] [Render thread/WARN]: Failed to get file path of mod moonlight: /
[17:25:05] [Render thread/WARN]: Failed to get file path of mod dummmmmmy: /
[17:25:05] [Render thread/WARN]: Failed to get file path of mod amendments: /
[17:25:05] [Render thread/WARN]: Failed to get file path of mod supplementaries: /
[17:25:05] [Render thread/WARN]: Failed to get file path of mod suppsquared: /
[17:25:05] [Render thread/WARN]: Failed to get file path of mod grounded: /
[17:25:05] [Render thread/WARN]: Failed to get file path of mod moyai: /
[17:25:05] [Render thread/INFO]: Syncing config from server to client...
[17:25:07] [Render thread/INFO]: Reloading radar icon resources...
[17:25:07] [Render thread/INFO]: Reloaded radar icon resources!
[17:25:10] [Render thread/INFO]: Synced Flute Songs
[17:25:10] [Render thread/INFO]: Synced Captured Mobs settings
[17:25:10] [Render thread/INFO]: Synced Globe data
[17:25:10] [Render thread/INFO]: Synced Hourglass data
[17:25:11] [Server thread/INFO]: MashiroLiliac joined the game
[17:25:17] [Render thread/INFO]: Starting JEI...
[17:25:17] [Render thread/INFO]: Registering item subtypes...
[17:25:17] [Render thread/INFO]: Registering item subtypes: jei:minecraft took 31.82 milliseconds
[17:25:17] [Render thread/INFO]: Registering item subtypes: supplementaries:jei_plugin took 30.04 milliseconds
[17:25:17] [Render thread/INFO]: Registering item subtypes: tconstruct:jei_plugin took 18.93 milliseconds
[17:25:17] [Render thread/INFO]: Registering item subtypes took 109.1 ms
[17:25:17] [Render thread/INFO]: Registering fluid subtypes...
[17:25:17] [Render thread/INFO]: Registering fluid subtypes took 7.720 ms
[17:25:17] [Render thread/INFO]: Registering ingredients...
[17:25:19] [Render thread/WARN]: Item Group has no display items and no search tab display items. Items from this group will be missing from the JEI ingredient list. JNE - Mod Compat
[17:25:19] [Render thread/INFO]: Registering ingredients: jei:minecraft took 1.824 seconds
[17:25:19] [Render thread/INFO]: Registering ingredients: tconstruct:jei_plugin took 21.40 milliseconds
[17:25:19] [Render thread/INFO]: Registering ingredients took 1.847 s
[17:25:19] [Render thread/INFO]: Registering extra ingredients...
[17:25:19] [Render thread/INFO]: Registering extra ingredients took 985.8 ?s
[17:25:19] [Render thread/INFO]: Registering search ingredient aliases...
[17:25:19] [Render thread/INFO]: Registering search ingredient aliases took 2.334 ms
[17:25:19] [Render thread/INFO]: Registering categories...
[17:25:20] [Render thread/INFO]: Registering categories: jei:minecraft took 117.6 milliseconds
[17:25:20] [Render thread/INFO]: Registering categories: bakery:jei_plugin took 12.60 milliseconds
[17:25:20] [Render thread/INFO]: Registering categories: extractinator:jei took 35.04 milliseconds
[17:25:20] [Render thread/INFO]: Registering categories: farm_and_charm:jei_plugin took 27.92 milliseconds
[17:25:20] [Render thread/INFO]: Registering categories: farmersdelight:jei_plugin took 30.55 milliseconds
[17:25:20] [Render thread/INFO]: Registering categories: herbalbrews:jei_plugin took 18.88 milliseconds
[17:25:20] [Server thread/INFO]: MashiroLiliac has made the advancement [Modern Industrialization]
[17:25:20] [Render thread/INFO]: Registering categories: modern_industrialization:viewer took 83.90 milliseconds
[17:25:20] [Render thread/INFO]: Registering categories: mynethersdelight:jei_plugin took 12.90 milliseconds
[17:25:20] [Render thread/INFO]: Registering categories: tconstruct:jei_plugin took 98.50 milliseconds
[17:25:20] [Render thread/INFO]: Registering categories: vinery:jei_plugin took 14.11 milliseconds
[17:25:20] [Render thread/INFO]: Registering categories took 489.9 ms
[17:25:20] [Render thread/INFO]: Registering vanilla category extensions...
[17:25:20] [Render thread/INFO]: Registering vanilla category extensions: jei:minecraft took 16.44 milliseconds
[17:25:20] [Render thread/INFO]: Registering vanilla category extensions took 26.59 ms
[17:25:20] [Render thread/INFO]: Registering recipe catalysts...
[17:25:20] [Render thread/INFO]: Registering recipe catalysts took 19.26 ms
[17:25:20] [Render thread/INFO]: Building recipe registry...
[17:25:20] [Render thread/INFO]: Building recipe registry took 90.27 ms
[17:25:20] [Render thread/INFO]: Registering advanced plugins...
[17:25:20] [Render thread/INFO]: Added recipe category decorator: class com.almostreliable.unified.compat.AlmostJEI$Decorator for recipe type: minecraft:crafting
[17:25:20] [Render thread/INFO]: Added recipe category decorator: class com.almostreliable.unified.compat.AlmostJEI$Decorator for recipe type: minecraft:stonecutting
[17:25:20] [Render thread/INFO]: Added recipe category decorator: class com.almostreliable.unified.compat.AlmostJEI$Decorator for recipe type: minecraft:furnace
[17:25:20] [Render thread/INFO]: Added recipe category decorator: class com.almostreliable.unified.compat.AlmostJEI$Decorator for recipe type: minecraft:smoking
[17:25:20] [Render thread/INFO]: Added recipe category decorator: class com.almostreliable.unified.compat.AlmostJEI$Decorator for recipe type: minecraft:blasting
[17:25:20] [Render thread/INFO]: Added recipe category decorator: class com.almostreliable.unified.compat.AlmostJEI$Decorator for recipe type: minecraft:campfire
[17:25:20] [Render thread/INFO]: Added recipe category decorator: class com.almostreliable.unified.compat.AlmostJEI$Decorator for recipe type: minecraft:smithing
[17:25:20] [Render thread/INFO]: Added recipe category decorator: class com.almostreliable.unified.compat.AlmostJEI$Decorator for recipe type: minecraft:compostable
[17:25:20] [Render thread/INFO]: Added recipe category decorator: class com.almostreliable.unified.compat.AlmostJEI$Decorator for recipe type: minecraft:fuel
[17:25:20] [Render thread/INFO]: Added recipe category decorator: class com.almostreliable.unified.compat.AlmostJEI$Decorator for recipe type: minecraft:brewing
[17:25:20] [Render thread/INFO]: Added recipe category decorator: class com.almostreliable.unified.compat.AlmostJEI$Decorator for recipe type: minecraft:anvil
[17:25:20] [Render thread/INFO]: Added recipe category decorator: class com.almostreliable.unified.compat.AlmostJEI$Decorator for recipe type: bakery:caking
[17:25:20] [Render thread/INFO]: Added recipe category decorator: class com.almostreliable.unified.compat.AlmostJEI$Decorator for recipe type: beachparty:mini_fridge_freezing
[17:25:20] [Render thread/INFO]: Added recipe category decorator: class com.almostreliable.unified.compat.AlmostJEI$Decorator for recipe type: beachparty:palm_bar_mixing
[17:25:20] [Render thread/INFO]: Added recipe category decorator: class com.almostreliable.unified.compat.AlmostJEI$Decorator for recipe type: brewery:brewing
[17:25:20] [Render thread/INFO]: Added recipe category decorator: class com.almostreliable.unified.compat.AlmostJEI$Decorator for recipe type: chipped:botanist_workbench
[17:25:20] [Render thread/INFO]: Added recipe category decorator: class com.almostreliable.unified.compat.AlmostJEI$Decorator for recipe type: chipped:glassblower
[17:25:20] [Render thread/INFO]: Added recipe category decorator: class com.almostreliable.unified.compat.AlmostJEI$Decorator for recipe type: chipped:carpenters_table
[17:25:20] [Render thread/INFO]: Added recipe category decorator: class com.almostreliable.unified.compat.AlmostJEI$Decorator for recipe type: chipped:loom_table
[17:25:20] [Render thread/INFO]: Added recipe category decorator: class com.almostreliable.unified.compat.AlmostJEI$Decorator for recipe type: chipped:mason_table
[17:25:20] [Render thread/INFO]: Added recipe category decorator: class com.almostreliable.unified.compat.AlmostJEI$Decorator for recipe type: chipped:alchemy_bench
[17:25:20] [Render thread/INFO]: Added recipe category decorator: class com.almostreliable.unified.compat.AlmostJEI$Decorator for recipe type: chipped:tinkering_table
[17:25:20] [Render thread/INFO]: Added recipe category decorator: class com.almostreliable.unified.compat.AlmostJEI$Decorator for recipe type: extractinator:extractinating
[17:25:20] [Render thread/INFO]: Added recipe category decorator: class com.almostreliable.unified.compat.AlmostJEI$Decorator for recipe type: farm_and_charm:cooking_pot
[17:25:20] [Render thread/INFO]: Added recipe category decorator: class com.almostreliable.unified.compat.AlmostJEI$Decorator for recipe type: farm_and_charm:stove
[17:25:20] [Render thread/INFO]: Added recipe category decorator: class com.almostreliable.unified.compat.AlmostJEI$Decorator for recipe type: farm_and_charm:doughing
[17:25:20] [Render thread/INFO]: Added recipe category decorator: class com.almostreliable.unified.compat.AlmostJEI$Decorator for recipe type: farm_and_charm:roaster
[17:25:20] [Render thread/INFO]: Added recipe category decorator: class com.almostreliable.unified.compat.AlmostJEI$Decorator for recipe type: farm_and_charm:drying
[17:25:20] [Render thread/INFO]: Added recipe category decorator: class com.almostreliable.unified.compat.AlmostJEI$Decorator for recipe type: farm_and_charm:mincer
[17:25:20] [Render thread/INFO]: Added recipe category decorator: class com.almostreliable.unified.compat.AlmostJEI$Decorator for recipe type: farmersdelight:cooking
[17:25:20] [Render thread/INFO]: Added recipe category decorator: class com.almostreliable.unified.compat.AlmostJEI$Decorator for recipe type: farmersdelight:cutting
[17:25:20] [Render thread/INFO]: Added recipe category decorator: class com.almostreliable.unified.compat.AlmostJEI$Decorator for recipe type: farmersdelight:decomposition
[17:25:20] [Render thread/INFO]: Added recipe category decorator: class com.almostreliable.unified.compat.AlmostJEI$Decorator for recipe type: golemoverhaul:golem_construction
[17:25:20] [Render thread/INFO]: Added recipe category decorator: class com.almostreliable.unified.compat.AlmostJEI$Decorator for recipe type: herbalbrews:tea_kettle_brewing
[17:25:20] [Render thread/INFO]: Added recipe category decorator: class com.almostreliable.unified.compat.AlmostJEI$Decorator for recipe type: herbalbrews:cauldron_brewing
[17:25:20] [Render thread/INFO]: Added recipe category decorator: class com.almostreliable.unified.compat.AlmostJEI$Decorator for recipe type: lilis_lucky_lures:baiting
[17:25:20] [Render thread/INFO]: Added recipe category decorator: class com.almostreliable.unified.compat.AlmostJEI$Decorator for recipe type: modern_industrialization:fluid_fuels
[17:25:20] [Render thread/INFO]: Added recipe category decorator: class com.almostreliable.unified.compat.AlmostJEI$Decorator for recipe type: modern_industrialization:forge_hammer
[17:25:20] [Render thread/INFO]: Added recipe category decorator: class com.almostreliable.unified.compat.AlmostJEI$Decorator for recipe type: modern_industrialization:multiblock_shapes
[17:25:20] [Render thread/INFO]: Added recipe category decorator: class com.almostreliable.unified.compat.AlmostJEI$Decorator for recipe type: modern_industrialization:neutron_interaction
[17:25:20] [Render thread/INFO]: Added recipe category decorator: class com.almostreliable.unified.compat.AlmostJEI$Decorator for recipe type: modern_industrialization:thermal_interaction
[17:25:20] [Render thread/INFO]: Added recipe category decorator: class com.almostreliable.unified.compat.AlmostJEI$Decorator for recipe type: modern_industrialization:assembler
[17:25:20] [Render thread/INFO]: Added recipe category decorator: class com.almostreliable.unified.compat.AlmostJEI$Decorator for recipe type: modern_industrialization:bronze_compressor
[17:25:20] [Render thread/INFO]: Added recipe category decorator: class com.almostreliable.unified.compat.AlmostJEI$Decorator for recipe type: modern_industrialization:bronze_cutting_machine
[17:25:20] [Render thread/INFO]: Added recipe category decorator: class com.almostreliable.unified.compat.AlmostJEI$Decorator for recipe type: modern_industrialization:bronze_furnace
[17:25:20] [Render thread/INFO]: Added recipe category decorator: class com.almostreliable.unified.compat.AlmostJEI$Decorator for recipe type: modern_industrialization:bronze_macerator
[17:25:20] [Render thread/INFO]: Added recipe category decorator: class com.almostreliable.unified.compat.AlmostJEI$Decorator for recipe type: modern_industrialization:bronze_mixer
[17:25:20] [Render thread/INFO]: Added recipe category decorator: class com.almostreliable.unified.compat.AlmostJEI$Decorator for recipe type: modern_industrialization:centrifuge
[17:25:20] [Render thread/INFO]: Added recipe category decorator: class com.almostreliable.unified.compat.AlmostJEI$Decorator for recipe type: modern_industrialization:chemical_reactor
[17:25:20] [Render thread/INFO]: Added recipe category decorator: class com.almostreliable.unified.compat.AlmostJEI$Decorator for recipe type: modern_industrialization:coke_oven
[17:25:20] [Render thread/INFO]: Added recipe category decorator: class com.almostreliable.unified.compat.AlmostJEI$Decorator for recipe type: modern_industrialization:distillation_tower
[17:25:20] [Render thread/INFO]: Added recipe category decorator: class com.almostreliable.unified.compat.AlmostJEI$Decorator for recipe type: modern_industrialization:distillery
[17:25:20] [Render thread/INFO]: Added recipe category decorator: class com.almostreliable.unified.compat.AlmostJEI$Decorator for recipe type: modern_industrialization:electric_blast_furnace_cupronickel_coil
[17:25:20] [Render thread/INFO]: Added recipe category decorator: class com.almostreliable.unified.compat.AlmostJEI$Decorator for recipe type: modern_industrialization:electric_blast_furnace_kanthal_coil
[17:25:20] [Render thread/INFO]: Added recipe category decorator: class com.almostreliable.unified.compat.AlmostJEI$Decorator for recipe type: modern_industrialization:electric_compressor
[17:25:20] [Render thread/INFO]: Added recipe category decorator: class com.almostreliable.unified.compat.AlmostJEI$Decorator for recipe type: modern_industrialization:electric_cutting_machine
[17:25:20] [Render thread/INFO]: Added recipe category decorator: class com.almostreliable.unified.compat.AlmostJEI$Decorator for recipe type: modern_industrialization:electric_furnace
[17:25:20] [Render thread/INFO]: Added recipe category decorator: class com.almostreliable.unified.compat.AlmostJEI$Decorator for recipe type: modern_industrialization:electric_macerator
[17:25:20] [Render thread/INFO]: Added recipe category decorator: class com.almostreliable.unified.compat.AlmostJEI$Decorator for recipe type: modern_industrialization:electric_mixer
[17:25:20] [Render thread/INFO]: Added recipe category decorator: class com.almostreliable.unified.compat.AlmostJEI$Decorator for recipe type: modern_industrialization:electric_packer
[17:25:20] [Render thread/INFO]: Added recipe category decorator: class com.almostreliable.unified.compat.AlmostJEI$Decorator for recipe type: modern_industrialization:electric_quarry
[17:25:20] [Render thread/INFO]: Added recipe category decorator: class com.almostreliable.unified.compat.AlmostJEI$Decorator for recipe type: modern_industrialization:electric_unpacker
[17:25:20] [Render thread/INFO]: Added recipe category decorator: class com.almostreliable.unified.compat.AlmostJEI$Decorator for recipe type: modern_industrialization:electric_wiremill
[17:25:20] [Render thread/INFO]: Added recipe category decorator: class com.almostreliable.unified.compat.AlmostJEI$Decorator for recipe type: modern_industrialization:electrolyzer
[17:25:20] [Render thread/INFO]: Added recipe category decorator: class com.almostreliable.unified.compat.AlmostJEI$Decorator for recipe type: modern_industrialization:fusion_reactor
[17:25:20] [Render thread/INFO]: Added recipe category decorator: class com.almostreliable.unified.compat.AlmostJEI$Decorator for recipe type: modern_industrialization:heat_exchanger
[17:25:20] [Render thread/INFO]: Added recipe category decorator: class com.almostreliable.unified.compat.AlmostJEI$Decorator for recipe type: modern_industrialization:implosion_compressor
[17:25:20] [Render thread/INFO]: Added recipe category decorator: class com.almostreliable.unified.compat.AlmostJEI$Decorator for recipe type: modern_industrialization:oil_drilling_rig
[17:25:20] [Render thread/INFO]: Added recipe category decorator: class com.almostreliable.unified.compat.AlmostJEI$Decorator for recipe type: modern_industrialization:polarizer
[17:25:20] [Render thread/INFO]: Added recipe category decorator: class com.almostreliable.unified.compat.AlmostJEI$Decorator for recipe type: modern_industrialization:pressurizer
[17:25:20] [Render thread/INFO]: Added recipe category decorator: class com.almostreliable.unified.compat.AlmostJEI$Decorator for recipe type: modern_industrialization:steam_blast_furnace
[17:25:20] [Render thread/INFO]: Added recipe category decorator: class com.almostreliable.unified.compat.AlmostJEI$Decorator for recipe type: modern_industrialization:steam_quarry
[17:25:20] [Render thread/INFO]: Added recipe category decorator: class com.almostreliable.unified.compat.AlmostJEI$Decorator for recipe type: modern_industrialization:steel_compressor
[17:25:20] [Render thread/INFO]: Added recipe category decorator: class com.almostreliable.unified.compat.AlmostJEI$Decorator for recipe type: modern_industrialization:steel_cutting_machine
[17:25:20] [Render thread/INFO]: Added recipe category decorator: class com.almostreliable.unified.compat.AlmostJEI$Decorator for recipe type: modern_industrialization:steel_furnace
[17:25:20] [Render thread/INFO]: Added recipe category decorator: class com.almostreliable.unified.compat.AlmostJEI$Decorator for recipe type: modern_industrialization:steel_macerator
[17:25:20] [Render thread/INFO]: Added recipe category decorator: class com.almostreliable.unified.compat.AlmostJEI$Decorator for recipe type: modern_industrialization:steel_mixer
[17:25:20] [Render thread/INFO]: Added recipe category decorator: class com.almostreliable.unified.compat.AlmostJEI$Decorator for recipe type: modern_industrialization:steel_packer
[17:25:20] [Render thread/INFO]: Added recipe category decorator: class com.almostreliable.unified.compat.AlmostJEI$Decorator for recipe type: modern_industrialization:steel_unpacker
[17:25:20] [Render thread/INFO]: Added recipe category decorator: class com.almostreliable.unified.compat.AlmostJEI$Decorator for recipe type: modern_industrialization:steel_wiremill
[17:25:20] [Render thread/INFO]: Added recipe category decorator: class com.almostreliable.unified.compat.AlmostJEI$Decorator for recipe type: modern_industrialization:vacuum_freezer
[17:25:20] [Render thread/INFO]: Added recipe category decorator: class com.almostreliable.unified.compat.AlmostJEI$Decorator for recipe type: mynethersdelight:forgoting
[17:25:20] [Render thread/INFO]: Added recipe category decorator: class com.almostreliable.unified.compat.AlmostJEI$Decorator for recipe type: tconstruct:casting_basin
[17:25:20] [Render thread/INFO]: Added recipe category decorator: class com.almostreliable.unified.compat.AlmostJEI$Decorator for recipe type: tconstruct:casting_table
[17:25:20] [Render thread/INFO]: Added recipe category decorator: class com.almostreliable.unified.compat.AlmostJEI$Decorator for recipe type: tconstruct:molding
[17:25:20] [Render thread/INFO]: Added recipe category decorator: class com.almostreliable.unified.compat.AlmostJEI$Decorator for recipe type: tconstruct:melting
[17:25:20] [Render thread/INFO]: Added recipe category decorator: class com.almostreliable.unified.compat.AlmostJEI$Decorator for recipe type: tconstruct:alloy
[17:25:20] [Render thread/INFO]: Added recipe category decorator: class com.almostreliable.unified.compat.AlmostJEI$Decorator for recipe type: tconstruct:entity_melting
[17:25:20] [Render thread/INFO]: Added recipe category decorator: class com.almostreliable.unified.compat.AlmostJEI$Decorator for recipe type: tconstruct:foundry
[17:25:20] [Render thread/INFO]: Added recipe category decorator: class com.almostreliable.unified.compat.AlmostJEI$Decorator for recipe type: tconstruct:modifiers
[17:25:20] [Render thread/INFO]: Added recipe category decorator: class com.almostreliable.unified.compat.AlmostJEI$Decorator for recipe type: tconstruct:severing
[17:25:20] [Render thread/INFO]: Added recipe category decorator: class com.almostreliable.unified.compat.AlmostJEI$Decorator for recipe type: tconstruct:part_builder
[17:25:20] [Render thread/INFO]: Added recipe category decorator: class com.almostreliable.unified.compat.AlmostJEI$Decorator for recipe type: tconstruct:worktable
[17:25:20] [Render thread/INFO]: Added recipe category decorator: class com.almostreliable.unified.compat.AlmostJEI$Decorator for recipe type: vinery:wine_fermentation
[17:25:20] [Render thread/INFO]: Added recipe category decorator: class com.almostreliable.unified.compat.AlmostJEI$Decorator for recipe type: vinery:apple_press_fermenting
[17:25:20] [Render thread/INFO]: Added recipe category decorator: class com.almostreliable.unified.compat.AlmostJEI$Decorator for recipe type: vinery:apple_press_mashing
[17:25:20] [Render thread/INFO]: Added recipe category decorator: class com.almostreliable.unified.compat.AlmostJEI$Decorator for recipe type: jei:information
[17:25:20] [Render thread/INFO]: Registering advanced plugins: almostunified:jei took 16.80 milliseconds
[17:25:20] [Render thread/INFO]: Registering advanced plugins took 17.79 ms
[17:25:20] [Render thread/INFO]: Registering recipes...
[17:25:25] [pool-34-thread-1/ERROR]: Registering recipes: jei:minecraft is running and has taken 5.003 seconds so far
[17:25:30] [pool-34-thread-1/ERROR]: Registering recipes: jei:minecraft is running and has taken 10.00 seconds so far
[17:25:31] [Render thread/INFO]: Registering recipes: jei:minecraft took 10.67 seconds
[17:25:33] [Render thread/INFO]: Registering recipes: chipped:chipped took 2.488 seconds
[17:25:33] [Render thread/INFO]: Registering recipes: extractinator:jei took 13.50 milliseconds
[17:25:33] [Render thread/INFO]: Registering recipes: farm_and_charm:jei_plugin took 57.45 milliseconds
[17:25:38] [pool-34-thread-1/ERROR]: Registering recipes: farmersdelight:jei_plugin is running and has taken 5.067 seconds so far
[17:25:40] [Render thread/INFO]: Registering recipes: farmersdelight:jei_plugin took 6.656 seconds
[17:25:40] [Render thread/INFO]: Ingredients are being removed at runtime: 1 net.minecraft.class_1799
[17:25:40] [Render thread/INFO]: Registering recipes: golemoverhaul:jei took 13.81 milliseconds
[17:25:40] [Render thread/INFO]: Registering recipes: herbalbrews:jei_plugin took 17.13 milliseconds
[17:25:43] [Render thread/INFO]: Registering recipes: modern_industrialization:viewer took 2.695 seconds
[17:25:43] [Render thread/INFO]: Registering recipes: mynethersdelight:jei_plugin took 14.91 milliseconds
[17:25:43] [Render thread/INFO]: Ingredients are being added at runtime: 1 net.minecraft.class_1799
[17:25:43] [Render thread/INFO]: Registering recipes: polymer:jei_plugin took 102.6 milliseconds
[17:25:43] [Render thread/INFO]: Registering recipes: supplementaries:jei_plugin took 176.7 milliseconds
[17:25:46] [Render thread/INFO]: Registering recipes: tconstruct:jei_plugin took 2.852 seconds
[17:25:46] [Render thread/INFO]: Registering recipes: vanillabackport:jei_plugin took 113.2 milliseconds
[17:25:46] [Render thread/INFO]: Registering recipes took 25.90 s
[17:25:46] [Render thread/INFO]: Registering recipes transfer handlers...
[17:25:46] [Render thread/INFO]: Registering recipes transfer handlers: jei:minecraft took 14.89 milliseconds
[17:25:46] [Render thread/INFO]: Registering recipes transfer handlers: travelersbackpack:travelersbackpack took 13.87 milliseconds
[17:25:46] [Render thread/INFO]: Registering recipes transfer handlers took 61.19 ms
[17:25:46] [Render thread/INFO]: Building runtime...
[17:25:46] [Render thread/INFO]: Registering gui handlers...
[17:25:46] [Render thread/INFO]: Registering gui handlers: jei:minecraft took 14.61 milliseconds
[17:25:46] [Render thread/INFO]: Registering gui handlers: jei:gui took 33.08 milliseconds
[17:25:46] [Render thread/INFO]: Registering gui handlers: modern_industrialization:manual took 19.46 milliseconds
[17:25:46] [Render thread/INFO]: Registering gui handlers: travelersbackpack:travelersbackpack took 13.21 milliseconds
[17:25:46] [Render thread/INFO]: Registering gui handlers took 89.36 ms
[17:25:46] [Render thread/INFO]: Registering Runtime...
[17:25:46] [Render thread/INFO]: Starting JEI GUI
[17:25:46] [Render thread/INFO]: Building ingredient list...
[17:25:48] [Render thread/INFO]: Building ingredient list took 1.474 s
[17:25:48] [Render thread/INFO]: Building ingredient filter...
[17:25:48] [Render thread/INFO]: Adding 18320 ingredients
[17:25:52] [pool-37-thread-1/ERROR]: Registering Runtime: jei:fabric_gui is running and has taken 5.100 seconds so far
[17:25:57] [pool-37-thread-1/ERROR]: Registering Runtime: jei:fabric_gui is running and has taken 10.10 seconds so far
[17:26:02] [pool-37-thread-1/ERROR]: Registering Runtime: jei:fabric_gui is running and has taken 15.10 seconds so far
[17:26:07] [pool-37-thread-1/ERROR]: Registering Runtime: jei:fabric_gui is running and has taken 20.10 seconds so far
[17:26:07] [Render thread/INFO]: Added 18320 ingredients
[17:26:07] [Render thread/INFO]: Building ingredient filter took 19.28 s
[17:26:08] [Render thread/INFO]: Registering Runtime: jei:fabric_gui took 21.48 seconds
[17:26:08] [Render thread/INFO]: Registering Runtime took 21.48 s
[17:26:08] [Render thread/INFO]: Building runtime took 21.61 s
[17:26:08] [Render thread/INFO]: Sending Runtime...
[17:26:08] [Render thread/INFO]: [AutoHiding] Hiding 1/2 items for tag '#c:platinum_blocks' -> [mythicmetals:platinum_block]
[17:26:08] [Render thread/INFO]: [AutoHiding] Hiding 1/2 items for tag '#c:raw_silver_blocks' -> [mythicmetals:raw_silver_block]
[17:26:08] [Render thread/INFO]: [AutoHiding] Hiding 1/2 items for tag '#c:silver_blocks' -> [mythicmetals:silver_block]
[17:26:08] [Render thread/INFO]: [AutoHiding] Hiding 1/2 items for tag '#c:bronze_ingots' -> [mythicmetals:bronze_ingot]
[17:26:08] [Render thread/INFO]: [AutoHiding] Hiding 1/2 items for tag '#c:platinum_nuggets' -> [mythicmetals:platinum_nugget]
[17:26:08] [Render thread/INFO]: [AutoHiding] Hiding 1/2 items for tag '#c:tin_blocks' -> [mythicmetals:tin_block]
[17:26:08] [Render thread/INFO]: [AutoHiding] Hiding 1/2 items for tag '#c:tin_nuggets' -> [mythicmetals:tin_nugget]
[17:26:08] [Render thread/INFO]: [AutoHiding] Hiding 1/2 items for tag '#c:raw_tin_ores' -> [mythicmetals:raw_tin]
[17:26:08] [Render thread/INFO]: [AutoHiding] Hiding 1/2 items for tag '#c:platinum_ores' -> [mythicmetals:platinum_ore]
[17:26:08] [Render thread/INFO]: [AutoHiding] Hiding 1/2 items for tag '#c:silver_ingots' -> [mythicmetals:silver_ingot]
[17:26:08] [Render thread/INFO]: [AutoHiding] Hiding 2/3 items for tag '#c:copper_nuggets' -> [tconstruct:copper_nugget, mythicmetals:copper_nugget]
[17:26:08] [Render thread/INFO]: [AutoHiding] Hiding 1/2 items for tag '#c:raw_silver_ores' -> [mythicmetals:raw_silver]
[17:26:08] [Render thread/INFO]: [AutoHiding] Hiding 1/2 items for tag '#c:steel_blocks' -> [mythicmetals:steel_block]
[17:26:08] [Render thread/INFO]: [AutoHiding] Hiding 1/2 items for tag '#c:bronze_blocks' -> [mythicmetals:bronze_block]
[17:26:08] [Render thread/INFO]: [AutoHiding] Hiding 1/2 items for tag '#c:platinum_ingots' -> [mythicmetals:platinum_ingot]
[17:26:08] [Render thread/INFO]: [AutoHiding] Hiding 1/2 items for tag '#c:raw_platinum_ores' -> [mythicmetals:raw_platinum]
[17:26:08] [Render thread/INFO]: [AutoHiding] Hiding 1/2 items for tag '#c:raw_tin_blocks' -> [mythicmetals:raw_tin_block]
[17:26:08] [Render thread/INFO]: [AutoHiding] Hiding 1/3 items for tag '#c:tin_ores' -> [mythicmetals:tin_ore]
[17:26:08] [Render thread/INFO]: [AutoHiding] Hiding 1/2 items for tag '#c:raw_platinum_blocks' -> [mythicmetals:raw_platinum_block]
[17:26:08] [Render thread/INFO]: [AutoHiding] Hiding 1/2 items for tag '#c:bronze_nuggets' -> [mythicmetals:bronze_nugget]
[17:26:08] [Render thread/INFO]: [AutoHiding] Hiding 1/2 items for tag '#c:silver_nuggets' -> [mythicmetals:silver_nugget]
[17:26:08] [Render thread/INFO]: [AutoHiding] Hiding 1/2 items for tag '#c:tin_ingots' -> [mythicmetals:tin_ingot]
[17:26:08] [Render thread/INFO]: [AutoHiding] Hiding 1/2 items for tag '#c:steel_ingots' -> [mythicmetals:steel_ingot]
[17:26:08] [Render thread/INFO]: [AutoHiding] Hiding 1/2 items for tag '#c:steel_nuggets' -> [mythicmetals:steel_nugget]
[17:26:08] [Render thread/INFO]: Ingredients are being removed at runtime: 25 net.minecraft.class_1799
[17:26:08] [Render thread/INFO]: Sending Runtime: almostunified:jei took 68.02 milliseconds
[17:26:08] [Render thread/INFO]: Ingredients are being removed at runtime: 1 mezz.jei.api.fabric.ingredients.fluids.IJeiFluidIngredient
[17:26:08] [Render thread/INFO]: Ingredients are being removed at runtime: 1 net.minecraft.class_1799
[17:26:08] [Render thread/INFO]: Ingredients are being removed at runtime: 1 mezz.jei.api.fabric.ingredients.fluids.IJeiFluidIngredient
[17:26:08] [Render thread/INFO]: Ingredients are being removed at runtime: 1 net.minecraft.class_1799
[17:26:08] [Render thread/INFO]: Ingredients are being removed at runtime: 1 mezz.jei.api.fabric.ingredients.fluids.IJeiFluidIngredient
[17:26:08] [Render thread/INFO]: Ingredients are being removed at runtime: 1 net.minecraft.class_1799
[17:26:08] [Render thread/INFO]: Ingredients are being removed at runtime: 1 mezz.jei.api.fabric.ingredients.fluids.IJeiFluidIngredient
[17:26:08] [Render thread/INFO]: Ingredients are being removed at runtime: 1 net.minecraft.class_1799
[17:26:08] [Render thread/INFO]: Ingredients are being removed at runtime: 1 mezz.jei.api.fabric.ingredients.fluids.IJeiFluidIngredient
[17:26:08] [Render thread/INFO]: Ingredients are being removed at runtime: 1 net.minecraft.class_1799
[17:26:08] [Render thread/INFO]: Ingredients are being removed at runtime: 1 mezz.jei.api.fabric.ingredients.fluids.IJeiFluidIngredient
[17:26:08] [Render thread/INFO]: Ingredients are being removed at runtime: 1 net.minecraft.class_1799
[17:26:08] [Render thread/INFO]: Ingredients are being removed at runtime: 1 mezz.jei.api.fabric.ingredients.fluids.IJeiFluidIngredient
[17:26:08] [Render thread/INFO]: Ingredients are being removed at runtime: 1 net.minecraft.class_1799
[17:26:08] [Render thread/INFO]: Ingredients are being removed at runtime: 1 mezz.jei.api.fabric.ingredients.fluids.IJeiFluidIngredient
[17:26:08] [Render thread/INFO]: Ingredients are being removed at runtime: 1 net.minecraft.class_1799
[17:26:08] [Render thread/INFO]: Ingredients are being removed at runtime: 1 mezz.jei.api.fabric.ingredients.fluids.IJeiFluidIngredient
[17:26:08] [Render thread/INFO]: Ingredients are being removed at runtime: 1 net.minecraft.class_1799
[17:26:08] [Render thread/INFO]: Ingredients are being removed at runtime: 1 mezz.jei.api.fabric.ingredients.fluids.IJeiFluidIngredient
[17:26:08] [Render thread/INFO]: Ingredients are being removed at runtime: 1 net.minecraft.class_1799
[17:26:08] [Render thread/INFO]: Ingredients are being removed at runtime: 1 mezz.jei.api.fabric.ingredients.fluids.IJeiFluidIngredient
[17:26:08] [Render thread/INFO]: Ingredients are being removed at runtime: 1 net.minecraft.class_1799
[17:26:08] [Render thread/INFO]: Ingredients are being removed at runtime: 1 mezz.jei.api.fabric.ingredients.fluids.IJeiFluidIngredient
[17:26:08] [Render thread/INFO]: Ingredients are being removed at runtime: 1 net.minecraft.class_1799
[17:26:08] [Render thread/INFO]: Ingredients are being removed at runtime: 3 net.minecraft.class_1799
[17:26:08] [Render thread/INFO]: Ingredients are being removed at runtime: 3 net.minecraft.class_1799
[17:26:08] [Render thread/INFO]: Ingredients are being removed at runtime: 3 net.minecraft.class_1799
[17:26:08] [Render thread/INFO]: Ingredients are being removed at runtime: 3 net.minecraft.class_1799
[17:26:08] [Render thread/INFO]: Sending Runtime: tconstruct:jei_plugin took 54.56 milliseconds
[17:26:08] [Render thread/INFO]: Sending Runtime took 124.7 ms
[17:26:08] [Render thread/INFO]: Starting JEI took 50.83 s
[17:26:09] [Render thread/INFO]: Starting Levelable Registry!
[17:26:09] [Render thread/INFO]: Levelable Registry has finished!
[17:26:09] [Render thread/INFO]: Starting Mob Death Levels Registry!
[17:26:09] [Render thread/INFO]: Mob XP Registry has finished!
[17:26:09] [Render thread/INFO]: Minimap updated server level id: 1816265491 for world ResourceKey[minecraft:dimension / minecraft:overworld]
[17:26:10] [Render thread/INFO]: Mixing client.MixinGuiMessageTag from mixins/common/nochatreports.mixins.json into net.minecraft.class_7591
[17:26:10] [Render thread/INFO]: [CHAT] MashiroLiliac has made the advancement [Modern Industrialization]
[17:26:10] [Render thread/INFO]: Loaded 137 advancements
[17:26:10] [Render thread/INFO]: BookContentResourceListenerLoader: Files found in 764.2 ?s
[17:26:10] [Render thread/INFO]: BookContentResourceListenerLoader: Files found in 977.2 ?s
[17:26:10] [Render thread/INFO]: BookContentResourceListenerLoader: Files found in 727.1 ?s
[17:26:10] [Render thread/INFO]: [CHAT] 'Nether Weather' (v1.1.2_backport)* was successfully loaded in.
[17:26:10] [Render thread/WARN]: Unable to play empty soundEvent: minecraft:entity.tropical_fish.ambient
[17:26:10] [Render thread/INFO]: Loaded 151 advancements
[17:26:10] [Render thread/WARN]: Unable to play empty soundEvent: minecraft:entity.puffer_fish.ambient
[17:26:12] [Render thread/INFO]: [CHAT] \n\n§7>> §f [§d§lOre Plus §a§l§nx2§r§f] loaded successfully
[17:26:12] [Render thread/INFO]: [CHAT] §7>> §fIncreasing the quantity of vanilla ore generation §f[§b§nSpecifics§r§f]
[17:26:12] [Render thread/INFO]: [CHAT] §7>> §fMade by §dwen_wen
[17:26:12] [Render thread/INFO]: [CHAT] \n§7Data Pack Version §f: 2.15.41.2 §7(Build : 5§7) 
[17:26:12] [Render thread/INFO]: [CHAT] §7For Minecraft §f: 1.20§f - 1.20.6
[17:26:12] [Render thread/INFO]: [CHAT] §7Update §f: 01/20/2025
[17:26:12] [Render thread/INFO]: [CHAT] §f[§b§nOpen Source Project§r§f]\n\n
[17:26:13] [Render thread/WARN]: Time from main menu to in-game was 916.1734 seconds
[17:26:13] [Render thread/WARN]: Total time to load game and open world was 1038.7314 seconds
[17:26:13] [Server thread/INFO]: Saving and pausing game...
[17:26:14] [Server thread/INFO]: Saving chunks for level 'ServerLevel[New World]'/minecraft:overworld
[17:26:19] [Server thread/INFO]: Saving chunks for level 'ServerLevel[New World]'/minecraft:the_end
[17:26:19] [Server thread/INFO]: Saving chunks for level 'ServerLevel[New World]'/minecraft:the_nether
[17:26:24] [Server thread/INFO]: Saving and pausing game...
[17:26:25] [Server thread/INFO]: Saving chunks for level 'ServerLevel[New World]'/minecraft:overworld
[17:26:29] [Server thread/INFO]: Saving chunks for level 'ServerLevel[New World]'/minecraft:the_end
[17:26:29] [Server thread/INFO]: Saving chunks for level 'ServerLevel[New World]'/minecraft:the_nether
[17:26:42] [Render thread/INFO]: Exception when loading earth-and-water:oxygen_bubble texture, using material colour.
[17:26:42] [Render thread/INFO]: Black texture 16
[17:27:27] [Server thread/INFO]: Saving and pausing game...
[17:27:28] [Server thread/INFO]: Saving chunks for level 'ServerLevel[New World]'/minecraft:overworld
[17:27:33] [Server thread/INFO]: Saving chunks for level 'ServerLevel[New World]'/minecraft:the_end
[17:27:33] [Server thread/INFO]: Saving chunks for level 'ServerLevel[New World]'/minecraft:the_nether
[17:27:33] [Server thread/WARN]: Can't keep up! Is the server overloaded? Running 143312ms or 2866 ticks behind
[17:27:53] [Server thread/WARN]: Can't keep up! Is the server overloaded? Running 2084ms or 41 ticks behind
[17:29:02] [Server thread/WARN]: Can't keep up! Is the server overloaded? Running 54245ms or 1084 ticks behind
[17:29:09] [Render thread/WARN]: Unable to play empty soundEvent: minecraft:entity.salmon.ambient
[17:29:12] [Server thread/INFO]: MashiroLiliac has made the advancement [Hybrid Aquatic]
[17:29:12] [Render thread/INFO]: [CHAT] MashiroLiliac has made the advancement [Hybrid Aquatic]
[17:29:33] [Server thread/WARN]: Can't keep up! Is the server overloaded? Running 16373ms or 327 ticks behind
[17:29:37] [Server thread/INFO]: MashiroLiliac lost connection: Disconnected
[17:29:37] [Server thread/INFO]: MashiroLiliac left the game
[17:29:38] [Server thread/INFO]: Stopping singleplayer server as player logged out
[17:29:38] [Server thread/INFO]: Stopping server
[17:29:38] [Server thread/INFO]: Saving players
[17:29:38] [Server thread/INFO]: Saving worlds
[17:29:43] [Render thread/INFO]: Xaero hud session finalized.
[17:29:43] [Render thread/INFO]: Finalizing world map session...
[17:29:43] [Thread-13/INFO]: World map force-cleaned!
[17:29:43] [Render thread/INFO]: World map session finalized.
[17:29:43] [Render thread/INFO]: Stopping JEI
[17:29:43] [Render thread/INFO]: Stopping JEI
[17:29:43] [Render thread/INFO]: Sending Runtime Unavailable...
[17:29:43] [Render thread/INFO]: Stopping JEI GUI
[17:29:43] [Render thread/INFO]: Sending Runtime Unavailable took 21.19 ms
[17:29:43] [Render thread/INFO]: [FastQuit] Disconnected "New World" from the client.
[17:29:43] [Render thread/INFO]: Stopping worker threads
[17:29:44] [Render thread/INFO]: [ETF]: emissive suffixes loaded: [_e]
